mol,uniprot,swiss,fgp,plato,pharmapper,n,consensus
1-Androstenediol,P18405,0.320218721084,,,,1,0.320218721084
1-Androstenediol,P31213,0.320218721084,,0.34793187347931875,,2,0.3368466125211913
1-Androstenediol,P10275,0.320218721084,0.898,0.7883211678832117,0.7881232919851772,4,0.7330585883795401
1-Androstenediol,P11511,0.320218721084,0.13,0.708029197080292,0.649294147303848,4,0.4193466254364648
1-Androstenediol,P08235,0.320218721084,,0.34306569343065696,0.771235379273378,3,0.43484424482615974
1-Androstenediol,P04150,0.320218721084,,0.3536090835360909,,2,0.3402529385552545
1-Androstenediol,P06401,0.320218721084,,0.4274128142741282,0.6192412580628253,3,0.43869811878224957
1-Androstenediol,P08185,0.320218721084,,0.6982968369829683,,2,0.547065590623381
1-Androstenediol,Q99720,0.320218721084,,,,1,0.320218721084
1-Androstenediol,P04278,0.320218721084,,0.7834549878345499,,2,0.59816048113433
1-Androstenediol,O75469,0.320218721084,,0.36415247364152475,,2,0.3465789726185149
1-Androstenediol,P05093,0.320218721084,,0.5393349553933495,,2,0.45168846166960974
1-Androstenediol,P37058,0.320218721084,,,,1,0.320218721084
1-Androstenediol,P07148,0.320218721084,,,,1,0.320218721084
1-Androstenediol,Q14994,0.180252493891,,0.44525547445255476,0.5741393605600411,3,0.3934585310738039
1-Androstenediol,Q9UHC9,0.106099949133,,0.49391727493917276,,2,0.33879034461670365
1-Androstenediol,P51681,0.106099949133,,,,1,0.106099949133
1-Androstenediol,Q01959,0.106099949133,0.42800000000000005,,,2,0.31094543604836367
1-Androstenediol,P0DMS8,0.106099949133,,,,1,0.106099949133
1-Androstenediol,P27361,0.106099949133,0.132,,,2,0.12258179968472725
1-Androstenediol,P30304,0.106099949133,,,,1,0.106099949133
1-Androstenediol,P07339,0.0978745343258,0.33999999999999997,,,2,0.2519543761184727
1-Androstenediol,O14684,0.0978745343258,,,,1,0.09787453432580001
1-Androstenediol,O75762,0.0978745343258,,,,1,0.09787453432580001
1-Androstenediol,P03372,0.0978745343258,0.642,0.6707218167072181,,3,0.5241075904439123
1-Androstenediol,Q92731,0.0978745343258,0.882,0.667477696674777,0.6442452757528141,4,0.6251550072305152
1-Androstenediol,P80365,0.0978745343258,,,,1,0.09787453432580001
1-Androstenediol,P28845,0.0978745343258,,0.4444444444444445,,2,0.30581648039698667
1-Androstenediol,P35228,0.0978745343258,,0.29764801297648014,,2,0.21773862151620807
1-Androstenediol,P24723,0.0978745343258,,,,1,0.09787453432580001
1-Androstenediol,Q06124,0.0978745343258,0.806,,,2,0.5484998306639273
1-Androstenediol,O60218,0.0978745343258,,0.32684509326845096,,2,0.23525686969139056
1-Androstenediol,P23219,0.0978745343258,0.344,,,2,0.25449983066392723
1-Androstenediol,P06276,0.0978745343258,0.562,0.5644768856447688,,3,0.4536682030101067
1-Androstenediol,P09917,0.0978745343258,0.382,,,2,0.2786816488457454
1-Androstenediol,P18031,0.0978745343258,,0.5020275750202757,,2,0.34036635874248544
1-Androstenediol,P17706,0.0978745343258,,,,1,0.09787453432580001
1-Androstenediol,P56817,0.0978745343258,0.078,,0.7213759403804424,3,0.22154471131746625
1-Androstenediol,O00519,0.0978745343258,,,,1,0.09787453432580001
1-Androstenediol,Q8NER1,0.0978745343258,,,,1,0.09787453432580001
1-Androstenediol,P35398,0.0978745343258,,0.42497972424979724,,2,0.29413764828019834
1-Androstenediol,P49354 P49356,0.0978745343258,,,,1,0.09787453432580001
1-Androstenediol,P31645,0.0978745343258,0.388,,,2,0.28249983066392725
1-Androstenediol,P37268,0.0978745343258,,,,1,0.09787453432580001
1-Androstenediol,P23141,0.0978745343258,,,,1,0.09787453432580001
1-Androstenediol,O00748,0.0978745343258,,,,1,0.09787453432580001
1-Androstenediol,P29350,0.0978745343258,,,,1,0.09787453432580001
1-Androstenediol,P14902,0.0978745343258,,,,1,0.09787453432580001
1-Androstenediol,Q13133,0.0,,0.43146796431467965,,2,0.25888077858880776
1-Androstenediol,P04035,0.0,,0.35523114355231145,,2,0.21313868613138687
1-Androstenediol,P11413,0.0,,0.3974047039740471,,2,0.23844282238442824
1-Androstenediol,Q16850,0.0,,,,1,0.0
1-Androstenediol,P06746,0.0,,0.3592862935928629,,2,0.21557177615571774
1-Androstenediol,P48147,0.0,0.128,,,2,0.08145454545454545
1-Androstenediol,P01375,0.0,,,,1,0.0
1-Androstenediol,P15090,0.0,,,,1,0.0
1-Androstenediol,P21554,0.0,,,,1,0.0
1-Androstenediol,P37231,0.0,0.122,,0.3255852380597085,3,0.13076826529850896
1-Androstenediol,Q07869,0.0,0.40199999999999997,,,2,0.2558181818181818
1-Androstenediol,O14746,0.0,,,,1,0.0
1-Androstenediol,P05413,0.0,,,,1,0.0
1-Androstenediol,Q01469,0.0,,,,1,0.0
1-Androstenediol,Q03181,0.0,0.608,,,2,0.38690909090909087
1-Androstenediol,P30305,0.0,,,,1,0.0
1-Androstenediol,P51449,0.0,,0.49635036496350365,,2,0.29781021897810217
1-Androstenediol,Q08499,0.0,0.5980000000000001,,,2,0.3805454545454545
1-Androstenediol,P10586,0.0,,,,1,0.0
1-Androstenediol,P04054,0.0,,,,1,0.0
1-Androstenediol,P24666,0.0,,,,1,0.0
1-Androstenediol,P05231,0.0,,,,1,0.0
1-Androstenediol,P78536,0.0,,,,1,0.0
1-Androstenediol,P16662,0.0,,0.3284671532846715,,2,0.1970802919708029
1-Androstenediol,P15104,0.0,,,,1,0.0
1-Androstenediol,Q8TDU6,0.0,,0.5474452554744526,,2,0.3284671532846715
1-Androstenediol,O00767,0.0,,,,1,0.0
1-Androstenediol,P37059,0.0,,,,1,0.0
1-Androstenediol,P11388,0.0,0.33399999999999996,0.36739659367396593,,3,0.26719879776728206
1-Androstenediol,P53350,0.0,0.294,,,2,0.18709090909090906
1-Androstenediol,P11387,0.0,0.096,,,2,0.061090909090909085
1-Androstenediol,P54707,0.0,,0.31630170316301703,,2,0.1897810218978102
1-Androstenediol,P33261,0.0,,0.32441200324412,,2,0.194647201946472
1-Androstenediol,P42330,0.0,,,0.6275129415552928,2,0.26893411780941123
1-Androstenediol,P52895,0.0,,,0.7669913596045003,2,0.32871058268764297
1-Androstenediol,Q04828,0.0,,,0.46759448747963245,2,0.20039763749127107
1-Androstenediol,P10070,0.0,,,,1,0.0
1-Androstenediol,P08151,0.0,,,,1,0.0
1-Androstenediol,P60033,0.0,,,,1,0.0
1-Androstenediol,P35354,0.0,0.346,,,2,0.22018181818181815
1-Androstenediol,P43116,0.0,,,,1,0.0
1-Androstenediol,O14842,0.0,,,,1,0.0
1-Androstenediol,P34995,0.0,,,,1,0.0
1-Androstenediol,P43119,0.0,,,,1,0.0
1-Androstenediol,P34949,0.0,,,,1,0.0
1-Androstenediol,P08172,0.0,0.8480000000000001,,,2,0.5396363636363636
1-Androstenediol,P22303,0.0,0.07,0.5644768856447688,,3,0.2280506655216831
1-Androstenediol,P23975,0.0,0.594,,,2,0.37799999999999995
1-Androstenediol,P09884,0.0,,,,1,0.0
1-Androstenediol,P47712,0.0,,,,1,0.0
1-Androstenediol,Q9UJM8,0.0,,,,1,0.0
1-Androstenediol,P20701,0.0,,,,1,0.0
1-Androstenedione,P18405,0.0,,0.7623682076236821,,2,0.45742092457420924
1-Androstenedione,P31213,0.0,,0.7769667477696675,,2,0.46618004866180046
1-Androstenedione,P10275,0.0,0.6799999999999999,0.7331711273317113,0.7576557700476942,4,0.5715997037066675
1-Androstenedione,P11511,0.0,0.8939999999999999,0.7429034874290349,0.7880715220213198,4,0.6539817745319084
1-Androstenedione,P08235,0.0,,0.6277372262773723,0.8326185117263749,3,0.48186760714179677
1-Androstenedione,P04150,0.0,,0.6690997566909975,,2,0.4014598540145985
1-Androstenedione,P06401,0.0,,0.6528791565287916,0.6085575550308404,3,0.44176520032809774
1-Androstenedione,P08185,0.0,,0.7104622871046229,,2,0.42627737226277373
1-Androstenedione,Q99720,0.0,,0.6504460665044606,,2,0.3902676399026763
1-Androstenedione,P04278,0.0,,0.7104622871046229,,2,0.42627737226277373
1-Androstenedione,O75469,0.0,,0.5644768856447688,,2,0.33868613138686127
1-Androstenedione,P05093,0.0,,0.6496350364963503,,2,0.3897810218978102
1-Androstenedione,P37058,0.0,,0.7104622871046229,,2,0.42627737226277373
1-Androstenedione,P07148,0.0,,0.605028386050284,,2,0.36301703163017035
1-Androstenedione,Q14994,0.0,,,,1,0.0
1-Androstenedione,Q9UHC9,0.0,,,,1,0.0
1-Androstenedione,P51681,0.0,,,,1,0.0
1-Androstenedione,Q01959,0.0,0.42400000000000004,,,2,0.2698181818181818
1-Androstenedione,P0DMS8,0.0,,,,1,0.0
1-Androstenedione,P27361,0.0,0.12200000000000003,,,2,0.07763636363636364
1-Androstenedione,P30304,0.0,,,,1,0.0
1-Androstenedione,P07339,0.0,0.624,0.2806163828061638,,3,0.35598225275511663
1-Androstenedione,O14684,0.0,,,,1,0.0
1-Androstenedione,O75762,0.0,,,,1,0.0
1-Androstenedione,P03372,0.0,0.5660000000000001,0.5660989456609895,,3,0.432858451409761
1-Androstenedione,Q92731,0.0,0.8320000000000001,0.2846715328467153,0.803950417764177,4,0.49719402251864114
1-Androstenedione,P80365,0.0,,,,1,0.0
1-Androstenedione,P28845,0.0,,0.2506082725060827,,2,0.1503649635036496
1-Androstenedione,P35228,0.0,,,,1,0.0
1-Androstenedione,P24723,0.0,,,,1,0.0
1-Androstenedione,Q06124,0.0,0.584,,,2,0.37163636363636354
1-Androstenedione,O60218,0.0,,,,1,0.0
1-Androstenedione,P23219,0.0,0.124,,,2,0.07890909090909089
1-Androstenedione,P06276,0.0,0.378,,,2,0.24054545454545453
1-Androstenedione,P09917,0.0,0.5860000000000001,,,2,0.3729090909090909
1-Androstenedione,P18031,0.0,,0.37064071370640717,,2,0.2223844282238443
1-Androstenedione,P17706,0.0,,,,1,0.0
1-Androstenedione,P56817,0.0,0.314,,0.47277096554483733,3,0.25830806404532225
1-Androstenedione,O00519,0.0,,,,1,0.0
1-Androstenedione,Q8NER1,0.0,,,,1,0.0
1-Androstenedione,P35398,0.0,,,,1,0.0
1-Androstenedione,P49354 P49356,0.0,,,,1,0.0
1-Androstenedione,P31645,0.0,0.422,0.27007299270072993,,3,0.2690845856590811
1-Androstenedione,P37268,0.0,,,,1,0.0
1-Androstenedione,P23141,0.0,,,,1,0.0
1-Androstenedione,O00748,0.0,,0.2871046228710462,,2,0.17226277372262772
1-Androstenedione,P29350,0.0,,,,1,0.0
1-Androstenedione,P14902,0.0,,,,1,0.0
1-Androstenedione,Q13133,0.0,,,,1,0.0
1-Androstenedione,P04035,0.0,,,,1,0.0
1-Androstenedione,P11413,0.0,,0.33414436334144365,,2,0.2004866180048662
1-Androstenedione,Q16850,0.0,,0.33738848337388483,,2,0.20243309002433088
1-Androstenedione,P06746,0.0,,,,1,0.0
1-Androstenedione,P48147,0.0,0.352,,,2,0.22399999999999998
1-Androstenedione,P01375,0.0,,,,1,0.0
1-Androstenedione,P15090,0.0,,,,1,0.0
1-Androstenedione,P21554,0.0,,,,1,0.0
1-Androstenedione,P37231,0.0,0.31399999999999995,0.5644768856447688,0.7609454673304883,4,0.39338488579300385
1-Androstenedione,Q07869,0.0,0.21799999999999997,0.5644768856447688,,3,0.2889918419922713
1-Androstenedione,O14746,0.0,,,,1,0.0
1-Androstenedione,P05413,0.0,,,,1,0.0
1-Androstenedione,Q01469,0.0,,,,1,0.0
1-Androstenedione,Q03181,0.0,0.39,,,2,0.24818181818181814
1-Androstenedione,P30305,0.0,,,,1,0.0
1-Androstenedione,P51449,0.0,,,,1,0.0
1-Androstenedione,Q08499,0.0,0.5780000000000001,,,2,0.3678181818181818
1-Androstenedione,P10586,0.0,,,,1,0.0
1-Androstenedione,P04054,0.0,,,,1,0.0
1-Androstenedione,P24666,0.0,,,,1,0.0
1-Androstenedione,P05231,0.0,,,,1,0.0
1-Androstenedione,P78536,0.0,,,,1,0.0
1-Androstenedione,P16662,0.0,,,,1,0.0
1-Androstenedione,P15104,0.0,,,,1,0.0
1-Androstenedione,Q8TDU6,0.0,,0.6707218167072181,,2,0.40243309002433086
1-Androstenedione,O00767,0.0,,,,1,0.0
1-Androstenedione,P37059,0.0,,,,1,0.0
1-Androstenedione,P11388,0.0,0.514,,,2,0.3270909090909091
1-Androstenedione,P53350,0.0,0.266,,,2,0.16927272727272727
1-Androstenedione,P11387,0.0,0.08600000000000001,,,2,0.05472727272727273
1-Androstenedione,P54707,0.0,,,,1,0.0
1-Androstenedione,P33261,0.0,,0.33495539334955393,,2,0.20097323600973235
1-Androstenedione,P42330,0.0,,,0.723651265515064,2,0.31013625664931316
1-Androstenedione,P52895,0.0,,,0.6463062415555907,2,0.2769883892381103
1-Androstenedione,Q04828,0.0,,,0.3438513324007189,2,0.14736485674316527
1-Androstenedione,P10070,0.0,,,,1,0.0
1-Androstenedione,P08151,0.0,,,,1,0.0
1-Androstenedione,P60033,0.0,,,,1,0.0
1-Androstenedione,P35354,0.0,0.5940000000000001,,,2,0.378
1-Androstenedione,P43116,0.0,,,,1,0.0
1-Androstenedione,O14842,0.0,,,,1,0.0
1-Androstenedione,P34995,0.0,,,,1,0.0
1-Androstenedione,P43119,0.0,,,,1,0.0
1-Androstenedione,P34949,0.0,,,,1,0.0
1-Androstenedione,P08172,0.0,0.834,,,2,0.5307272727272727
1-Androstenedione,P22303,0.0,0.10800000000000001,,,2,0.06872727272727272
1-Androstenedione,P23975,0.0,0.666,,,2,0.42381818181818176
1-Androstenedione,P09884,0.0,,,,1,0.0
1-Androstenedione,P47712,0.0,,,,1,0.0
1-Androstenedione,Q9UJM8,0.0,,,,1,0.0
1-Androstenedione,P20701,0.0,,,,1,0.0
1-Androsterone,P11511,1.0,0.674,0.8929440389294404,0.3580481100782974,4,0.7574904281905767
1-Androsterone,P04278,0.377919697642,,0.8548256285482564,,2,0.6640632561857538
1-Androsterone,P08185,0.361228277245,,0.8499594484995945,,2,0.6544669799977567
1-Androsterone,P11413,0.270836923428,,0.8499594484995945,,2,0.6183104384709567
1-Androsterone,P04150,0.246150751368,,0.726682887266829,,2,0.5344700329072973
1-Androsterone,P10275,0.246150751368,0.6699999999999999,0.8645579886455799,0.8172610597400378,4,0.6656867058282795
1-Androsterone,Q92731,0.147256737367,0.6,0.6820762368207623,0.4811252982666746,4,0.5162430132596298
1-Androsterone,Q99720,0.122581769115,,0.7145174371451745,,2,0.47774316993310467
1-Androsterone,P49354 P49356,0.114337558605,,,,1,0.11433755860500001
1-Androsterone,P31213,0.114337558605,,0.5068937550689375,,2,0.34987127648336247
1-Androsterone,O14684,0.114337558605,,,,1,0.11433755860500001
1-Androsterone,P05093,0.106099949133,,0.6577453365774533,,2,0.43708718159967197
1-Androsterone,Q16850,0.106099949133,,0.586374695863747,,2,0.3942647971714482
1-Androsterone,Q13133,0.106099949133,,0.5555555555555555,,2,0.37577331298653327
1-Androsterone,P29350,0.106099949133,,,,1,0.106099949133
1-Androsterone,P17706,0.106099949133,,,,1,0.106099949133
1-Androsterone,P04035,0.106099949133,,0.5085158150851582,,2,0.34754946870429493
1-Androsterone,P06746,0.106099949133,,,,1,0.106099949133
1-Androsterone,Q15722,0.106099949133,,,,1,0.106099949133
1-Androsterone,P03372,0.0978745343258,0.542,0.6804541768045418,,3,0.48636607047826186
1-Androsterone,P48147,0.0978745343258,0.358,,,2,0.26340892157301815
1-Androsterone,Q07869,0.0978745343258,0.394,,,2,0.2863180124821091
1-Androsterone,Q03181,0.0978745343258,0.394,,,2,0.2863180124821091
1-Androsterone,P35228,0.0978745343258,,,,1,0.09787453432580001
1-Androsterone,P15090,0.0978745343258,,,,1,0.09787453432580001
1-Androsterone,O00519,0.0978745343258,,,,1,0.09787453432580001
1-Androsterone,O14746,0.0978745343258,,,,1,0.09787453432580001
1-Androsterone,P05413,0.0978745343258,,,,1,0.09787453432580001
1-Androsterone,Q01469,0.0978745343258,,,,1,0.09787453432580001
1-Androsterone,P07148,0.0978745343258,,,,1,0.09787453432580001
1-Androsterone,Q9UHC9,0.0978745343258,,0.5587996755879967,,2,0.374429619083118
1-Androsterone,P51449,0.0978745343258,,,,1,0.09787453432580001
1-Androsterone,P35398,0.0978745343258,,,,1,0.09787453432580001
1-Androsterone,P31645,0.0978745343258,0.40199999999999997,0.4922952149229522,,3,0.3623099662847596
1-Androsterone,P06401,0.0978745343258,,0.7258718572587185,0.7359259604915331,3,0.5349620894100084
1-Androsterone,P80365,0.0978745343258,,0.470397404703974,,2,0.3213882565527044
1-Androsterone,Q06124,0.0978745343258,0.7859999999999999,,,2,0.5357725579366545
1-Androsterone,O00767,0.0978745343258,,,,1,0.09787453432580001
1-Androsterone,O60218,0.0978745343258,,,,1,0.09787453432580001
1-Androsterone,Q08499,0.0978745343258,0.5920000000000001,,,2,0.4123180124821091
1-Androsterone,P10586,0.0978745343258,,,,1,0.09787453432580001
1-Androsterone,P04054,0.0978745343258,,,,1,0.09787453432580001
1-Androsterone,P24666,0.0978745343258,,,,1,0.09787453432580001
1-Androsterone,P28845,0.0978745343258,,0.5579886455798865,,2,0.3739430010782519
1-Androsterone,P34995,0.0978745343258,,,,1,0.09787453432580001
1-Androsterone,P35408,0.0978745343258,,,,1,0.09787453432580001
1-Androsterone,P43116,0.0978745343258,,,,1,0.09787453432580001
1-Androsterone,P43088,0.0978745343258,,,,1,0.09787453432580001
1-Androsterone,P43119,0.0978745343258,,,,1,0.09787453432580001
1-Androsterone,P43115,0.0978745343258,,,,1,0.09787453432580001
1-Androsterone,Q4U2R8,0.0978745343258,,,,1,0.09787453432580001
1-Androsterone,P06276,0.0978745343258,0.364,0.5020275750202757,,3,0.35009785808381494
1-Androsterone,P01375,0.0978745343258,,,,1,0.09787453432580001
1-Androsterone,O00748,0.0978745343258,,0.4339010543390105,,2,0.2994904463337263
1-Androsterone,P11388,0.0978745343258,0.31599999999999995,,,2,0.23668164884574538
1-Androsterone,Q13258,0.0978745343258,,,,1,0.09787453432580001
1-Androsterone,P60033,0.0978745343258,,,,1,0.09787453432580001
1-Androsterone,P22303,0.0978745343258,0.118,0.5020275750202757,,3,0.24880374043675615
1-Androsterone,P18031,0.0978745343258,,0.4395782643957826,,2,0.30289677236778956
1-Androsterone,P30304,0.0978745343258,,0.4395782643957826,,2,0.30289677236778956
1-Androsterone,O14842,0.0978745343258,,,,1,0.09787453432580001
1-Androsterone,P30305,0.0978745343258,,,,1,0.09787453432580001
1-Androsterone,Q14994,0.0978745343258,,,0.4249330113166288,2,0.2380424530361552
1-Androsterone,P11387,0.0978745343258,0.11200000000000002,,,2,0.10686346702756364
1-Androsterone,P33261,0.0978745343258,,0.448499594484996,,2,0.30824957042131756
1-Androsterone,Q12772,0.0978745343258,,,,1,0.09787453432580001
1-Androsterone,Q8NER1,0.0978745343258,,,,1,0.09787453432580001
1-Androsterone,P37268,0.0978745343258,,,,1,0.09787453432580001
1-Androsterone,Q9UBE0 Q9UBT2,0.0978745343258,,,,1,0.09787453432580001
1-Androsterone,P08235,0.0978745343258,,0.6131386861313869,0.5450976072525573,3,0.43889408275763026
1-Androsterone,Q01959,0.0978745343258,0.648,,,2,0.4479543761184727
1-Androsterone,P20701,0.0978745343258,,,,1,0.09787453432580001
1-Androsterone,P23219,0.0978745343258,0.316,,,2,0.23668164884574538
1-Androsterone,P37058,0.0978745343258,,0.5790754257907542,,2,0.38659506920477255
1-Androsterone,P14902,0.0978745343258,,,,1,0.09787453432580001
1-Androsterone,P37231,0.0,0.128,,0.1590157069623299,3,0.0980747943490707
1-Androsterone,P06737,0.0,,,,1,0.0
1-Androsterone,P07339,0.0,0.402,,,2,0.2558181818181818
1-Androsterone,P23141,0.0,,,,1,0.0
1-Androsterone,P0DMS8,0.0,,,,1,0.0
1-Androsterone,P27361,0.0,0.12400000000000003,,,2,0.07890909090909091
1-Androsterone,P21731,0.0,,,,1,0.0
1-Androsterone,P21554,0.0,,,,1,0.0
1-Androsterone,Q96RI1,0.0,,0.5693430656934307,,2,0.34160583941605843
1-Androsterone,P24723,0.0,,,,1,0.0
1-Androsterone,O75469,0.0,,,,1,0.0
1-Androsterone,Q14534,0.0,,,,1,0.0
1-Androsterone,Q9NQR1,0.0,,,,1,0.0
1-Androsterone,P18405,0.0,,,,1,0.0
1-Androsterone,P54707,0.0,,,,1,0.0
1-Androsterone,P56817,0.0,0.08,,0.3406931134030456,3,0.11300566715779548
1-Androsterone,P10721,0.0,,,,1,0.0
1-Androsterone,P36888,0.0,0.806,,,2,0.5129090909090909
1-Androsterone,P35968,0.0,0.12000000000000002,,0.6611806441625409,3,0.20168156660625877
1-Androsterone,O60674,0.0,0.362,,,2,0.2303636363636363
1-Androsterone,P11473,0.0,,,,1,0.0
1-Androsterone,P23975,0.0,0.6479999999999999,,,2,0.4123636363636362
1-Androsterone,P04181,0.0,,,,1,0.0
1-Androsterone,P08172,0.0,0.6559999999999999,,,2,0.4174545454545453
1-Androsterone,Q12809,0.0,0.30400000000000005,,,2,0.19345454545454546
1-Epiandrosterone,P11413,1.0,,1.0,,2,1.0
1-Epiandrosterone,P08185,1.0,,1.0,,2,1.0
1-Epiandrosterone,P04278,1.0,,1.0,,2,1.0
1-Epiandrosterone,P37058,0.999621429154,,1.0,,2,0.9998485716616
1-Epiandrosterone,P11511,0.906314705411,0.648,0.9278183292781832,0.655424750081742,4,0.7847221523779162
1-Epiandrosterone,P10275,0.906314705411,0.8859999999999999,1.0,0.7298772728694914,4,0.9008445320126236
1-Epiandrosterone,Q9UBS5,0.559164811121,,,,1,0.559164811121
1-Epiandrosterone,P11473,0.204881979723,,0.6220600162206001,,2,0.4551888016215601
1-Epiandrosterone,Q9UHC9,0.204881979723,,0.8126520681265207,,2,0.5695440327651125
1-Epiandrosterone,Q8TDU6,0.204881979723,,1.0,,2,0.6819527918892
1-Epiandrosterone,O60218,0.204881979723,,0.5579886455798865,,2,0.4167459792371319
1-Epiandrosterone,P28845,0.180252493891,,0.6820762368207623,,2,0.48134673964885744
1-Epiandrosterone,P30304,0.155528102326,,0.5839416058394161,,2,0.41257620443404963
1-Epiandrosterone,P47869 P47870 P18507,0.155528102326,,0.7948094079480942,,2,0.5390968856992565
1-Epiandrosterone,P16662,0.130791955177,,0.4468775344687753,,2,0.32044330275206523
1-Epiandrosterone,Q96RI1,0.122581769115,,0.7210056772100568,,2,0.48163611397203404
1-Epiandrosterone,P15090,0.114337558605,,,,1,0.11433755860500001
1-Epiandrosterone,Q07869,0.114337558605,0.364,,,2,0.2732136576745454
1-Epiandrosterone,P05413,0.114337558605,,,,1,0.11433755860500001
1-Epiandrosterone,Q01469,0.114337558605,,,,1,0.11433755860500001
1-Epiandrosterone,Q03181,0.114337558605,0.5980000000000001,,,2,0.4221227485836364
1-Epiandrosterone,O14842,0.114337558605,,,,1,0.11433755860500001
1-Epiandrosterone,P12104,0.114337558605,,,,1,0.11433755860500001
1-Epiandrosterone,P06746,0.114337558605,,0.6155717761557178,,2,0.41507808913543065
1-Epiandrosterone,Q92731,0.114337558605,0.8,0.6407137064071371,0.553032281213337,4,0.5780364658251417
1-Epiandrosterone,Q4U2R8,0.106099949133,,,,1,0.106099949133
1-Epiandrosterone,P49354 P49356,0.0978745343258,,0.5879967558799676,,2,0.39194786725830055
1-Epiandrosterone,P43116,0.0978745343258,,,,1,0.09787453432580001
1-Epiandrosterone,P43088,0.0978745343258,,,,1,0.09787453432580001
1-Epiandrosterone,Q9Y2K7,0.0978745343258,,,,1,0.09787453432580001
1-Epiandrosterone,Q9UPP1,0.0978745343258,,,,1,0.09787453432580001
1-Epiandrosterone,P41229,0.0978745343258,,,,1,0.09787453432580001
1-Epiandrosterone,P80365,0.0978745343258,,0.6618004866180048,,2,0.4362301057011229
1-Epiandrosterone,Q14994,0.0978745343258,,0.6382806163828061,,2,0.42211818356000363
1-Epiandrosterone,O75419,0.0978745343258,,,,1,0.09787453432580001
1-Epiandrosterone,P08575,0.0978745343258,,,,1,0.09787453432580001
1-Epiandrosterone,P18405,0.0978745343258,,,,1,0.09787453432580001
1-Epiandrosterone,Q8NER1,0.0978745343258,,,,1,0.09787453432580001
1-Epiandrosterone,P03372,0.0978745343258,0.33399999999999996,0.6407137064071371,,3,0.3866929632791778
1-Epiandrosterone,P00747,0.0978745343258,0.5660000000000001,,,2,0.3957725579366545
1-Epiandrosterone,Q9UJM8,0.0978745343258,,,,1,0.09787453432580001
1-Epiandrosterone,Q9UBE0 Q9UBT2,0.0978745343258,,,,1,0.09787453432580001
1-Epiandrosterone,P34913,0.0978745343258,0.516,,,2,0.36395437611847264
1-Epiandrosterone,P30305,0.0978745343258,,0.5685320356853203,,2,0.38026903514151217
1-Epiandrosterone,Q12809,0.0978745343258,0.178,,,2,0.14886346702756362
1-Epiandrosterone,Q15465,0.0978745343258,,,,1,0.09787453432580001
1-Epiandrosterone,P04150,0.0978745343258,,0.8223844282238443,,2,0.5325804706646265
1-Epiandrosterone,Q99720,0.0978745343258,,0.45742092457420924,,2,0.3136023684748455
1-Epiandrosterone,P54289,0.0978745343258,,,,1,0.09787453432580001
1-Epiandrosterone,P21730,0.0978745343258,,,,1,0.09787453432580001
1-Epiandrosterone,Q7Z2W7,0.0978745343258,,,,1,0.09787453432580001
1-Epiandrosterone,P48065,0.0,,,,1,0.0
1-Epiandrosterone,Q9Y2Q3,0.0,,,,1,0.0
1-Epiandrosterone,P09960,0.0,,,,1,0.0
1-Epiandrosterone,P06737,0.0,,,,1,0.0
1-Epiandrosterone,P21453,0.0,,,,1,0.0
1-Epiandrosterone,P34972,0.0,,,,1,0.0
1-Epiandrosterone,P04035,0.0,,,,1,0.0
1-Epiandrosterone,P31645,0.0,0.394,,,2,0.2507272727272727
1-Epiandrosterone,P32246,0.0,,,,1,0.0
1-Epiandrosterone,P18031,0.0,,0.7047850770478508,,2,0.42287104622871047
1-Epiandrosterone,P14618,0.0,,,,1,0.0
1-Epiandrosterone,P08254,0.0,,,,1,0.0
1-Epiandrosterone,P05129,0.0,,,,1,0.0
1-Epiandrosterone,P14780,0.0,,,,1,0.0
1-Epiandrosterone,P03956,0.0,,,,1,0.0
1-Epiandrosterone,Q05655,0.0,,,,1,0.0
1-Epiandrosterone,P17252,0.0,,,,1,0.0
1-Epiandrosterone,P05771,0.0,,,,1,0.0
1-Epiandrosterone,Q02156,0.0,,,,1,0.0
1-Epiandrosterone,Q04759,0.0,,,,1,0.0
1-Epiandrosterone,O95267,0.0,,,,1,0.0
1-Epiandrosterone,Q8WWL7 P06493 P14635 O95067,0.0,,,,1,0.0
1-Epiandrosterone,P49841,0.0,0.152,,0.46883619863982023,3,0.1764648997085329
1-Epiandrosterone,P06493,0.0,,,,1,0.0
1-Epiandrosterone,Q16572,0.0,,,,1,0.0
1-Epiandrosterone,P05093,0.0,,0.45012165450121655,,2,0.27007299270072993
1-Epiandrosterone,O14684,0.0,,,,1,0.0
1-Epiandrosterone,P23141,0.0,,,,1,0.0
1-Epiandrosterone,O60674,0.0,0.332,,,2,0.21127272727272725
1-Epiandrosterone,P33261,0.0,,,,1,0.0
1-Epiandrosterone,P49810 Q9NZ42 Q92542 Q96BI3 P49768 Q8WW43,0.0,,,,1,0.0
1-Epiandrosterone,Q16665,0.0,,,,1,0.0
1-Epiandrosterone,P12821,0.0,0.504,,,2,0.3207272727272727
1-Epiandrosterone,P22001,0.0,,,,1,0.0
1-Epiandrosterone,P09884,0.0,,0.5352798053527981,,2,0.32116788321167883
1-Epiandrosterone,P08842,0.0,,,0.7143888190642369,2,0.3061666367418158
1-Epiandrosterone,P14416,0.0,0.61,,,2,0.38818181818181813
1-Epiandrosterone,P42330,0.0,,,0.6889559942064841,2,0.29526685465992175
1-Epiandrosterone,P42785,0.0,,,,1,0.0
1-Epiandrosterone,P35968,0.0,0.16,,0.6577487718277076,3,0.22094616539165163
1-Epiandrosterone,P25116,0.0,,,,1,0.0
1-Epiandrosterone,P31213,0.0,,,,1,0.0
1-Epiandrosterone,Q9UBN7,0.0,,,,1,0.0
1-Epiandrosterone,P08172,0.0,0.8560000000000001,,,2,0.5447272727272727
1-Epiandrosterone,P22303,0.0,0.06799999999999999,0.5879967558799676,,3,0.235528266781165
1-Epiandrosterone,P23975,0.0,0.622,,,2,0.39581818181818174
1-Epiandrosterone,P12955,0.0,,,,1,0.0
1-Epiandrosterone,P14625,0.0,,,,1,0.0
1-Epiandrosterone,O75899 Q9UBS5,0.0,,,,1,0.0
1-Testosterone,P10275,1.0,0.9059999999999999,0.8896999188969993,0.7877857860318177,4,0.9021778435738723
1-Testosterone,P11511,1.0,0.312,0.7826439578264396,0.5958384743208232,4,0.6333689584960553
1-Testosterone,P04150,1.0,,0.778588807785888,,2,0.8671532846715329
1-Testosterone,P08185,1.0,,0.778588807785888,,2,0.8671532846715329
1-Testosterone,Q99720,1.0,,0.7104622871046229,,2,0.8262773722627738
1-Testosterone,P04278,1.0,,0.778588807785888,,2,0.8671532846715329
1-Testosterone,P05093,0.63332626242,,0.6220600162206001,,2,0.6265665147003601
1-Testosterone,Q92731,0.575618920504,0.8940000000000001,0.6642335766423357,0.5359732371462745,4,0.7076898426654419
1-Testosterone,P06401,0.484896362689,,0.778588807785888,0.5618720096451473,3,0.6382103328005208
1-Testosterone,Q9UHC9,0.320218721084,,0.49716139497161393,,2,0.42638432541656834
1-Testosterone,P08235,0.312021838167,,0.635036496350365,0.8978077394185001,3,0.5962868883865915
1-Testosterone,P37058,0.254289911931,,0.3957826439578264,,2,0.3391855511470958
1-Testosterone,P28845,0.221330189598,,0.49878345498783455,,2,0.3878021488319007
1-Testosterone,P31213,0.21312592269,,0.48742903487429035,,2,0.3777077900005742
1-Testosterone,Q01959,0.196657136121,0.5660000000000001,0.45255474452554745,,3,0.4390562948021932
1-Testosterone,P0DMS8,0.196657136121,,0.45255474452554745,,2,0.35019570116372845
1-Testosterone,P27361,0.196657136121,0.128,0.45012165450121655,,3,0.25784461597007646
1-Testosterone,P18405,0.188420385827,,0.4776966747769667,,2,0.36198615919698
1-Testosterone,Q06124,0.163737226168,0.5900000000000001,,,2,0.4349953549701818
1-Testosterone,O60218,0.163737226168,,,,1,0.163737226168
1-Testosterone,P30304,0.147256737367,,,,1,0.147256737367
1-Testosterone,P11413,0.139061946948,,0.5036496350364963,,2,0.3578145598010978
1-Testosterone,P06276,0.139061946948,0.156,0.36739659367396593,,3,0.22662513822563504
1-Testosterone,P17706,0.139061946948,,,,1,0.139061946948
1-Testosterone,P03372,0.130791955177,0.624,0.5150040551500406,,3,0.46948189127107315
1-Testosterone,P35398,0.130791955177,,0.3609083536090835,,2,0.2688617942362501
1-Testosterone,P24723,0.122581769115,,,,1,0.122581769115
1-Testosterone,P31645,0.114337558605,0.404,,,2,0.2986682031290909
1-Testosterone,O14684,0.114337558605,,,,1,0.11433755860500001
1-Testosterone,P07148,0.106099949133,,,,1,0.106099949133
1-Testosterone,P09917,0.106099949133,0.5900000000000001,,,2,0.41403634513927273
1-Testosterone,Q14994,0.106099949133,,,0.5622833201935531,2,0.30160710815895136
1-Testosterone,P23141,0.106099949133,,,,1,0.106099949133
1-Testosterone,P80365,0.106099949133,,0.4906731549067315,,2,0.3368438725972389
1-Testosterone,P29350,0.106099949133,,,,1,0.106099949133
1-Testosterone,P35228,0.106099949133,,,,1,0.106099949133
1-Testosterone,P56817,0.106099949133,0.10600000000000001,,0.6871470405285806,3,0.23056006557983869
1-Testosterone,P18031,0.106099949133,,0.48012976480129765,,2,0.3305178385339786
1-Testosterone,P49354 P49356,0.0978745343258,,,,1,0.09787453432580001
1-Testosterone,Q13133,0.0978745343258,,0.38686131386861317,,2,0.2712666020514879
1-Testosterone,P48147,0.0978745343258,0.326,,,2,0.24304528520938176
1-Testosterone,P15090,0.0978745343258,,,,1,0.09787453432580001
1-Testosterone,Q07869,0.0978745343258,0.426,,,2,0.3066816488457454
1-Testosterone,O14746,0.0978745343258,,,,1,0.09787453432580001
1-Testosterone,P05413,0.0978745343258,,,,1,0.09787453432580001
1-Testosterone,Q01469,0.0978745343258,,,,1,0.09787453432580001
1-Testosterone,Q03181,0.0978745343258,0.6060000000000001,,,2,0.4212271033912
1-Testosterone,P04035,0.0978745343258,,,,1,0.09787453432580001
1-Testosterone,O00767,0.0978745343258,,,,1,0.09787453432580001
1-Testosterone,Q08499,0.0978745343258,0.588,,,2,0.40977255793665446
1-Testosterone,P10586,0.0978745343258,,,,1,0.09787453432580001
1-Testosterone,P04054,0.0978745343258,,,,1,0.09787453432580001
1-Testosterone,P24666,0.0978745343258,,,,1,0.09787453432580001
1-Testosterone,P54707,0.0978745343258,,,,1,0.09787453432580001
1-Testosterone,P01375,0.0978745343258,,,,1,0.09787453432580001
1-Testosterone,P11388,0.0978745343258,0.5399999999999999,,,2,0.3792271033911999
1-Testosterone,P37268,0.0978745343258,,,,1,0.09787453432580001
1-Testosterone,P05231,0.0978745343258,,,,1,0.09787453432580001
1-Testosterone,P78536,0.0978745343258,,,,1,0.09787453432580001
1-Testosterone,P15104,0.0978745343258,,,,1,0.09787453432580001
1-Testosterone,Q8TDU6,0.0978745343258,,0.778588807785888,,2,0.5063030984018528
1-Testosterone,O75469,0.0978745343258,,0.40551500405515006,,2,0.28245881616341006
1-Testosterone,P14902,0.0978745343258,,,,1,0.09787453432580001
1-Testosterone,P60033,0.0978745343258,,,,1,0.09787453432580001
1-Testosterone,Q16850,0.0978745343258,,0.7104622871046229,,2,0.46542718599309374
1-Testosterone,Q8NER1,0.0978745343258,,,,1,0.09787453432580001
1-Testosterone,O00748,0.0978745343258,,,,1,0.09787453432580001
1-Testosterone,O14842,0.0978745343258,,,,1,0.09787453432580001
1-Testosterone,P37231,0.0978745343258,0.32599999999999996,,0.658199310271935,3,0.3320068620085003
1-Testosterone,P23219,0.0978745343258,0.11200000000000002,,,2,0.10686346702756364
1-Testosterone,P52895,0.0978745343258,,,0.7662596147021952,2,0.3843252830585408
1-Testosterone,Q04828,0.0978745343258,,,0.6685552695492976,2,0.3424519922787275
1-Testosterone,P11387,0.0978745343258,0.082,,,2,0.08777255793665455
1-Testosterone,P43116,0.0978745343258,,,,1,0.09787453432580001
1-Testosterone,P33261,0.0978745343258,,0.5044606650446066,,2,0.34182621275708397
1-Testosterone,P07339,0.0978745343258,0.596,,,2,0.41486346702756355
1-Testosterone,O00519,0.0978745343258,,,,1,0.09787453432580001
1-Testosterone,P43119,0.0978745343258,,,,1,0.09787453432580001
1-Testosterone,P30305,0.0978745343258,,,,1,0.09787453432580001
1-Testosterone,Q9UBE0 Q9UBT2,0.0978745343258,,,,1,0.09787453432580001
1-Testosterone,P21554,0.0978745343258,,,,1,0.09787453432580001
1-Testosterone,Q12809,0.0978745343258,0.194,0.3682076236820762,,3,0.23286728702327397
1-Testosterone,P06746,0.0978745343258,,,,1,0.09787453432580001
1-Testosterone,Q15722,0.0978745343258,,,,1,0.09787453432580001
1-Testosterone,P35408,0.0978745343258,,,,1,0.09787453432580001
1-Testosterone,Q12772,0.0,,,,1,0.0
1-Testosterone,P42330,0.0,,,0.6058130139463231,2,0.2596341488341385
1-Testosterone,P22303,0.0,0.08,0.41362530413625304,,3,0.17892657793044223
1-Testosterone,P08172,0.0,0.8320000000000001,,,2,0.5294545454545454
1-Testosterone,P23975,0.0,0.596,,,2,0.3792727272727272
1-Testosterone,P20701,0.0,,,,1,0.0
1-Testosterone,P21730,0.0,,,,1,0.0
1-Testosterone,P35354,0.0,0.568,,,2,0.36145454545454536
1-Testosterone,P51449,0.0,,,,1,0.0
1-Testosterone,Q16572,0.0,,,,1,0.0
1-Testosterone,Q8IV61,0.0,,,,1,0.0
1-Testosterone,P06737,0.0,,,,1,0.0
1-Testosterone,Q9UJM8,0.0,,,,1,0.0
1-Testosterone,P49810 Q9NZ42 Q92542 Q96BI3 P49768 Q8WW43,0.0,,,,1,0.0
1-Testosterone,P08254,0.0,,,,1,0.0
4-Androstenediol,P10275,1.0,0.9039999999999999,0.8905109489051095,0.7819830068571819,4,0.90085073570011
4-Androstenediol,P04278,1.0,,0.8905109489051095,,2,0.9343065693430657
4-Androstenediol,P03372,0.361228277245,0.8619999999999999,0.7566909975669099,,3,0.7070034761400857
4-Androstenediol,Q92731,0.237885167579,0.9,0.7526358475263584,0.4364493210253363,4,0.6538351859275079
4-Androstenediol,P11511,0.147256737367,0.31399999999999995,0.7502027575020276,0.5451871215945716,4,0.446190242963194
4-Androstenediol,P51449,0.130791955177,,0.6253041362530414,,2,0.4274992638226248
4-Androstenediol,Q9UHC9,0.130791955177,,0.624493106244931,,2,0.42701264581775866
4-Androstenediol,P35398,0.130791955177,,0.6220600162206001,,2,0.4255527918031601
4-Androstenediol,P05093,0.114337558605,,0.6991078669910786,,2,0.4651997436366472
4-Androstenediol,P31645,0.106099949133,0.392,0.5287915652879157,,3,0.3730087757799702
4-Androstenediol,P33261,0.0978745343258,,0.48094079480940793,,2,0.32771429061596474
4-Androstenediol,Q12772,0.0978745343258,,0.5101378751013788,,2,0.34523253879114724
4-Androstenediol,P06746,0.0978745343258,,0.5871857258718572,,2,0.39146124925343434
4-Androstenediol,Q16850,0.0978745343258,,0.5263584752635848,,2,0.3549648988884709
4-Androstenediol,P08172,0.0978745343258,0.8540000000000001,0.4785077047850771,,3,0.5435614332949213
4-Androstenediol,P22303,0.0978745343258,0.10200000000000001,0.7477696674776967,,3,0.3289480083629047
4-Androstenediol,P23975,0.0978745343258,0.564,0.4785077047850771,,3,0.42414966858903896
4-Androstenediol,P06276,0.0978745343258,0.13999999999999999,0.7477696674776967,,3,0.3445950671864342
4-Androstenediol,P18031,0.0978745343258,,0.6098945660989457,,2,0.4050865533896874
4-Androstenediol,Q16665,0.0978745343258,,,,1,0.09787453432580001
4-Androstenediol,P08185,0.0978745343258,,0.7493917274939172,,2,0.48878485022667034
4-Androstenediol,Q14534,0.0978745343258,,,,1,0.09787453432580001
4-Androstenediol,P49354 P49356,0.0978745343258,,,,1,0.09787453432580001
4-Androstenediol,P04035,0.0978745343258,,0.5944849959448499,,2,0.39584081129723
4-Androstenediol,Q9UBS5,0.0978745343258,,,,1,0.09787453432580001
4-Androstenediol,O14684,0.0978745343258,,,,1,0.09787453432580001
4-Androstenediol,P11413,0.0978745343258,,,,1,0.09787453432580001
4-Androstenediol,P31213,0.0978745343258,,0.5660989456609895,,2,0.3788091811269137
4-Androstenediol,Q07869,0.0978745343258,0.38,,,2,0.2774089215730181
4-Androstenediol,Q03181,0.0978745343258,0.5960000000000001,,,2,0.4148634670275636
4-Androstenediol,Q13133,0.0978745343258,,0.6155717761557178,,2,0.4084928794237507
4-Androstenediol,Q15722,0.0978745343258,,,,1,0.09787453432580001
4-Androstenediol,Q14994,0.0978745343258,,,0.5675968438819717,2,0.2991840955641593
4-Androstenediol,P04150,0.0978745343258,,0.5312246553122465,,2,0.3578846069176679
4-Androstenediol,P29350,0.0978745343258,,,,1,0.09787453432580001
4-Androstenediol,P17706,0.0978745343258,,,,1,0.09787453432580001
4-Androstenediol,P35228,0.0978745343258,,0.5141930251419302,,2,0.34766562881547813
4-Androstenediol,P11473,0.0978745343258,,,,1,0.09787453432580001
4-Androstenediol,P16662,0.0978745343258,,,,1,0.09787453432580001
4-Androstenediol,P28845,0.0,,,,1,0.0
4-Androstenediol,P55055,0.0,,0.6107055961070559,,2,0.3664233576642335
4-Androstenediol,P15538,0.0,0.666,,,2,0.42381818181818176
4-Androstenediol,P19099,0.0,,,,1,0.0
4-Androstenediol,P08842,0.0,,,0.5291877775966611,2,0.22679476182714048
4-Androstenediol,P48147,0.0,0.158,,,2,0.10054545454545454
4-Androstenediol,P11229,0.0,,,,1,0.0
4-Androstenediol,P34995,0.0,,,,1,0.0
4-Androstenediol,P35408,0.0,,,,1,0.0
4-Androstenediol,P43088,0.0,,,,1,0.0
4-Androstenediol,P43115,0.0,,,,1,0.0
4-Androstenediol,Q13258,0.0,,,,1,0.0
4-Androstenediol,P11474,0.0,,,,1,0.0
4-Androstenediol,O95718,0.0,,,,1,0.0
4-Androstenediol,Q99527,0.0,,,,1,0.0
4-Androstenediol,Q9UBM7,0.0,,,,1,0.0
4-Androstenediol,P37231,0.0,0.09,,0.919827825276255,3,0.24210596255919747
4-Androstenediol,Q9NRA0,0.0,,,,1,0.0
4-Androstenediol,Q9NYA1,0.0,,,,1,0.0
4-Androstenediol,P01375,0.0,,,,1,0.0
4-Androstenediol,P15090,0.0,,,,1,0.0
4-Androstenediol,O00519,0.0,,,,1,0.0
4-Androstenediol,O14746,0.0,,,,1,0.0
4-Androstenediol,P05413,0.0,,,,1,0.0
4-Androstenediol,Q01469,0.0,,,,1,0.0
4-Androstenediol,P30304,0.0,,,,1,0.0
4-Androstenediol,P30305,0.0,,,,1,0.0
4-Androstenediol,P07148,0.0,,,,1,0.0
4-Androstenediol,P27361,0.0,0.11800000000000002,,,2,0.0750909090909091
4-Androstenediol,P24723,0.0,,,,1,0.0
4-Androstenediol,P80365,0.0,,,,1,0.0
4-Androstenediol,Q06124,0.0,0.41999999999999993,,,2,0.26727272727272716
4-Androstenediol,O60218,0.0,,,,1,0.0
4-Androstenediol,P43116,0.0,,,,1,0.0
4-Androstenediol,P43119,0.0,,,,1,0.0
4-Androstenediol,Q4U2R8,0.0,,,,1,0.0
4-Androstenediol,P10635,0.0,0.6140000000000001,,,2,0.39072727272727276
4-Androstenediol,P11712,0.0,0.36,,,2,0.22909090909090907
4-Androstenediol,Q08499,0.0,0.594,,,2,0.37799999999999995
4-Androstenediol,P10586,0.0,,,,1,0.0
4-Androstenediol,P04054,0.0,,,,1,0.0
4-Androstenediol,P24666,0.0,,,,1,0.0
4-Androstenediol,P14061,0.0,,,0.8485238492427247,2,0.3636530782468821
4-Androstenediol,P29475,0.0,,,,1,0.0
4-Androstenediol,O00767,0.0,,,,1,0.0
4-Androstenediol,O60674,0.0,0.33399999999999996,,,2,0.21254545454545448
4-Androstenediol,Q9NQR1,0.0,,,,1,0.0
4-Androstenediol,P11388,0.0,0.31599999999999995,0.44768856447688565,,3,0.28812537569772434
4-Androstenediol,O00748,0.0,,,,1,0.0
4-Androstenediol,P00813,0.0,,,,1,0.0
4-Androstenediol,O75116,0.0,,,,1,0.0
4-Androstenediol,Q13464,0.0,,,,1,0.0
4-Androstenediol,P11387,0.0,0.512,,,2,0.3258181818181818
4-Androstenediol,P52333,0.0,0.41,,0.678043936180966,3,0.3502951291816356
4-Androstenediol,P15121,0.0,,,,1,0.0
4-Androstenediol,P08908,0.0,,,,1,0.0
4-Androstenediol,P14416,0.0,0.5599999999999999,,,2,0.35636363636363627
4-Androstenediol,P35462,0.0,,,,1,0.0
4-Androstenediol,P06737,0.0,,,,1,0.0
4-Androstenediol,P60033,0.0,,,,1,0.0
4-Androstenediol,O14920,0.0,,,,1,0.0
4-Hydroxytestosterone,P11511,0.696055374994,0.05600000000000001,0.8921330089213301,0.4352929127361983,4,0.49174491458562875
4-Hydroxytestosterone,P10275,0.609130548307,0.914,0.705596107055961,0.7096335574051476,4,0.7598499753889605
4-Hydroxytestosterone,P04278,0.601047971012,,0.7534468775344688,,2,0.6924873149254813
4-Hydroxytestosterone,P08185,0.277371341141,,0.7031630170316302,,2,0.5328463466753781
4-Hydroxytestosterone,Q92731,0.237888613721,0.8959999999999999,0.5993511759935118,0.3327811580656616,4,0.5909002492521028
4-Hydroxytestosterone,P05093,0.198389228663,,0.5450121654501217,,2,0.406362990735273
4-Hydroxytestosterone,P04150,0.182601416737,,0.7039740470397404,,2,0.4954249949186443
4-Hydroxytestosterone,P0DMS8,0.174646371539,,0.47526358475263586,,2,0.3550166994671815
4-Hydroxytestosterone,Q9UHC9,0.174646371539,,0.41362530413625304,,2,0.3180337310973518
4-Hydroxytestosterone,P28845,0.16679877234,,0.5482562854825629,,2,0.3956732802255377
4-Hydroxytestosterone,P06401,0.158886033955,,0.7039740470397404,0.7317814950358815,3,0.5426717617820066
4-Hydroxytestosterone,P03372,0.158886033955,0.6539999999999999,0.5247364152473641,,3,0.491880154547305
4-Hydroxytestosterone,Q01959,0.150981810223,0.418,0.5304136253041363,,3,0.3948475878068716
4-Hydroxytestosterone,Q99720,0.150981810223,,0.7007299270072993,,2,0.48083068029357956
4-Hydroxytestosterone,O14684,0.135202128368,,,,1,0.135202128368
4-Hydroxytestosterone,P24723,0.127302569502,,,,1,0.127302569502
4-Hydroxytestosterone,Q06124,0.127302569502,0.40800000000000003,,,2,0.3059282070916364
4-Hydroxytestosterone,O60218,0.127302569502,,,,1,0.127302569502
4-Hydroxytestosterone,P17706,0.119403562123,,,,1,0.119403562123
4-Hydroxytestosterone,P27361,0.119403562123,0.13199999999999998,0.47526358475263586,,3,0.25018798570634204
4-Hydroxytestosterone,P56817,0.119403562123,0.096,,0.6958355828923206,3,0.23122292836921157
4-Hydroxytestosterone,P35228,0.119403562123,,,,1,0.119403562123
4-Hydroxytestosterone,P35398,0.119403562123,,,,1,0.119403562123
4-Hydroxytestosterone,P49354 P49356,0.11150186548,,,,1,0.11150186548
4-Hydroxytestosterone,P09917,0.11150186548,0.584,,,2,0.41218249653818173
4-Hydroxytestosterone,P30304,0.11150186548,,,,1,0.11150186548
4-Hydroxytestosterone,P08235,0.11150186548,,0.5879967558799676,0.8313380366275468,3,0.4975386236217266
4-Hydroxytestosterone,P18031,0.11150186548,,0.3722627737226277,,2,0.26795841042557667
4-Hydroxytestosterone,P06276,0.11150186548,0.318,0.40145985401459855,,3,0.2988686227063289
4-Hydroxytestosterone,P07148,0.11150186548,,0.4128142741281427,,2,0.29228931066888564
4-Hydroxytestosterone,P23141,0.11150186548,,,,1,0.11150186548
4-Hydroxytestosterone,P29350,0.11150186548,,,,1,0.11150186548
4-Hydroxytestosterone,P80365,0.11150186548,,0.5417680454176804,,2,0.36966157344260825
4-Hydroxytestosterone,P14902,0.11150186548,,,,1,0.11150186548
4-Hydroxytestosterone,P31645,0.11150186548,0.394,0.389294403892944,,3,0.3258690520751567
4-Hydroxytestosterone,P11413,0.11150186548,,0.5190592051905921,,2,0.35603626930635524
4-Hydroxytestosterone,Q16850,0.11150186548,,0.7007299270072993,,2,0.46503870239637957
4-Hydroxytestosterone,P48147,0.11150186548,0.144,,,2,0.13218249653818182
4-Hydroxytestosterone,P31213,0.11150186548,,0.5660989456609895,,2,0.3842601135885937
4-Hydroxytestosterone,P15090,0.11150186548,,,,1,0.11150186548
4-Hydroxytestosterone,O00519,0.11150186548,,,,1,0.11150186548
4-Hydroxytestosterone,P37231,0.11150186548,0.126,,0.6585204990709497,3,0.23596921136663207
4-Hydroxytestosterone,Q07869,0.11150186548,0.41600000000000004,,,2,0.3052734056290909
4-Hydroxytestosterone,O14746,0.11150186548,,,,1,0.11150186548
4-Hydroxytestosterone,P05413,0.11150186548,,,,1,0.11150186548
4-Hydroxytestosterone,Q01469,0.11150186548,,,,1,0.11150186548
4-Hydroxytestosterone,Q03181,0.11150186548,0.6060000000000001,,,2,0.4261824965381818
4-Hydroxytestosterone,P05231,0.11150186548,,,,1,0.11150186548
4-Hydroxytestosterone,P78536,0.11150186548,,,,1,0.11150186548
4-Hydroxytestosterone,P15104,0.11150186548,,,,1,0.11150186548
4-Hydroxytestosterone,P18405,0.11150186548,,0.470397404703974,,2,0.3268391890143844
4-Hydroxytestosterone,O00767,0.11150186548,,,,1,0.11150186548
4-Hydroxytestosterone,P51449,0.11150186548,,,,1,0.11150186548
4-Hydroxytestosterone,Q08499,0.11150186548,0.554,,,2,0.39309158744727274
4-Hydroxytestosterone,P10586,0.11150186548,,,,1,0.11150186548
4-Hydroxytestosterone,P04054,0.11150186548,,,,1,0.11150186548
4-Hydroxytestosterone,P30305,0.11150186548,,,,1,0.11150186548
4-Hydroxytestosterone,P24666,0.11150186548,,,,1,0.11150186548
4-Hydroxytestosterone,P37058,0.11150186548,,0.4266017842660178,,2,0.30056181675161064
4-Hydroxytestosterone,P01375,0.11150186548,,,,1,0.11150186548
4-Hydroxytestosterone,P52895,0.11150186548,,,0.7140275358044065,2,0.3697271527618885
4-Hydroxytestosterone,Q04828,0.11150186548,,,0.5917375544747806,2,0.31731716076347743
4-Hydroxytestosterone,O75469,0.11150186548,,,,1,0.11150186548
4-Hydroxytestosterone,P37268,0.11150186548,,,,1,0.11150186548
4-Hydroxytestosterone,P11388,0.11150186548,0.29000000000000004,,,2,0.22509158744727273
4-Hydroxytestosterone,P37059,0.11150186548,,,,1,0.11150186548
4-Hydroxytestosterone,P04035,0.11150186548,,,,1,0.11150186548
4-Hydroxytestosterone,P60033,0.11150186548,,,,1,0.11150186548
4-Hydroxytestosterone,P35354,0.11150186548,0.546,,,2,0.3880006783563636
4-Hydroxytestosterone,Q2M385,0.11150186548,,,,1,0.11150186548
4-Hydroxytestosterone,P98170,0.11150186548,,,,1,0.11150186548
4-Hydroxytestosterone,Q92831,0.11150186548,,,,1,0.11150186548
4-Hydroxytestosterone,P33261,0.11150186548,,0.47526358475263586,,2,0.3297588970435815
4-Hydroxytestosterone,O00748,0.11150186548,,,,1,0.11150186548
4-Hydroxytestosterone,P41145,0.11150186548,,,,1,0.11150186548
4-Hydroxytestosterone,O14842,0.11150186548,,,,1,0.11150186548
4-Hydroxytestosterone,P43116,0.0,,,,1,0.0
4-Hydroxytestosterone,P34995,0.0,,,,1,0.0
4-Hydroxytestosterone,P11387,0.0,0.098,,,2,0.06236363636363635
4-Hydroxytestosterone,P08172,0.0,0.8379999999999999,,,2,0.5332727272727271
4-Hydroxytestosterone,P43119,0.0,,,,1,0.0
4-Hydroxytestosterone,P11229,0.0,,,,1,0.0
4-Hydroxytestosterone,P06737,0.0,,,,1,0.0
4-Hydroxytestosterone,Q14994,0.0,,,,1,0.0
4-Hydroxytestosterone,P20701,0.0,,,,1,0.0
4-Hydroxytestosterone,Q9UBE0 Q9UBT2,0.0,,,,1,0.0
4-Hydroxytestosterone,Q13133,0.0,,0.42903487429034876,,2,0.25742092457420923
4-Hydroxytestosterone,Q15722,0.0,,,,1,0.0
4-Hydroxytestosterone,P35408,0.0,,,,1,0.0
4-Hydroxytestosterone,Q9UJM8,0.0,,,,1,0.0
4-Hydroxytestosterone,P23975,0.0,0.556,,,2,0.35381818181818175
4-Hydroxytestosterone,O60674,0.0,0.304,,,2,0.19345454545454543
4-Hydroxytestosterone,P06746,0.0,,,,1,0.0
4-Hydroxytestosterone,P11474,0.0,,,,1,0.0
4-Hydroxytestosterone,O95718,0.0,,,,1,0.0
4-Hydroxytestosterone,Q16572,0.0,,,,1,0.0
4-Hydroxytestosterone,Q99527,0.0,,,,1,0.0
4-Hydroxytestosterone,Q8TDU6,0.0,,0.7007299270072993,,2,0.42043795620437957
4-Hydroxytestosterone,P29475,0.0,,,,1,0.0
4-Hydroxytestosterone,P15538,0.0,0.6839999999999999,,,2,0.4352727272727272
5-Androstenedione,P11511,0.838148731478,0.656,0.8329278183292781,0.7405789830871461,4,0.7581949392574554
5-Androstenedione,P18405,0.229685699326,,0.6974858069748581,,2,0.5103657639153149
5-Androstenedione,P31213,0.229685699326,,0.7072181670721818,,2,0.5162051799737091
5-Androstenedione,P10275,0.229685699326,0.6679999999999999,0.7453365774533657,0.716396774541266,4,0.6107976292823994
5-Androstenedione,P08185,0.229685699326,,0.6707218167072181,,2,0.4943073697547309
5-Androstenedione,P04278,0.229685699326,,0.6707218167072181,,2,0.4943073697547309
5-Androstenedione,P37058,0.229685699326,,0.6642335766423357,,2,0.49041442571580146
5-Androstenedione,P23219,0.171978589411,0.348,0.624493106244931,,3,0.40416899971256387
5-Androstenedione,Q14994,0.130791955177,,,0.5321555587267944,2,0.30280492812691195
5-Androstenedione,P07339,0.122581769115,0.842,0.6909975669099756,,3,0.6194301457599913
5-Androstenedione,P08235,0.122581769115,,0.6001622060016221,0.701798731609995,3,0.4766689620999782
5-Androstenedione,P04150,0.122581769115,,0.6042173560421735,,2,0.41156312127130407
5-Androstenedione,P06401,0.122581769115,,0.6001622060016221,0.7149573352514637,3,0.4797055629403172
5-Androstenedione,Q99720,0.122581769115,,0.6074614760746148,,2,0.4135095932907688
5-Androstenedione,P07148,0.122581769115,,0.5888077858880778,,2,0.40231737917884663
5-Androstenedione,Q92731,0.114337558605,0.40800000000000003,0.40632603406326034,0.5198703794613395,4,0.36554587885917905
5-Androstenedione,P05093,0.114337558605,,0.6212489862124899,,2,0.418484415169494
5-Androstenedione,O75469,0.0978745343258,,0.592051905920519,,2,0.3943809572826314
5-Androstenedione,P04035,0.0978745343258,,,,1,0.09787453432580001
5-Androstenedione,Q16850,0.0978745343258,,,,1,0.09787453432580001
5-Androstenedione,P51681,0.0978745343258,,,,1,0.09787453432580001
5-Androstenedione,Q8NER1,0.0978745343258,,,,1,0.09787453432580001
5-Androstenedione,P30304,0.0978745343258,,,,1,0.09787453432580001
5-Androstenedione,P34913,0.0978745343258,0.11399999999999999,,,2,0.1081361943002909
5-Androstenedione,P48039,0.0978745343258,,,,1,0.09787453432580001
5-Androstenedione,O00519,0.0978745343258,,,,1,0.09787453432580001
5-Androstenedione,P03372,0.0978745343258,0.318,0.5969180859691808,,3,0.36464745018342853
5-Androstenedione,P05091,0.0978745343258,,,,1,0.09787453432580001
5-Androstenedione,P49286,0.0978745343258,,,,1,0.09787453432580001
5-Androstenedione,P28845,0.0978745343258,,,,1,0.09787453432580001
5-Androstenedione,O00748,0.0978745343258,,0.45498783454987834,,2,0.312142514460247
5-Androstenedione,P16083,0.0978745343258,,,,1,0.09787453432580001
5-Androstenedione,Q99572,0.0978745343258,,,,1,0.09787453432580001
5-Androstenedione,P29350,0.0978745343258,,,,1,0.09787453432580001
5-Androstenedione,Q9UHC9,0.0978745343258,,,,1,0.09787453432580001
5-Androstenedione,Q9BY41,0.0978745343258,,,0.44199681354014964,2,0.24535551113194987
5-Androstenedione,P07099,0.0978745343258,,,,1,0.09787453432580001
5-Androstenedione,P09874,0.0978745343258,,,,1,0.09787453432580001
5-Androstenedione,P19099,0.0978745343258,,,,1,0.09787453432580001
5-Androstenedione,O00311,0.0978745343258,,,,1,0.09787453432580001
5-Androstenedione,Q16539,0.0978745343258,0.13799999999999998,,,2,0.12340892157301814
5-Androstenedione,P08254,0.0978745343258,,,,1,0.09787453432580001
5-Androstenedione,P14780,0.0978745343258,,,,1,0.09787453432580001
5-Androstenedione,P03956,0.0978745343258,,,,1,0.09787453432580001
5-Androstenedione,O75116,0.0978745343258,,,,1,0.09787453432580001
5-Androstenedione,P07327,0.0978745343258,,,,1,0.09787453432580001
5-Androstenedione,P00325,0.0978745343258,,,,1,0.09787453432580001
5-Androstenedione,P00326,0.0978745343258,,,,1,0.09787453432580001
5-Androstenedione,P07900,0.0978745343258,0.55,,0.7269309896907319,3,0.458735079026814
5-Androstenedione,P07384,0.0,,,,1,0.0
5-Androstenedione,P49354 P49356,0.0,,0.49878345498783455,,2,0.2992700729927007
5-Androstenedione,P18031,0.0,,0.5579886455798865,,2,0.3347931873479319
5-Androstenedione,P35228,0.0,,0.5239253852392538,,2,0.3143552311435523
5-Androstenedione,P49336,0.0,,,,1,0.0
5-Androstenedione,P07711,0.0,,,,1,0.0
5-Androstenedione,P07858,0.0,0.546,,,2,0.3474545454545454
5-Androstenedione,P41143,0.0,,,,1,0.0
5-Androstenedione,P41145,0.0,,,,1,0.0
5-Androstenedione,P05164,0.0,,,,1,0.0
5-Androstenedione,P80365,0.0,,,,1,0.0
5-Androstenedione,P28335,0.0,,,,1,0.0
5-Androstenedione,P00918,0.0,,,,1,0.0
5-Androstenedione,P00915,0.0,0.558,,,2,0.35509090909090907
5-Androstenedione,Q15059,0.0,,,,1,0.0
5-Androstenedione,P43235,0.0,,,,1,0.0
5-Androstenedione,P48147,0.0,0.166,,,2,0.10563636363636363
5-Androstenedione,Q9UGN5,0.0,,,,1,0.0
5-Androstenedione,Q07869,0.0,0.388,0.592051905920519,,3,0.36872420208959494
5-Androstenedione,Q01469,0.0,,,,1,0.0
5-Androstenedione,Q03181,0.0,0.5980000000000001,,0.5861414757318133,3,0.42460174479967433
5-Androstenedione,P17706,0.0,,,,1,0.0
5-Androstenedione,P00533,0.0,0.10200000000000001,,,2,0.0649090909090909
5-Androstenedione,P00746,0.0,,,,1,0.0
5-Androstenedione,P35367,0.0,,,,1,0.0
5-Androstenedione,P25105,0.0,,,,1,0.0
5-Androstenedione,P12931,0.0,0.084,,,2,0.05345454545454545
5-Androstenedione,P11940,0.0,,,,1,0.0
5-Androstenedione,P15538,0.0,0.6619999999999999,,,2,0.4212727272727272
5-Androstenedione,P51812,0.0,0.636,,,2,0.40472727272727266
5-Androstenedione,Q13464,0.0,,,,1,0.0
5-Androstenedione,Q06124,0.0,0.584,,,2,0.37163636363636354
5-Androstenedione,O60218,0.0,,,,1,0.0
5-Androstenedione,O95180,0.0,0.9720000000000001,,,2,0.6185454545454545
5-Androstenedione,P50747,0.0,,,,1,0.0
5-Androstenedione,Q04759,0.0,,,,1,0.0
5-Androstenedione,P62942,0.0,,,,1,0.0
5-Androstenedione,P21730,0.0,,,,1,0.0
5-Androstenedione,Q00987,0.0,,,,1,0.0
5-Androstenedione,P27487,0.0,,,,1,0.0
5-Androstenedione,P08183,0.0,,0.5888077858880778,,2,0.35328467153284665
5-Androstenedione,P22460,0.0,,,,1,0.0
5-Androstenedione,Q9UNQ0,0.0,,,,1,0.0
5-Androstenedione,O14684,0.0,,,,1,0.0
5-Androstenedione,Q9H999,0.0,,,,1,0.0
5-Androstenedione,P27361,0.0,0.324,,,2,0.20618181818181816
5-Androstenedione,P40763,0.0,,,,1,0.0
5-Androstenedione,P06746,0.0,,,,1,0.0
5-Androstenedione,P04054,0.0,,,,1,0.0
5-Androstenedione,P24666,0.0,,,,1,0.0
5-Androstenedione,O60885,0.0,,,,1,0.0
7α-Hydroxy-DHEA,P11511,0.32477568738,0.616,0.8905109489051095,0.6801930233652619,4,0.649737375652322
7α-Hydroxy-DHEA,P08185,0.182601416737,,0.8929440389294404,,2,0.6088069900524642
7α-Hydroxy-DHEA,P04278,0.182601416737,,0.8896999188969993,,2,0.6068605180329996
7α-Hydroxy-DHEA,Q92731,0.135202128368,0.64,0.8158961881589619,,3,0.5833050377897512
7α-Hydroxy-DHEA,Q03181,0.119403562123,0.384,,,2,0.28778311349927266
7α-Hydroxy-DHEA,P31645,0.119403562123,0.40800000000000003,,,2,0.303055840772
7α-Hydroxy-DHEA,Q9UHC9,0.119403562123,,0.7956204379562044,,2,0.5251336876229227
7α-Hydroxy-DHEA,P35398,0.119403562123,,0.7210056772100568,,2,0.48036483117523404
7α-Hydroxy-DHEA,P04150,0.119403562123,,0.7396593673965937,,2,0.49155704528715616
7α-Hydroxy-DHEA,P10275,0.11150186548,0.648,0.8921330089213301,0.6595173253422322,4,0.6156678745737338
7α-Hydroxy-DHEA,P43088,0.11150186548,,,,1,0.11150186548
7α-Hydroxy-DHEA,P43119,0.11150186548,,,,1,0.11150186548
7α-Hydroxy-DHEA,Q4U2R8,0.11150186548,,,,1,0.11150186548
7α-Hydroxy-DHEA,P11413,0.11150186548,,0.8978102189781022,,2,0.5832868775788613
7α-Hydroxy-DHEA,O14684,0.11150186548,,,,1,0.11150186548
7α-Hydroxy-DHEA,P04035,0.11150186548,,0.5733982157339822,,2,0.3886396756323893
7α-Hydroxy-DHEA,P35228,0.11150186548,,,,1,0.11150186548
7α-Hydroxy-DHEA,Q13133,0.11150186548,,0.7510137875101378,,2,0.49520901869808265
7α-Hydroxy-DHEA,P51449,0.11150186548,,0.6982968369829683,,2,0.463578848381781
7α-Hydroxy-DHEA,P28845,0.11150186548,,0.5806974858069749,,2,0.3930192376761849
7α-Hydroxy-DHEA,P20701,0.11150186548,,,,1,0.11150186548
7α-Hydroxy-DHEA,P34995,0.11150186548,,,,1,0.11150186548
7α-Hydroxy-DHEA,P05093,0.11150186548,,0.7826439578264396,,2,0.5141871208878638
7α-Hydroxy-DHEA,P37231,0.11150186548,0.29400000000000004,,0.8185894527676242,3,0.35426970144449094
7α-Hydroxy-DHEA,P03372,0.11150186548,0.5640000000000001,0.8150851581508516,,3,0.5461481418132417
7α-Hydroxy-DHEA,O00748,0.11150186548,,0.5531224655312247,,2,0.3764742255107348
7α-Hydroxy-DHEA,Q15722,0.11150186548,,,,1,0.11150186548
7α-Hydroxy-DHEA,Q13258,0.11150186548,,,,1,0.11150186548
7α-Hydroxy-DHEA,P06401,0.11150186548,,0.6107055961070559,0.656668979722338,3,0.4677113829022576
7α-Hydroxy-DHEA,Q12772,0.11150186548,,,,1,0.11150186548
7α-Hydroxy-DHEA,Q07869,0.11150186548,0.392,,,2,0.29000067835636356
7α-Hydroxy-DHEA,P01375,0.11150186548,,,,1,0.11150186548
7α-Hydroxy-DHEA,Q16850,0.11150186548,,0.5336577453365775,,2,0.3647953933939465
7α-Hydroxy-DHEA,P35408,0.11150186548,,,,1,0.11150186548
7α-Hydroxy-DHEA,P31213,0.11150186548,,0.5961070559610705,,2,0.4022649797686423
7α-Hydroxy-DHEA,Q99720,0.11150186548,,0.7834549878345499,,2,0.5146737388927299
7α-Hydroxy-DHEA,P50747,0.11150186548,,,,1,0.11150186548
7α-Hydroxy-DHEA,P49354 P49356,0.11150186548,,,,1,0.11150186548
7α-Hydroxy-DHEA,P30304,0.11150186548,,,,1,0.11150186548
7α-Hydroxy-DHEA,P11229,0.11150186548,,,,1,0.11150186548
7α-Hydroxy-DHEA,P49810 Q9NZ42 Q92542 Q96BI3 P49768 Q8WW43,0.11150186548,,,,1,0.11150186548
7α-Hydroxy-DHEA,P00918,0.11150186548,,0.7112733171127331,,2,0.47136473645963983
7α-Hydroxy-DHEA,P00915,0.11150186548,0.558,0.7072181670721818,,3,0.5056068508442995
7α-Hydroxy-DHEA,Q16790,0.11150186548,,0.7072181670721818,,2,0.46893164643530905
7α-Hydroxy-DHEA,P18031,0.11150186548,,0.5685320356853203,,2,0.38571996760319216
7α-Hydroxy-DHEA,O43570,0.11150186548,,,,1,0.11150186548
7α-Hydroxy-DHEA,P08235,0.11150186548,,0.6690997566909975,0.8367018331537317,3,0.5362085770405524
7α-Hydroxy-DHEA,Q01469,0.11150186548,,,,1,0.11150186548
7α-Hydroxy-DHEA,Q01959,0.11150186548,0.6460000000000001,,,2,0.45163704199272725
7α-Hydroxy-DHEA,P14416,0.11150186548,0.616,,,2,0.4325461329018181
7α-Hydroxy-DHEA,P35462,0.11150186548,,,,1,0.11150186548
7α-Hydroxy-DHEA,P43116,0.11150186548,,,,1,0.11150186548
7α-Hydroxy-DHEA,P43115,0.11150186548,,,,1,0.11150186548
7α-Hydroxy-DHEA,Q06124,0.11150186548,0.39,,,2,0.2887279510836363
7α-Hydroxy-DHEA,O60218,0.11150186548,,,,1,0.11150186548
7α-Hydroxy-DHEA,Q13946,0.11150186548,0.696,,,2,0.48345522381090894
7α-Hydroxy-DHEA,Q16539,0.11150186548,0.11600000000000002,,,2,0.11436431472000001
7α-Hydroxy-DHEA,P04054,0.11150186548,,,,1,0.11150186548
7α-Hydroxy-DHEA,P30305,0.11150186548,,,,1,0.11150186548
7α-Hydroxy-DHEA,P24666,0.11150186548,,,,1,0.11150186548
7α-Hydroxy-DHEA,P05164,0.11150186548,,,,1,0.11150186548
7α-Hydroxy-DHEA,P23458,0.11150186548,0.4,,,2,0.29509158744727265
7α-Hydroxy-DHEA,O60674,0.11150186548,0.33799999999999997,,0.9206805678808164,3,0.3981463689687464
7α-Hydroxy-DHEA,Q14432,0.11150186548,0.38,,,2,0.28236431471999995
7α-Hydroxy-DHEA,Q13370,0.11150186548,,,,1,0.11150186548
7α-Hydroxy-DHEA,O14757,0.11150186548,,,0.8087255026890952,2,0.41031199571246935
7α-Hydroxy-DHEA,Q00987,0.11150186548,,,,1,0.11150186548
7α-Hydroxy-DHEA,P09917,0.11150186548,0.564,,,2,0.399455223810909
7α-Hydroxy-DHEA,P11388,0.11150186548,0.1,,,2,0.10418249653818182
7α-Hydroxy-DHEA,P34998,0.11150186548,,,,1,0.11150186548
7α-Hydroxy-DHEA,P56817,0.11150186548,0.11600000000000002,,0.6640100419455118,3,0.2321455419826097
7α-Hydroxy-DHEA,P35354,0.11150186548,0.562,,,2,0.39818249653818183
7α-Hydroxy-DHEA,P06737,0.11150186548,,,,1,0.11150186548
7α-Hydroxy-DHEA,Q02750,0.11150186548,,,,1,0.11150186548
7α-Hydroxy-DHEA,Q05469,0.0,,,,1,0.0
7α-Hydroxy-DHEA,Q9NQR1,0.0,,,,1,0.0
7α-Hydroxy-DHEA,P41145,0.0,,,,1,0.0
7α-Hydroxy-DHEA,P35968,0.0,0.364,,0.8400163858252078,3,0.3620035112482588
7α-Hydroxy-DHEA,P24941,0.0,0.6319999999999999,,,2,0.4021818181818181
7α-Hydroxy-DHEA,P09874,0.0,,,,1,0.0
7α-Hydroxy-DHEA,Q9Y5Z0,0.0,,,,1,0.0
7α-Hydroxy-DHEA,P28482,0.0,0.4739999999999999,,,2,0.30163636363636354
7α-Hydroxy-DHEA,O60885,0.0,,,,1,0.0
7α-Hydroxy-DHEA,P25440,0.0,,,,1,0.0
7α-Hydroxy-DHEA,Q15059,0.0,,,,1,0.0
7α-Hydroxy-DHEA,P02753,0.0,,,,1,0.0
7α-Hydroxy-DHEA,Q15078 Q00535,0.0,,,,1,0.0
7α-Hydroxy-DHEA,P32246,0.0,,,,1,0.0
7α-Hydroxy-DHEA,P04629,0.0,0.3,,,2,0.1909090909090909
7α-Hydroxy-DHEA,P24723,0.0,,,,1,0.0
7α-Hydroxy-DHEA,P60033,0.0,,,,1,0.0
7α-Hydroxy-DHEA,Q6DWJ6,0.0,,,,1,0.0
7α-Hydroxy-DHEA,P21453,0.0,,,,1,0.0
7α-Hydroxy-DHEA,P07148,0.0,,,,1,0.0
7α-Hydroxy-DHEA,P52333,0.0,0.156,,0.6588694133418269,3,0.2191863028589629
7α-Hydroxy-DHEA,P29597,0.0,0.8140000000000001,,,2,0.5179999999999999
7α-Hydroxy-DHEA,P37268,0.0,,,,1,0.0
7α-Hydroxy-DHEA,Q9NWZ3,0.0,,,,1,0.0
7α-Hydroxy-DHEA,Q02224,0.0,,,,1,0.0
7α-Hydroxy-DHEA,P78527,0.0,0.58,,,2,0.369090909090909
7β-Hydroxy-DHEA,P11511,0.293176237121,0.616,0.8905109489051095,0.6801930233652619,4,0.643417485600522
7β-Hydroxy-DHEA,P04278,0.16679877234,,0.8896999188969993,,2,0.6005394602741996
7β-Hydroxy-DHEA,P08185,0.16679877234,,0.8929440389294404,,2,0.6024859322936642
7β-Hydroxy-DHEA,Q92731,0.143102156498,0.64,0.8158961881589619,,3,0.5851638679379865
7β-Hydroxy-DHEA,P31645,0.119403562123,0.40800000000000003,,,2,0.303055840772
7β-Hydroxy-DHEA,Q03181,0.119403562123,0.384,,,2,0.28778311349927266
7β-Hydroxy-DHEA,P35398,0.119403562123,,0.7210056772100568,,2,0.48036483117523404
7β-Hydroxy-DHEA,Q9UHC9,0.119403562123,,0.7956204379562044,,2,0.5251336876229227
7β-Hydroxy-DHEA,P04150,0.119403562123,,0.7396593673965937,,2,0.49155704528715616
7β-Hydroxy-DHEA,O60674,0.11150186548,0.33799999999999997,,0.9206805678808164,3,0.3981463689687464
7β-Hydroxy-DHEA,P23458,0.11150186548,0.4,,,2,0.29509158744727265
7β-Hydroxy-DHEA,P01375,0.11150186548,,,,1,0.11150186548
7β-Hydroxy-DHEA,Q12772,0.11150186548,,,,1,0.11150186548
7β-Hydroxy-DHEA,P31213,0.11150186548,,0.5961070559610705,,2,0.4022649797686423
7β-Hydroxy-DHEA,P37268,0.11150186548,,,,1,0.11150186548
7β-Hydroxy-DHEA,Q4U2R8,0.11150186548,,,,1,0.11150186548
7β-Hydroxy-DHEA,Q99720,0.11150186548,,0.7834549878345499,,2,0.5146737388927299
7β-Hydroxy-DHEA,Q06124,0.11150186548,0.39,,,2,0.2887279510836363
7β-Hydroxy-DHEA,P18031,0.11150186548,,0.5685320356853203,,2,0.38571996760319216
7β-Hydroxy-DHEA,P49354 P49356,0.11150186548,,,,1,0.11150186548
7β-Hydroxy-DHEA,P43119,0.11150186548,,,,1,0.11150186548
7β-Hydroxy-DHEA,P43088,0.11150186548,,,,1,0.11150186548
7β-Hydroxy-DHEA,P35408,0.11150186548,,,,1,0.11150186548
7β-Hydroxy-DHEA,P43115,0.11150186548,,,,1,0.11150186548
7β-Hydroxy-DHEA,P43116,0.11150186548,,,,1,0.11150186548
7β-Hydroxy-DHEA,P34995,0.11150186548,,,,1,0.11150186548
7β-Hydroxy-DHEA,Q13258,0.11150186548,,,,1,0.11150186548
7β-Hydroxy-DHEA,O14684,0.11150186548,,,,1,0.11150186548
7β-Hydroxy-DHEA,P06401,0.11150186548,,0.6107055961070559,0.656668979722338,3,0.4677113829022576
7β-Hydroxy-DHEA,P04054,0.11150186548,,,,1,0.11150186548
7β-Hydroxy-DHEA,Q13946,0.11150186548,0.696,,,2,0.48345522381090894
7β-Hydroxy-DHEA,Q13370,0.11150186548,,,,1,0.11150186548
7β-Hydroxy-DHEA,Q14432,0.11150186548,0.38,,,2,0.28236431471999995
7β-Hydroxy-DHEA,P37231,0.11150186548,0.29400000000000004,,0.8185894527676242,3,0.35426970144449094
7β-Hydroxy-DHEA,Q07869,0.11150186548,0.392,,,2,0.29000067835636356
7β-Hydroxy-DHEA,P51449,0.11150186548,,0.6982968369829683,,2,0.463578848381781
7β-Hydroxy-DHEA,P35228,0.11150186548,,,,1,0.11150186548
7β-Hydroxy-DHEA,P05164,0.11150186548,,,,1,0.11150186548
7β-Hydroxy-DHEA,P11229,0.11150186548,,,,1,0.11150186548
7β-Hydroxy-DHEA,P08235,0.11150186548,,0.6690997566909975,0.8367018331537317,3,0.5362085770405524
7β-Hydroxy-DHEA,Q16539,0.11150186548,0.11600000000000002,,,2,0.11436431472000001
7β-Hydroxy-DHEA,Q13133,0.11150186548,,0.7510137875101378,,2,0.49520901869808265
7β-Hydroxy-DHEA,P24666,0.11150186548,,,,1,0.11150186548
7β-Hydroxy-DHEA,Q15722,0.11150186548,,,,1,0.11150186548
7β-Hydroxy-DHEA,P20701,0.11150186548,,,,1,0.11150186548
7β-Hydroxy-DHEA,P04035,0.11150186548,,0.5733982157339822,,2,0.3886396756323893
7β-Hydroxy-DHEA,P11413,0.11150186548,,0.8978102189781022,,2,0.5832868775788613
7β-Hydroxy-DHEA,P49810 Q9NZ42 Q92542 Q96BI3 P49768 Q8WW43,0.11150186548,,,,1,0.11150186548
7β-Hydroxy-DHEA,Q01469,0.11150186548,,,,1,0.11150186548
7β-Hydroxy-DHEA,P03372,0.11150186548,0.5640000000000001,0.8150851581508516,,3,0.5461481418132417
7β-Hydroxy-DHEA,P30305,0.11150186548,,,,1,0.11150186548
7β-Hydroxy-DHEA,P30304,0.11150186548,,,,1,0.11150186548
7β-Hydroxy-DHEA,Q01959,0.11150186548,0.6460000000000001,,,2,0.45163704199272725
7β-Hydroxy-DHEA,P35462,0.11150186548,,,,1,0.11150186548
7β-Hydroxy-DHEA,P14416,0.11150186548,0.616,,,2,0.4325461329018181
7β-Hydroxy-DHEA,P11388,0.11150186548,0.1,,,2,0.10418249653818182
7β-Hydroxy-DHEA,Q16850,0.11150186548,,0.5336577453365775,,2,0.3647953933939465
7β-Hydroxy-DHEA,P05093,0.11150186548,,0.7826439578264396,,2,0.5141871208878638
7β-Hydroxy-DHEA,O00748,0.11150186548,,0.5531224655312247,,2,0.3764742255107348
7β-Hydroxy-DHEA,O43570,0.11150186548,,,,1,0.11150186548
7β-Hydroxy-DHEA,Q16790,0.11150186548,,0.7072181670721818,,2,0.46893164643530905
7β-Hydroxy-DHEA,P00918,0.11150186548,,0.7112733171127331,,2,0.47136473645963983
7β-Hydroxy-DHEA,P00915,0.11150186548,0.558,0.7072181670721818,,3,0.5056068508442995
7β-Hydroxy-DHEA,P32246,0.11150186548,,,,1,0.11150186548
7β-Hydroxy-DHEA,P50747,0.11150186548,,,,1,0.11150186548
7β-Hydroxy-DHEA,P10275,0.11150186548,0.648,0.8921330089213301,0.6595173253422322,4,0.6156678745737338
7β-Hydroxy-DHEA,O60218,0.11150186548,,,,1,0.11150186548
7β-Hydroxy-DHEA,P28845,0.11150186548,,0.5806974858069749,,2,0.3930192376761849
7β-Hydroxy-DHEA,P35968,0.0,0.364,,0.8400163858252078,3,0.3620035112482588
7β-Hydroxy-DHEA,P21453,0.0,,,,1,0.0
7β-Hydroxy-DHEA,O14757,0.0,,,0.8087255026890952,2,0.3465966440096122
7β-Hydroxy-DHEA,O75582,0.0,,,,1,0.0
7β-Hydroxy-DHEA,P24723,0.0,,,,1,0.0
7β-Hydroxy-DHEA,P48147,0.0,0.162,,,2,0.10309090909090908
7β-Hydroxy-DHEA,P09874,0.0,,,,1,0.0
7β-Hydroxy-DHEA,P02753,0.0,,,,1,0.0
7β-Hydroxy-DHEA,Q9Y233,0.0,,,,1,0.0
7β-Hydroxy-DHEA,Q00987,0.0,,,,1,0.0
7β-Hydroxy-DHEA,P04629,0.0,0.3,,,2,0.1909090909090909
7β-Hydroxy-DHEA,Q9NQR1,0.0,,,,1,0.0
7β-Hydroxy-DHEA,P28482,0.0,0.4739999999999999,,,2,0.30163636363636354
7β-Hydroxy-DHEA,P06737,0.0,,,,1,0.0
7β-Hydroxy-DHEA,P41145,0.0,,,,1,0.0
7β-Hydroxy-DHEA,P12268,0.0,,,,1,0.0
7β-Hydroxy-DHEA,P20839,0.0,,,,1,0.0
7β-Hydroxy-DHEA,Q05469,0.0,,,,1,0.0
7β-Hydroxy-DHEA,P07148,0.0,,,,1,0.0
7β-Hydroxy-DHEA,Q02750,0.0,,,,1,0.0
7β-Hydroxy-DHEA,P35354,0.0,0.562,,,2,0.35763636363636364
7β-Hydroxy-DHEA,Q15078 Q00535,0.0,,,,1,0.0
7β-Hydroxy-DHEA,P24941,0.0,0.6319999999999999,,,2,0.4021818181818181
7β-Hydroxy-DHEA,P34998,0.0,,,,1,0.0
7β-Hydroxy-DHEA,P49336,0.0,,,,1,0.0
7β-Hydroxy-DHEA,P24863 P49336,0.0,,,,1,0.0
7β-Hydroxy-DHEA,P60033,0.0,,,,1,0.0
7β-Hydroxy-DHEA,P06276,0.0,0.33,0.5117599351175994,,3,0.3165035065120939
7β-Hydroxy-DHEA,O60885,0.0,,,,1,0.0
7β-Hydroxy-DHEA,Q15059,0.0,,,,1,0.0
7β-Hydroxy-DHEA,P25440,0.0,,,,1,0.0
7β-Hydroxy-DHEA,P09917,0.0,0.564,,,2,0.3589090909090908
7-Keto-DHEA,P11511,0.395895175206,0.74,0.9140308191403081,,3,0.7204568009215205
7-Keto-DHEA,Q9UHC9,0.26948639931,,0.8499594484995945,,2,0.6177702288237567
7-Keto-DHEA,P35398,0.26948639931,,0.8499594484995945,,2,0.6177702288237567
7-Keto-DHEA,P04278,0.190502109895,,0.8832116788321168,,2,0.6061278512572701
7-Keto-DHEA,P10275,0.182601416737,0.45999999999999996,0.8856447688564477,0.5002651099751563,4,0.5382534805006077
7-Keto-DHEA,P28845,0.158886033955,,0.7615571776155718,,2,0.5204887201513431
7-Keto-DHEA,P08185,0.158886033955,,0.8856447688564477,,2,0.5949412748958686
7-Keto-DHEA,P11413,0.143102156498,,0.738037307380373,,2,0.5000632470274238
7-Keto-DHEA,P05093,0.135202128368,,0.8126520681265207,,2,0.5416720922231124
7-Keto-DHEA,P04150,0.135202128368,,0.7696674776966748,,2,0.5158813379652049
7-Keto-DHEA,P06401,0.135202128368,,0.7623682076236821,0.4616492241023974,3,0.4999973408862526
7-Keto-DHEA,O14684,0.135202128368,,0.5450121654501217,,2,0.38108815061727297
7-Keto-DHEA,Q99720,0.127302569502,,0.8167072181670721,,2,0.5409453587010433
7-Keto-DHEA,P24723,0.127302569502,,,,1,0.127302569502
7-Keto-DHEA,P18031,0.119403562123,,0.7031630170316302,,2,0.4696592350681781
7-Keto-DHEA,Q06124,0.119403562123,0.5800000000000001,,,2,0.41251038622654546
7-Keto-DHEA,O60218,0.119403562123,,,,1,0.119403562123
7-Keto-DHEA,Q01959,0.119403562123,0.6839999999999999,0.5790754257907542,,3,0.5141215766609721
7-Keto-DHEA,P0DMS8,0.119403562123,,0.578264395782644,,2,0.39472006231878637
7-Keto-DHEA,P27361,0.119403562123,0.534,0.5750202757502028,,3,0.45092564135254215
7-Keto-DHEA,P08235,0.119403562123,,0.7469586374695865,0.5487627637818249,3,0.5081272588196148
7-Keto-DHEA,Q92731,0.119403562123,0.578,0.7453365774533657,,3,0.5291549243065996
7-Keto-DHEA,P09917,0.119403562123,0.348,,,2,0.2648740225901818
7-Keto-DHEA,P31213,0.119403562123,,0.6001622060016221,,2,0.4078587484501732
7-Keto-DHEA,P56817,0.119403562123,0.12,0.5766423357664234,0.770935307655227,4,0.35451370930281106
7-Keto-DHEA,P30304,0.119403562123,,,,1,0.119403562123
7-Keto-DHEA,P37268,0.119403562123,,,,1,0.119403562123
7-Keto-DHEA,P14902,0.11150186548,,,,1,0.11150186548
7-Keto-DHEA,P35228,0.11150186548,,0.5474452554744526,,2,0.3730678994766715
7-Keto-DHEA,P18405,0.11150186548,,0.5717761557177615,,2,0.3876664396226569
7-Keto-DHEA,P80365,0.11150186548,,0.7607461476074615,,2,0.5010484347564769
7-Keto-DHEA,P04035,0.11150186548,,,,1,0.11150186548
7-Keto-DHEA,O00748,0.11150186548,,0.5612327656123276,,2,0.3813404055593965
7-Keto-DHEA,P06276,0.11150186548,0.152,0.6455798864557989,,3,0.3166756929796938
7-Keto-DHEA,Q13133,0.11150186548,,0.6017842660178426,,2,0.40567130580270555
7-Keto-DHEA,P49354 P49356,0.11150186548,,,,1,0.11150186548
7-Keto-DHEA,P43116,0.11150186548,,,,1,0.11150186548
7-Keto-DHEA,P03372,0.11150186548,0.516,0.7315490673154906,,3,0.4969001097537026
7-Keto-DHEA,P01375,0.11150186548,,,,1,0.11150186548
7-Keto-DHEA,Q07869,0.11150186548,0.40800000000000003,,,2,0.3001824965381818
7-Keto-DHEA,Q03181,0.11150186548,0.602,,,2,0.42363704199272717
7-Keto-DHEA,P23141,0.11150186548,,,,1,0.11150186548
7-Keto-DHEA,P37058,0.11150186548,,0.7096512570965126,,2,0.4703915004499075
7-Keto-DHEA,P34995,0.11150186548,,,,1,0.11150186548
7-Keto-DHEA,Q16850,0.11150186548,,0.7031630170316302,,2,0.4664985564109781
7-Keto-DHEA,Q12772,0.11150186548,,,,1,0.11150186548
7-Keto-DHEA,O75469,0.11150186548,,0.6626115166261152,,2,0.44216765616766907
7-Keto-DHEA,Q13946,0.11150186548,0.6839999999999999,,,2,0.4758188601745454
7-Keto-DHEA,P43119,0.11150186548,,,,1,0.11150186548
7-Keto-DHEA,P31645,0.11150186548,0.398,,,2,0.29381886017454545
7-Keto-DHEA,Q14432,0.11150186548,0.5980000000000001,,,2,0.4210915874472727
7-Keto-DHEA,Q13370,0.11150186548,,,,1,0.11150186548
7-Keto-DHEA,P11229,0.11150186548,,,,1,0.11150186548
7-Keto-DHEA,P20701,0.11150186548,,,,1,0.11150186548
7-Keto-DHEA,P35354,0.11150186548,0.35,,,2,0.2632734056290909
7-Keto-DHEA,P21453,0.11150186548,,,,1,0.11150186548
7-Keto-DHEA,P17706,0.11150186548,,,,1,0.11150186548
7-Keto-DHEA,P11388,0.11150186548,0.082,,,2,0.09272795108363636
7-Keto-DHEA,Q00987,0.11150186548,,,,1,0.11150186548
7-Keto-DHEA,P37231,0.11150186548,0.292,,0.843760684534376,3,0.35866353682308055
7-Keto-DHEA,P05129,0.11150186548,,,,1,0.11150186548
7-Keto-DHEA,Q05655,0.11150186548,,,,1,0.11150186548
7-Keto-DHEA,P05771,0.11150186548,,,,1,0.11150186548
7-Keto-DHEA,Q02156,0.11150186548,,,,1,0.11150186548
7-Keto-DHEA,Q04759,0.11150186548,,,,1,0.11150186548
7-Keto-DHEA,Q8WWL7 P06493 P14635 O95067,0.11150186548,,,,1,0.11150186548
7-Keto-DHEA,P49810 Q9NZ42 Q92542 Q96BI3 P49768 Q8WW43,0.11150186548,,,,1,0.11150186548
7-Keto-DHEA,Q16539,0.11150186548,0.12200000000000003,,,2,0.11818249653818183
7-Keto-DHEA,P08254,0.11150186548,,,,1,0.11150186548
7-Keto-DHEA,P06493,0.11150186548,,,,1,0.11150186548
7-Keto-DHEA,P14780,0.11150186548,,,,1,0.11150186548
7-Keto-DHEA,P03956,0.11150186548,,,,1,0.11150186548
7-Keto-DHEA,P15090,0.11150186548,,,,1,0.11150186548
7-Keto-DHEA,P05413,0.11150186548,,,,1,0.11150186548
7-Keto-DHEA,Q01469,0.11150186548,,,,1,0.11150186548
7-Keto-DHEA,Q15078 Q00535,0.11150186548,,,,1,0.11150186548
7-Keto-DHEA,P45983,0.11150186548,0.392,,,2,0.29000067835636356
7-Keto-DHEA,P45984,0.11150186548,,,,1,0.11150186548
7-Keto-DHEA,P06737,0.11150186548,,,,1,0.11150186548
7-Keto-DHEA,O14757,0.11150186548,,,0.5330925523123483,2,0.2921835884081493
7-Keto-DHEA,P50747,0.11150186548,,,,1,0.11150186548
7-Keto-DHEA,Q02224,0.11150186548,,,,1,0.11150186548
7-Keto-DHEA,P52333,0.11150186548,0.388,,,2,0.28745522381090904
7-Keto-DHEA,P23458,0.11150186548,0.4,,,2,0.29509158744727265
7-Keto-DHEA,O60674,0.11150186548,0.522,,0.8775767378723798,3,0.48090983396693854
7-Keto-DHEA,P29597,0.11150186548,0.806,,,2,0.5534552238109092
7-Keto-DHEA,P34998,0.11150186548,,,,1,0.11150186548
7-Keto-DHEA,P42330,0.11150186548,,,0.40951807113170197,2,0.23922309647358656
7-Keto-DHEA,P21730,0.11150186548,,,,1,0.11150186548
7-Keto-DHEA,P25101,0.11150186548,,,,1,0.11150186548
7-Keto-DHEA,O95267,0.11150186548,,,,1,0.11150186548
7-Keto-DHEA,P06746,0.11150186548,,,,1,0.11150186548
7-Keto-DHEA,Q2M385,0.11150186548,,,,1,0.11150186548
7-Keto-DHEA,Q92831,0.11150186548,,,,1,0.11150186548
7-Keto-DHEA,Q02750,0.11150186548,,,,1,0.11150186548
7-Keto-DHEA,P43088,0.11150186548,,,,1,0.11150186548
7-Keto-DHEA,Q4U2R8,0.11150186548,,,,1,0.11150186548
7-Keto-DHEA,P05164,0.11150186548,,,,1,0.11150186548
7-Keto-DHEA,P10586,0.11150186548,,,,1,0.11150186548
7-Keto-DHEA,P04054,0.11150186548,,,,1,0.11150186548
11β-Methyl-19-nortestosterone,P10275,0.998752268727,0.7060000000000001,0.9416058394160584,0.767626982366074,4,0.8444762529251286
11β-Methyl-19-nortestosterone,P11511,0.998752268727,0.09,0.8580697485806975,,3,0.5749075039054227
11β-Methyl-19-nortestosterone,P04150,0.998752268727,,0.8596918085969181,,2,0.9153159926489508
11β-Methyl-19-nortestosterone,P08185,0.998752268727,,0.9416058394160584,,2,0.964464411140435
11β-Methyl-19-nortestosterone,Q99720,0.998752268727,,0.8580697485806975,,2,0.9143427566392185
11β-Methyl-19-nortestosterone,P04278,0.998752268727,,0.9464720194647201,,2,0.9673841191696321
11β-Methyl-19-nortestosterone,P05093,0.641391486292,,0.7737226277372263,,2,0.7207901711591358
11β-Methyl-19-nortestosterone,P06401,0.575618920504,,0.9416058394160584,0.7571743779745376,3,0.7864333732643048
11β-Methyl-19-nortestosterone,Q92731,0.550981601746,0.8220000000000001,0.8037307380373074,0.6070677036814539,4,0.7300756973126103
11β-Methyl-19-nortestosterone,P08235,0.394383191906,,0.786699107866991,0.9198226630027497,3,0.6967073387564765
11β-Methyl-19-nortestosterone,Q9UHC9,0.320218721084,,0.6277372262773723,,2,0.5047298242000233
11β-Methyl-19-nortestosterone,P37058,0.254289911931,,0.5555555555555555,,2,0.43504929810573323
11β-Methyl-19-nortestosterone,P31213,0.246150751368,,0.7307380373073804,,2,0.5369031229316282
11β-Methyl-19-nortestosterone,P28845,0.221330189598,,0.781021897810219,,2,0.5571452145253314
11β-Methyl-19-nortestosterone,P18405,0.21312592269,,0.643146796431468,,2,0.47113844693488083
11β-Methyl-19-nortestosterone,Q01959,0.204881979723,0.592,0.5709651257096513,,3,0.49348933371470044
11β-Methyl-19-nortestosterone,P0DMS8,0.204881979723,,0.5709651257096513,,2,0.42453186731499076
11β-Methyl-19-nortestosterone,P27361,0.204881979723,0.354,0.5660989456609895,,3,0.39377185840340806
11β-Methyl-19-nortestosterone,Q06124,0.163737226168,0.606,,,2,0.4451771731519999
11β-Methyl-19-nortestosterone,O60218,0.163737226168,,,,1,0.163737226168
11β-Methyl-19-nortestosterone,P30304,0.155528102326,,,,1,0.155528102326
11β-Methyl-19-nortestosterone,P06276,0.139061946948,0.542,0.5879967558799676,,3,0.4634251954748121
11β-Methyl-19-nortestosterone,P17706,0.139061946948,,,,1,0.139061946948
11β-Methyl-19-nortestosterone,P11413,0.139061946948,,,,1,0.139061946948
11β-Methyl-19-nortestosterone,P35398,0.130791955177,,0.5336577453365775,,2,0.3725114292727465
11β-Methyl-19-nortestosterone,P24723,0.122581769115,,,,1,0.122581769115
11β-Methyl-19-nortestosterone,P03372,0.122581769115,0.33999999999999997,0.778588807785888,,3,0.4436388190103134
11β-Methyl-19-nortestosterone,O14684,0.122581769115,,,,1,0.122581769115
11β-Methyl-19-nortestosterone,P09917,0.114337558605,0.17200000000000001,,,2,0.15103183949272728
11β-Methyl-19-nortestosterone,P07148,0.106099949133,,0.5952960259529603,,2,0.39961759522497614
11β-Methyl-19-nortestosterone,P80365,0.106099949133,,0.781021897810219,,2,0.5110531183393314
11β-Methyl-19-nortestosterone,P56817,0.106099949133,0.392,0.5815085158150851,0.5912770145625652,4,0.4215640967555103
11β-Methyl-19-nortestosterone,Q14994,0.106099949133,,,0.8400661034470893,2,0.4206568724104669
11β-Methyl-19-nortestosterone,O00748,0.106099949133,,0.5831305758313058,,2,0.39231832515198345
11β-Methyl-19-nortestosterone,P18031,0.106099949133,,0.667477696674777,,2,0.4429265976580662
11β-Methyl-19-nortestosterone,P23141,0.106099949133,,,,1,0.106099949133
11β-Methyl-19-nortestosterone,P29350,0.106099949133,,,,1,0.106099949133
11β-Methyl-19-nortestosterone,P31645,0.106099949133,0.6199999999999999,0.6901865369018654,,3,0.5238540598790112
11β-Methyl-19-nortestosterone,P35228,0.106099949133,,0.5555555555555555,,2,0.37577331298653327
11β-Methyl-19-nortestosterone,P49354 P49356,0.106099949133,,,,1,0.106099949133
11β-Methyl-19-nortestosterone,P48147,0.0978745343258,0.144,,,2,0.1272271033912
11β-Methyl-19-nortestosterone,P15090,0.0978745343258,,,,1,0.09787453432580001
11β-Methyl-19-nortestosterone,Q07869,0.0978745343258,0.44799999999999995,0.5174371451743714,,3,0.39012476519702516
11β-Methyl-19-nortestosterone,O14746,0.0978745343258,,,,1,0.09787453432580001
11β-Methyl-19-nortestosterone,P05413,0.0978745343258,,,,1,0.09787453432580001
11β-Methyl-19-nortestosterone,Q01469,0.0978745343258,,,,1,0.09787453432580001
11β-Methyl-19-nortestosterone,Q03181,0.0978745343258,0.618,,,2,0.4288634670275636
11β-Methyl-19-nortestosterone,Q13133,0.0978745343258,,,,1,0.09787453432580001
11β-Methyl-19-nortestosterone,P04035,0.0978745343258,,,,1,0.09787453432580001
11β-Methyl-19-nortestosterone,O00767,0.0978745343258,,,,1,0.09787453432580001
11β-Methyl-19-nortestosterone,Q08499,0.0978745343258,0.8099999999999999,,,2,0.5510452852093818
11β-Methyl-19-nortestosterone,P10586,0.0978745343258,,,,1,0.09787453432580001
11β-Methyl-19-nortestosterone,P04054,0.0978745343258,,,,1,0.09787453432580001
11β-Methyl-19-nortestosterone,P24666,0.0978745343258,,,,1,0.09787453432580001
11β-Methyl-19-nortestosterone,P14902,0.0978745343258,,,,1,0.09787453432580001
11β-Methyl-19-nortestosterone,P37268,0.0978745343258,,,,1,0.09787453432580001
11β-Methyl-19-nortestosterone,P54707,0.0978745343258,,,,1,0.09787453432580001
11β-Methyl-19-nortestosterone,P01375,0.0978745343258,,,,1,0.09787453432580001
11β-Methyl-19-nortestosterone,O75469,0.0978745343258,,0.6877534468775345,,2,0.45180188185684067
11β-Methyl-19-nortestosterone,P11388,0.0978745343258,0.33199999999999996,,,2,0.24686346702756357
11β-Methyl-19-nortestosterone,P05231,0.0978745343258,,,,1,0.09787453432580001
11β-Methyl-19-nortestosterone,P78536,0.0978745343258,,,,1,0.09787453432580001
11β-Methyl-19-nortestosterone,P15104,0.0978745343258,,,,1,0.09787453432580001
11β-Methyl-19-nortestosterone,Q8TDU6,0.0978745343258,,0.8580697485806975,,2,0.5539916628787385
11β-Methyl-19-nortestosterone,P37231,0.0978745343258,0.31599999999999995,0.5141930251419302,0.7013090011379205,4,0.3896291645784271
11β-Methyl-19-nortestosterone,P60033,0.0978745343258,,,,1,0.09787453432580001
11β-Methyl-19-nortestosterone,Q16850,0.0978745343258,,0.8580697485806975,,2,0.5539916628787385
11β-Methyl-19-nortestosterone,P23219,0.0978745343258,0.154,,,2,0.13359073975483637
11β-Methyl-19-nortestosterone,O14842,0.0978745343258,,,,1,0.09787453432580001
11β-Methyl-19-nortestosterone,P52895,0.0978745343258,,,0.7243159043520142,2,0.3663494071941775
11β-Methyl-19-nortestosterone,Q04828,0.0978745343258,,,0.3833665930193703,2,0.22022827376590157
11β-Methyl-19-nortestosterone,P11387,0.0978745343258,0.304,,,2,0.2290452852093818
11β-Methyl-19-nortestosterone,P43116,0.0978745343258,,,,1,0.09787453432580001
11β-Methyl-19-nortestosterone,O00519,0.0978745343258,,,,1,0.09787453432580001
11β-Methyl-19-nortestosterone,Q8NER1,0.0978745343258,,,,1,0.09787453432580001
11β-Methyl-19-nortestosterone,P30305,0.0978745343258,,,,1,0.09787453432580001
11β-Methyl-19-nortestosterone,P06746,0.0978745343258,,,,1,0.09787453432580001
11β-Methyl-19-nortestosterone,P07339,0.0978745343258,0.576,,,2,0.40213619430029085
11β-Methyl-19-nortestosterone,P43119,0.0978745343258,,,,1,0.09787453432580001
11β-Methyl-19-nortestosterone,Q9UBE0 Q9UBT2,0.0978745343258,,,,1,0.09787453432580001
11β-Methyl-19-nortestosterone,Q12809,0.0978745343258,0.42800000000000005,,,2,0.30795437611847276
11β-Methyl-19-nortestosterone,Q15722,0.0978745343258,,,,1,0.09787453432580001
11β-Methyl-19-nortestosterone,P21554,0.0978745343258,,,,1,0.09787453432580001
11β-Methyl-19-nortestosterone,P08172,0.0978745343258,0.8480000000000001,,,2,0.5752271033912
11β-Methyl-19-nortestosterone,P22303,0.0978745343258,0.33999999999999997,0.7226277372262774,,3,0.4180743859212273
11β-Methyl-19-nortestosterone,P23975,0.0978745343258,0.544,,,2,0.38177255793665454
11β-Methyl-19-nortestosterone,P33261,0.0978745343258,,0.6553122465531225,,2,0.4323371616621935
11β-Methyl-19-nortestosterone,P35408,0.0978745343258,,,,1,0.09787453432580001
11β-Methyl-19-nortestosterone,Q12772,0.0,,,,1,0.0
11β-Methyl-19-nortestosterone,P51449,0.0,,,,1,0.0
11β-Methyl-19-nortestosterone,P35354,0.0,0.5740000000000001,,,2,0.3652727272727273
11β-Methyl-19-nortestosterone,P20701,0.0,,,,1,0.0
11β-Methyl-19-nortestosterone,P21730,0.0,,,,1,0.0
11β-Methyl-19-nortestosterone,P42330,0.0,,,0.7087836768033534,2,0.3037644329157229
11β-Methyl-19-nortestosterone,P08254,0.0,,,,1,0.0
11β-Methyl-19-nortestosterone,P14780,0.0,,,,1,0.0
11β-Methyl-19-nortestosterone,P03956,0.0,,,,1,0.0
11β-Methyl-19-nortestosterone,P06737,0.0,,,,1,0.0
11β-Methyl-19-nortestosterone,Q16572,0.0,,,,1,0.0
11β-Methyl-19-nortestosterone,Q8IV61,0.0,,,,1,0.0
17α-Methylepithiostanol,Q14994,0.11150186548,,0.13463098134630982,0.8357500181287506,3,0.2893110311064701
17α-Methylepithiostanol,Q9UBS5,0.11150186548,,,,1,0.11150186548
17α-Methylepithiostanol,P03372,0.11150186548,0.5740000000000001,0.25790754257907544,,3,0.3536148657290855
17α-Methylepithiostanol,P08172,0.11150186548,0.834,,,2,0.5712734056290909
17α-Methylepithiostanol,P22303,0.11150186548,0.094,0.2554744525547445,,3,0.1551090692499098
17α-Methylepithiostanol,P23975,0.11150186548,0.608,,,2,0.42745522381090906
17α-Methylepithiostanol,P31645,0.11150186548,0.386,,,2,0.2861824965381818
17α-Methylepithiostanol,P33261,0.11150186548,,0.20356853203568534,,2,0.1667418654134112
17α-Methylepithiostanol,P28845,0.11150186548,,0.2384428223844282,,2,0.18766643962265692
17α-Methylepithiostanol,P11511,0.11150186548,0.36,0.34063260340632606,,3,0.29469429896223276
17α-Methylepithiostanol,Q13133,0.11150186548,,0.12652068126520682,,2,0.12051315495112411
17α-Methylepithiostanol,P04278,0.11150186548,,0.3017031630170316,,2,0.22562264400221896
17α-Methylepithiostanol,P30304,0.11150186548,,0.1711273317112733,,2,0.14727714521876398
17α-Methylepithiostanol,P30305,0.11150186548,,0.1711273317112733,,2,0.14727714521876398
17α-Methylepithiostanol,P04150,0.11150186548,,0.22952149229521493,,2,0.18231364156912894
17α-Methylepithiostanol,P21554,0.11150186548,,,,1,0.11150186548
17α-Methylepithiostanol,P34972,0.11150186548,,,,1,0.11150186548
17α-Methylepithiostanol,Q92731,0.11150186548,0.8379999999999999,0.20519059205190593,0.4840432704568325,4,0.4497640412800966
17α-Methylepithiostanol,P08185,0.11150186548,,0.22708840227088403,,2,0.1808537875545304
17α-Methylepithiostanol,P37058,0.11150186548,,0.16139497161394972,,2,0.14143772916036984
17α-Methylepithiostanol,P16662,0.11150186548,,,,1,0.11150186548
17α-Methylepithiostanol,P49810 Q9NZ42 Q92542 Q96BI3 P49768 Q8WW43,0.11150186548,,0.11597729115977293,,2,0.11418712088786376
17α-Methylepithiostanol,Q99720,0.11150186548,,,,1,0.11150186548
17α-Methylepithiostanol,P47871,0.11150186548,,,,1,0.11150186548
17α-Methylepithiostanol,P80365,0.11150186548,,,,1,0.11150186548
17α-Methylepithiostanol,P10275,0.11150186548,0.9,0.28304947283049475,0.8044967620603853,4,0.5428897292542063
17α-Methylepithiostanol,P21730,0.11150186548,,,,1,0.11150186548
17α-Methylepithiostanol,Q12809,0.11150186548,0.38,,,2,0.28236431471999995
17α-Methylepithiostanol,P18031,0.0,,0.2619626926196269,,2,0.15717761557177615
17α-Methylepithiostanol,P11413,0.0,,0.15652879156528793,,2,0.09391727493917275
17α-Methylepithiostanol,P06401,0.0,,0.17437145174371452,0.7170781257808266,3,0.24595869906190515
17α-Methylepithiostanol,P14902,0.0,,,,1,0.0
17α-Methylepithiostanol,Q8NER1,0.0,,,,1,0.0
17α-Methylepithiostanol,P05093,0.0,,0.18491484184914844,,2,0.11094890510948906
17α-Methylepithiostanol,P56817,0.0,0.1,,0.7919351998944638,3,0.21970039997738508
17α-Methylepithiostanol,O15055,0.0,,,,1,0.0
17α-Methylepithiostanol,P04035,0.0,,,,1,0.0
17α-Methylepithiostanol,P32246,0.0,,,,1,0.0
17α-Methylepithiostanol,Q05655,0.0,,,,1,0.0
17α-Methylepithiostanol,Q16665,0.0,,,,1,0.0
17α-Methylepithiostanol,Q15761,0.0,,,,1,0.0
17α-Methylepithiostanol,P45983,0.0,0.41400000000000003,,,2,0.26345454545454544
17α-Methylepithiostanol,P11229,0.0,,,,1,0.0
17α-Methylepithiostanol,P20309,0.0,,,,1,0.0
17α-Methylepithiostanol,P08235,0.0,,,0.8058082909981225,2,0.34534641042776676
17α-Methylepithiostanol,Q8NG68,0.0,,,,1,0.0
17α-Methylepithiostanol,P08173,0.0,,,,1,0.0
17α-Methylepithiostanol,P08912,0.0,,,,1,0.0
17α-Methylepithiostanol,P18405,0.0,,,,1,0.0
17α-Methylepithiostanol,P31213,0.0,,,,1,0.0
17α-Methylepithiostanol,O75899 Q9UBS5,0.0,,,,1,0.0
17α-Methylepithiostanol,P37288,0.0,,,,1,0.0
17α-Methylepithiostanol,P41594,0.0,,,,1,0.0
17α-Methylepithiostanol,P29475,0.0,,,,1,0.0
17α-Methylepithiostanol,Q12908,0.0,,,,1,0.0
17α-Methylepithiostanol,P48736,0.0,0.534,,,2,0.3398181818181818
17α-Methylepithiostanol,P37268,0.0,,,,1,0.0
17α-Methylepithiostanol,P42336,0.0,0.384,,,2,0.24436363636363634
17α-Methylepithiostanol,P42330,0.0,,,,1,0.0
17α-Methylepithiostanol,P11712,0.0,0.156,0.2060016220600162,,3,0.13694174896235867
17α-Methylepithiostanol,P08684,0.0,,0.15247364152473641,,2,0.09148418491484185
17α-Methylepithiostanol,P37059,0.0,,,,1,0.0
17α-Methylepithiostanol,P25116,0.0,,,,1,0.0
17α-Methylepithiostanol,P22460,0.0,,,,1,0.0
17α-Methylepithiostanol,P49354 P49356,0.0,,,,1,0.0
17α-Methylepithiostanol,P40189,0.0,,,,1,0.0
17α-Methylepithiostanol,P53609,0.0,,,,1,0.0
17α-Methylepithiostanol,Q14416,0.0,,,,1,0.0
17α-Methylepithiostanol,Q9BV23,0.0,,,,1,0.0
17α-Methylepithiostanol,O75762,0.0,,,,1,0.0
17α-Methylepithiostanol,Q9UBM7,0.0,,,,1,0.0
17α-Methylepithiostanol,P11940,0.0,,,,1,0.0
17α-Methylepithiostanol,P35372,0.0,0.6719999999999999,,,2,0.42763636363636354
17α-Methylepithiostanol,P41145,0.0,,,,1,0.0
17α-Methylepithiostanol,P10827,0.0,,,,1,0.0
17α-Methylepithiostanol,Q01959,0.0,0.8220000000000001,,,2,0.523090909090909
17α-Methylepithiostanol,P05129,0.0,,,,1,0.0
17α-Methylepithiostanol,P17252,0.0,,,,1,0.0
17α-Methylepithiostanol,P05771,0.0,,,,1,0.0
17α-Methylepithiostanol,Q02156,0.0,,,,1,0.0
17α-Methylepithiostanol,P24723,0.0,,,,1,0.0
17α-Methylepithiostanol,Q04759,0.0,,,,1,0.0
17α-Methylepithiostanol,O95267,0.0,,,,1,0.0
17α-Methylepithiostanol,P23219,0.0,0.362,,,2,0.2303636363636363
17α-Methylepithiostanol,P35354,0.0,0.584,,,2,0.37163636363636354
17α-Methylepithiostanol,P30559,0.0,,,,1,0.0
17α-Methylepithiostanol,O00408,0.0,0.524,,,2,0.33345454545454545
17α-Methylepithiostanol,Q9Y233,0.0,,,,1,0.0
17α-Methylepithiostanol,O60725,0.0,,,,1,0.0
17α-Methylepithiostanol,P07339,0.0,0.5660000000000001,,,2,0.36018181818181816
17α-Methylepithiostanol,P55055,0.0,,0.19383617193836172,,2,0.11630170316301702
17α-Methylepithiostanol,Q16539,0.0,0.31199999999999994,,,2,0.1985454545454545
17α-Methylepithiostanol,P49146,0.0,,,,1,0.0
17α-Methylepithiostanol,O43451,0.0,,,,1,0.0
17α-Methylepithiostanol,P34913,0.0,0.312,,,2,0.19854545454545452
17α-Methylepithiostanol,P48039,0.0,,,,1,0.0
17α-Methylepithiostanol,P49286,0.0,,,,1,0.0
17α-Methylepithiostanol,P21452,0.0,,,,1,0.0
17α-Methylepithiostanol,P25103,0.0,,,,1,0.0
17α-Methylepithiostanol,P51452,0.0,,,,1,0.0
19-Norandrostenediol,P04278,1.0,,0.8369829683698297,,2,0.9021897810218978
19-Norandrostenediol,P10275,0.896948172051,0.914,0.7656123276561232,0.7501551637581705,4,0.8414966072707625
19-Norandrostenediol,P03372,0.896948172051,0.664,0.7583130575831305,,3,0.7520982961001638
19-Norandrostenediol,Q92731,0.896948172051,0.9,0.7566909975669099,0.5489338649450232,4,0.8037370134220265
19-Norandrostenediol,P05093,0.559044784358,,0.6634225466342254,,2,0.6216714417237352
19-Norandrostenediol,P51449,0.346270483061,,0.6001622060016221,,2,0.49860551682537324
19-Norandrostenediol,Q12772,0.346270483061,,,,1,0.346270483061
19-Norandrostenediol,Q9UHC9,0.346270483061,,0.5993511759935118,,2,0.4981188988205071
19-Norandrostenediol,Q13133,0.346270483061,,0.6731549067315491,,2,0.5424011372633295
19-Norandrostenediol,P11511,0.321690506669,0.52,0.7120843471208435,,3,0.5411334182000624
19-Norandrostenediol,P04035,0.198833760448,,0.45985401459854014,,2,0.3554459129383241
19-Norandrostenediol,Q16850,0.133337961498,,0.45904298459042986,,2,0.3287609753534579
19-Norandrostenediol,P11413,0.125142648574,,0.5409570154095702,,2,0.37463126867534213
19-Norandrostenediol,P35398,0.125142648574,,0.48986212489862124,,2,0.3439743343687728
19-Norandrostenediol,P08185,0.108770969359,,0.7656123276561232,,2,0.5028757843372739
19-Norandrostenediol,P31645,0.108770969359,0.39,0.5660989456609895,,3,0.38598103243540804
19-Norandrostenediol,P22303,0.108770969359,0.1,0.49716139497161393,,3,0.24223836748621666
19-Norandrostenediol,P23975,0.108770969359,0.6020000000000001,0.4744525547445255,,3,0.4409293650531267
19-Norandrostenediol,P06276,0.100578902067,0.526,0.49716139497161393,,3,0.4157225869469225
19-Norandrostenediol,P08172,0.100578902067,0.62,0.4744525547445255,,3,0.4464135845138325
19-Norandrostenediol,P18031,0.100578902067,,0.5036496350364963,,2,0.34242134184869777
19-Norandrostenediol,P33261,0.100578902067,,0.4768856447688564,,2,0.32636294768811386
19-Norandrostenediol,P55055,0.100578902067,,0.6009732360097324,,2,0.40081550243263947
19-Norandrostenediol,P28845,0.100578902067,,,,1,0.100578902067
19-Norandrostenediol,P34995,0.100578902067,,,,1,0.100578902067
19-Norandrostenediol,P43116,0.100578902067,,,,1,0.100578902067
19-Norandrostenediol,O14684,0.100578902067,,,,1,0.100578902067
19-Norandrostenediol,Q07869,0.100578902067,0.382,,,2,0.2796650552970909
19-Norandrostenediol,Q03181,0.100578902067,0.6060000000000001,,,2,0.42221050984254543
19-Norandrostenediol,P24557,0.100578902067,,,,1,0.100578902067
19-Norandrostenediol,Q14534,0.100578902067,,,,1,0.100578902067
19-Norandrostenediol,P29350,0.100578902067,,,,1,0.100578902067
19-Norandrostenediol,P17706,0.100578902067,,,,1,0.100578902067
19-Norandrostenediol,P37268,0.100578902067,,,,1,0.100578902067
19-Norandrostenediol,Q9UBM7,0.100578902067,,,,1,0.100578902067
19-Norandrostenediol,Q14994,0.100578902067,,,0.5918670372473497,2,0.3111309600014356
19-Norandrostenediol,Q15465,0.100578902067,,,,1,0.100578902067
19-Norandrostenediol,P23415,0.100578902067,,,,1,0.100578902067
19-Norandrostenediol,P06746,0.100578902067,,0.5028386050283861,,2,0.34193472384383167
19-Norandrostenediol,P48147,0.100578902067,0.13399999999999998,,,2,0.12184687347890906
19-Norandrostenediol,Q9UBS5,0.0,,,,1,0.0
19-Norandrostenediol,P04150,0.0,,0.4768856447688564,,2,0.28613138686131384
19-Norandrostenediol,O00748,0.0,,,,1,0.0
19-Norandrostenediol,P35408,0.0,,,,1,0.0
19-Norandrostenediol,P14902,0.0,,,,1,0.0
19-Norandrostenediol,P15538,0.0,0.42200000000000004,,,2,0.26854545454545453
19-Norandrostenediol,P19099,0.0,,,,1,0.0
19-Norandrostenediol,P49354 P49356,0.0,,,,1,0.0
19-Norandrostenediol,Q99720,0.0,,0.38118410381184104,,2,0.22871046228710462
19-Norandrostenediol,P43119,0.0,,,,1,0.0
19-Norandrostenediol,Q9UBM7 Q15125,0.0,,,,1,0.0
19-Norandrostenediol,P15090,0.0,,,,1,0.0
19-Norandrostenediol,O00519,0.0,,,,1,0.0
19-Norandrostenediol,O14746,0.0,,,,1,0.0
19-Norandrostenediol,P05413,0.0,,,,1,0.0
19-Norandrostenediol,Q01469,0.0,,,,1,0.0
19-Norandrostenediol,P07148,0.0,,,,1,0.0
19-Norandrostenediol,P14061,0.0,,,0.9660205770096807,2,0.4140088187184346
19-Norandrostenediol,P08842,0.0,,,,1,0.0
19-Norandrostenediol,P27361,0.0,0.338,,,2,0.21509090909090908
19-Norandrostenediol,P24723,0.0,,,,1,0.0
19-Norandrostenediol,P80365,0.0,,,,1,0.0
19-Norandrostenediol,Q06124,0.0,0.628,,,2,0.3996363636363636
19-Norandrostenediol,O60218,0.0,,,,1,0.0
19-Norandrostenediol,P35372,0.0,0.45199999999999996,,,2,0.2876363636363636
19-Norandrostenediol,P11229,0.0,,,,1,0.0
19-Norandrostenediol,P09884,0.0,,,,1,0.0
19-Norandrostenediol,Q08499,0.0,0.8,,,2,0.509090909090909
19-Norandrostenediol,P10586,0.0,,,,1,0.0
19-Norandrostenediol,P04054,0.0,,,,1,0.0
19-Norandrostenediol,P30305,0.0,,,,1,0.0
19-Norandrostenediol,P24666,0.0,,,,1,0.0
19-Norandrostenediol,O75116,0.0,,,,1,0.0
19-Norandrostenediol,Q13464,0.0,,,,1,0.0
19-Norandrostenediol,P52333,0.0,0.5519999999999999,,0.4136574401127147,3,0.3646408800241531
19-Norandrostenediol,O00767,0.0,,,,1,0.0
19-Norandrostenediol,P06401,0.0,,0.5896188158961881,0.7081314064679118,3,0.43554670113698957
19-Norandrostenediol,P02774,0.0,,,0.3421821211148411,2,0.14664948047778903
19-Norandrostenediol,P11388,0.0,0.3,0.46553122465531227,,3,0.2878345498783455
19-Norandrostenediol,O60674,0.0,0.31799999999999995,,,2,0.2023636363636363
19-Norandrostenediol,P00533,0.0,0.11800000000000002,,,2,0.0750909090909091
19-Norandrostenediol,P50747,0.0,,,,1,0.0
19-Norandrostenediol,P43088,0.0,,,,1,0.0
19-Norandrostenediol,P43115,0.0,,,,1,0.0
19-Norandrostenediol,Q13258,0.0,,,,1,0.0
19-Norandrostenediol,P32297 P30926,0.0,,,,1,0.0
19-Norandrostenediol,P11387,0.0,0.09,,,2,0.05727272727272727
19-Norandrostenediol,Q16665,0.0,,,,1,0.0
19-Norandrostenediol,P01375,0.0,,,,1,0.0
19-Norandrostenediol,P04049,0.0,,,,1,0.0
19-Norandrostenediol,P00813,0.0,,,,1,0.0
19-Norandrostenediol,P29475,0.0,,,,1,0.0
19-Norandrostenediol,P15056,0.0,,,,1,0.0
19-Norandrostenediol,Q4U2R8,0.0,,,,1,0.0
19-Norandrostenediol,P60033,0.0,,,,1,0.0
19-Norandrostenediol,O14920,0.0,,,,1,0.0
19-Norandrostenediol,P11473,0.0,,,,1,0.0
19-Norandrostenediol,P41143,0.0,,,,1,0.0
19-Norandrostenediol,P41145,0.0,,,,1,0.0
19-Norandrostenediol,P27487,0.0,,0.43633414436334145,,2,0.26180048661800487
19-Norandrostenedione,P11511,0.921528282085,0.884,0.8361719383617194,0.8114378290863722,4,0.8662729122884717
19-Norandrostenedione,P10275,0.878692827029,0.6859999999999999,0.7631792376317924,0.7852116205509889,4,0.762574079777986
19-Norandrostenedione,P08185,0.878692827029,,0.7631792376317924,,2,0.8093846733906754
19-Norandrostenedione,P04278,0.878692827029,,0.7631792376317924,,2,0.8093846733906754
19-Norandrostenedione,P37058,0.878692827029,,0.7510137875101378,,2,0.8020854033176827
19-Norandrostenedione,P18405,0.85047304884,,0.856447688564477,,2,0.8540578326746862
19-Norandrostenedione,P31213,0.85047304884,,0.8686131386861314,,2,0.8613571027476788
19-Norandrostenedione,P05093,0.501906218654,,0.6423357664233577,,2,0.5861639473156146
19-Norandrostenedione,P08235,0.485540261393,,0.7023519870235199,0.7217365788607368,3,0.6401140541765638
19-Norandrostenedione,P04150,0.485540261393,,0.7145174371451745,,2,0.6229265668443047
19-Norandrostenedione,P06401,0.485540261393,,0.7201946472019465,0.6140316256449114,3,0.6234941389014164
19-Norandrostenedione,Q99720,0.485540261393,,0.6504460665044606,,2,0.5844837444598763
19-Norandrostenedione,P07148,0.485540261393,,0.6455798864557989,,2,0.5815640364306793
19-Norandrostenedione,Q14994,0.461043369399,,,0.23414899444001175,2,0.3638029229880051
19-Norandrostenedione,O75469,0.297059970116,,0.5766423357664234,,2,0.46480938950625406
19-Norandrostenedione,Q9UHC9,0.116965063224,,,,1,0.116965063224
19-Norandrostenedione,P03372,0.108770969359,0.28400000000000003,0.6991078669910786,,3,0.3892782987872042
19-Norandrostenedione,Q92731,0.108770969359,0.5660000000000001,0.4030819140308191,,3,0.4009161977424068
19-Norandrostenedione,P28845,0.108770969359,,0.4095701540957015,,2,0.2892504802010209
19-Norandrostenedione,P51681,0.100578902067,,,,1,0.100578902067
19-Norandrostenedione,P80365,0.100578902067,,0.41038118410381186,,2,0.28646027128908713
19-Norandrostenedione,P30304,0.100578902067,,,,1,0.100578902067
19-Norandrostenedione,P24723,0.100578902067,,,,1,0.100578902067
19-Norandrostenedione,Q06124,0.100578902067,0.5980000000000001,,,2,0.41711960075163634
19-Norandrostenedione,O60218,0.100578902067,,,,1,0.100578902067
19-Norandrostenedione,P27361,0.100578902067,0.32999999999999996,,,2,0.24657414620618176
19-Norandrostenedione,P35228,0.100578902067,,0.3519870235198702,,2,0.25142377493872214
19-Norandrostenedione,Q01959,0.100578902067,0.45,,,2,0.3229377825698182
19-Norandrostenedione,P35398,0.100578902067,,,,1,0.100578902067
19-Norandrostenedione,P0DMS8,0.100578902067,,,,1,0.100578902067
19-Norandrostenedione,P23219,0.100578902067,0.288,0.41362530413625304,,3,0.2882392607697363
19-Norandrostenedione,Q8NER1,0.100578902067,,,,1,0.100578902067
19-Norandrostenedione,O14684,0.100578902067,,,,1,0.100578902067
19-Norandrostenedione,P09917,0.100578902067,0.32599999999999996,,,2,0.24402869166072724
19-Norandrostenedione,P17706,0.100578902067,,,,1,0.100578902067
19-Norandrostenedione,O75762,0.100578902067,,,,1,0.100578902067
19-Norandrostenedione,P34913,0.100578902067,0.274,,,2,0.21093778256981816
19-Norandrostenedione,P37268,0.100578902067,,,,1,0.100578902067
19-Norandrostenedione,P48039,0.100578902067,,,,1,0.100578902067
19-Norandrostenedione,P06276,0.100578902067,0.34600000000000003,,,2,0.25675596438799997
19-Norandrostenedione,P49286,0.100578902067,,,,1,0.100578902067
19-Norandrostenedione,P23141,0.100578902067,,0.3519870235198702,,2,0.25142377493872214
19-Norandrostenedione,P49354 P49356,0.100578902067,,0.36009732360097324,,2,0.25628995498738394
19-Norandrostenedione,P07339,0.100578902067,0.236,,,2,0.18675596438799996
19-Norandrostenedione,P18031,0.100578902067,,0.45336577453365773,,2,0.31225102554699463
19-Norandrostenedione,P05091,0.100578902067,,,,1,0.100578902067
19-Norandrostenedione,O00519,0.100578902067,,,,1,0.100578902067
19-Norandrostenedione,O00748,0.100578902067,,0.43552311435523117,,2,0.30154542943993873
19-Norandrostenedione,P16083,0.100578902067,,,,1,0.100578902067
19-Norandrostenedione,P07099,0.100578902067,,,,1,0.100578902067
19-Norandrostenedione,P29350,0.100578902067,,,,1,0.100578902067
19-Norandrostenedione,P14902,0.100578902067,,,,1,0.100578902067
19-Norandrostenedione,P56817,0.100578902067,0.08,,,2,0.08748323711527271
19-Norandrostenedione,P09874,0.100578902067,,,,1,0.100578902067
19-Norandrostenedione,P31645,0.100578902067,0.394,,,2,0.2873014189334545
19-Norandrostenedione,Q04759,0.0,,,,1,0.0
19-Norandrostenedione,P28335,0.0,,,,1,0.0
19-Norandrostenedione,P08254,0.0,,,,1,0.0
19-Norandrostenedione,P14780,0.0,,,,1,0.0
19-Norandrostenedione,P03956,0.0,,,,1,0.0
19-Norandrostenedione,P07900,0.0,0.304,,0.49715958055586457,3,0.25853419583339954
19-Norandrostenedione,P04035,0.0,,,,1,0.0
19-Norandrostenedione,Q16850,0.0,,0.37793998377939986,,2,0.2267639902676399
19-Norandrostenedione,P19099,0.0,,,,1,0.0
19-Norandrostenedione,P07327,0.0,,,,1,0.0
19-Norandrostenedione,O75116,0.0,,,,1,0.0
19-Norandrostenedione,P00325,0.0,,,,1,0.0
19-Norandrostenedione,P00326,0.0,,,,1,0.0
19-Norandrostenedione,P07384,0.0,,,,1,0.0
19-Norandrostenedione,P06746,0.0,,,,1,0.0
19-Norandrostenedione,O00311,0.0,,,,1,0.0
19-Norandrostenedione,Q99572,0.0,,,,1,0.0
19-Norandrostenedione,P35367,0.0,,,,1,0.0
19-Norandrostenedione,P25105,0.0,,,,1,0.0
19-Norandrostenedione,Q15059,0.0,,,,1,0.0
19-Norandrostenedione,P43235,0.0,,,,1,0.0
19-Norandrostenedione,Q13255,0.0,,,,1,0.0
19-Norandrostenedione,P05164,0.0,,,,1,0.0
19-Norandrostenedione,P22460,0.0,,,,1,0.0
19-Norandrostenedione,P41597,0.0,,,,1,0.0
19-Norandrostenedione,Q9UGN5,0.0,,,,1,0.0
19-Norandrostenedione,P27487,0.0,,,,1,0.0
19-Norandrostenedione,P49336,0.0,,,,1,0.0
19-Norandrostenedione,P27338,0.0,0.088,,,2,0.055999999999999994
19-Norandrostenedione,P00533,0.0,0.096,,,2,0.061090909090909085
19-Norandrostenedione,P21730,0.0,,,,1,0.0
19-Norandrostenedione,Q13946,0.0,0.682,,,2,0.43399999999999994
19-Norandrostenedione,Q6DWJ6,0.0,,,,1,0.0
19-Norandrostenedione,P07711,0.0,,,,1,0.0
19-Norandrostenedione,P07858,0.0,0.32,,,2,0.2036363636363636
19-Norandrostenedione,P24385 P11802,0.0,,,,1,0.0
19-Norandrostenedione,P01375,0.0,,,,1,0.0
19-Norandrostenedione,Q07869,0.0,0.4,0.5766423357664234,,3,0.36822670674109065
19-Norandrostenedione,Q01469,0.0,,,,1,0.0
19-Norandrostenedione,Q03181,0.0,0.6040000000000001,,0.7500801872992529,3,0.46273146870698284
19-Norandrostenedione,Q02083,0.0,,,,1,0.0
19-Norandrostenedione,Q13510,0.0,,,,1,0.0
19-Norandrostenedione,Q96GD4,0.0,0.324,,,2,0.20618181818181816
19-Norandrostenedione,Q13464,0.0,,,,1,0.0
19-Norandrostenedione,P40394,0.0,,,,1,0.0
"Androst-4-ene-3,11,17-trione",P11511,0.498513190462,0.624,0.9115977291159773,0.7872017441277204,4,0.7096622184463512
"Androst-4-ene-3,11,17-trione",P18405,0.459066154313,,0.8361719383617194,,2,0.6853296247422317
"Androst-4-ene-3,11,17-trione",P31213,0.459066154313,,0.8402270884022708,,2,0.6877627147665625
"Androst-4-ene-3,11,17-trione",P08185,0.32477568738,,0.9115977291159773,,2,0.6768689124215863
"Androst-4-ene-3,11,17-trione",P10275,0.26948639931,0.7,0.9075425790754258,0.7601423324968474,4,0.6851814034591548
"Androst-4-ene-3,11,17-trione",P04278,0.245758011225,,0.8994322789943228,,2,0.6379625718865936
"Androst-4-ene-3,11,17-trione",P37058,0.245758011225,,0.9010543390105433,,2,0.638935807896326
"Androst-4-ene-3,11,17-trione",P06401,0.190502109895,,0.870235198702352,0.7983156147152287,3,0.644489728918446
"Androst-4-ene-3,11,17-trione",P04150,0.174646371539,,0.8742903487429035,,2,0.5944327578613421
"Androst-4-ene-3,11,17-trione",P05093,0.158886033955,,0.8426601784266018,,2,0.569150520637961
"Androst-4-ene-3,11,17-trione",Q14994,0.158886033955,,,0.47730630241326505,2,0.29535186329425644
"Androst-4-ene-3,11,17-trione",P08235,0.150981810223,,0.8556366585563666,0.7847457681801981,3,0.6224603459054457
"Androst-4-ene-3,11,17-trione",O75469,0.150981810223,,0.7899432278994323,,2,0.5343586608288594
"Androst-4-ene-3,11,17-trione",Q99720,0.143102156498,,0.8369829683698297,,2,0.5594306436210978
"Androst-4-ene-3,11,17-trione",P07148,0.143102156498,,0.8369829683698297,,2,0.5594306436210978
"Androst-4-ene-3,11,17-trione",P51681,0.127302569502,,,,1,0.127302569502
"Androst-4-ene-3,11,17-trione",P35228,0.11150186548,,0.4849959448499595,,2,0.3355983131019757
"Androst-4-ene-3,11,17-trione",P28845,0.11150186548,,0.6812652068126521,,2,0.45335987027959124
"Androst-4-ene-3,11,17-trione",Q9UHC9,0.11150186548,,0.46715328467153283,,2,0.3248927169949197
"Androst-4-ene-3,11,17-trione",Q92731,0.11150186548,0.564,0.5450121654501217,0.6407815721080766,4,0.479321258547248
"Androst-4-ene-3,11,17-trione",P03372,0.11150186548,0.278,0.7956204379562044,,3,0.4215135346857192
"Androst-4-ene-3,11,17-trione",Q01959,0.11150186548,0.45999999999999996,0.4931062449310625,,3,0.3896849959709632
"Androst-4-ene-3,11,17-trione",P27361,0.11150186548,0.322,0.48905109489051096,,3,0.33143023713312153
"Androst-4-ene-3,11,17-trione",O14684,0.11150186548,,,,1,0.11150186548
"Androst-4-ene-3,11,17-trione",Q06124,0.11150186548,0.58,,,2,0.4096370419927272
"Androst-4-ene-3,11,17-trione",P30304,0.11150186548,,,,1,0.11150186548
"Androst-4-ene-3,11,17-trione",P07384,0.11150186548,,,,1,0.11150186548
"Androst-4-ene-3,11,17-trione",P09874,0.11150186548,,,,1,0.11150186548
"Androst-4-ene-3,11,17-trione",P09668,0.11150186548,,,,1,0.11150186548
"Androst-4-ene-3,11,17-trione",P43235,0.11150186548,,,0.3934863155738732,2,0.23235234409165995
"Androst-4-ene-3,11,17-trione",P07711,0.11150186548,,,,1,0.11150186548
"Androst-4-ene-3,11,17-trione",P07858,0.11150186548,0.158,,,2,0.1410915874472727
"Androst-4-ene-3,11,17-trione",P0DMS8,0.11150186548,,0.4931062449310625,,2,0.3404644931506375
"Androst-4-ene-3,11,17-trione",P34913,0.11150186548,0.294,,,2,0.22763704199272725
"Androst-4-ene-3,11,17-trione",Q99572,0.11150186548,,,,1,0.11150186548
"Androst-4-ene-3,11,17-trione",P35398,0.11150186548,,,,1,0.11150186548
"Androst-4-ene-3,11,17-trione",P48039,0.11150186548,,,,1,0.11150186548
"Androst-4-ene-3,11,17-trione",P49286,0.11150186548,,,,1,0.11150186548
"Androst-4-ene-3,11,17-trione",P25774,0.11150186548,,,,1,0.11150186548
"Androst-4-ene-3,11,17-trione",P49354 P49356,0.11150186548,,0.6382806163828061,,2,0.4275691160216836
"Androst-4-ene-3,11,17-trione",O75762,0.11150186548,,,,1,0.11150186548
"Androst-4-ene-3,11,17-trione",P22460,0.11150186548,,,,1,0.11150186548
"Androst-4-ene-3,11,17-trione",P28335,0.11150186548,,,,1,0.11150186548
"Androst-4-ene-3,11,17-trione",P16083,0.11150186548,,,,1,0.11150186548
"Androst-4-ene-3,11,17-trione",P43405,0.11150186548,,,,1,0.11150186548
"Androst-4-ene-3,11,17-trione",P27487,0.11150186548,,,,1,0.11150186548
"Androst-4-ene-3,11,17-trione",P23443,0.11150186548,,,,1,0.11150186548
"Androst-4-ene-3,11,17-trione",O14965,0.11150186548,,,,1,0.11150186548
"Androst-4-ene-3,11,17-trione",P07339,0.11150186548,0.5519999999999999,,,2,0.3918188601745453
"Androst-4-ene-3,11,17-trione",Q6DWJ6,0.11150186548,,,,1,0.11150186548
"Androst-4-ene-3,11,17-trione",Q9Y6F1,0.11150186548,,,,1,0.11150186548
"Androst-4-ene-3,11,17-trione",Q9UGN5,0.11150186548,,,,1,0.11150186548
"Androst-4-ene-3,11,17-trione",Q9UKK3,0.11150186548,,,,1,0.11150186548
"Androst-4-ene-3,11,17-trione",O95271,0.11150186548,,,,1,0.11150186548
"Androst-4-ene-3,11,17-trione",P08069,0.11150186548,,,,1,0.11150186548
"Androst-4-ene-3,11,17-trione",O75874,0.11150186548,,,,1,0.11150186548
"Androst-4-ene-3,11,17-trione",P24863 P49336,0.11150186548,,,,1,0.11150186548
"Androst-4-ene-3,11,17-trione",P08254,0.11150186548,,,,1,0.11150186548
"Androst-4-ene-3,11,17-trione",P14780,0.11150186548,,,,1,0.11150186548
"Androst-4-ene-3,11,17-trione",P03956,0.11150186548,,,,1,0.11150186548
"Androst-4-ene-3,11,17-trione",Q9UNQ0,0.11150186548,,,,1,0.11150186548
"Androst-4-ene-3,11,17-trione",Q8NER1,0.11150186548,,,,1,0.11150186548
"Androst-4-ene-3,11,17-trione",P24385 P11802,0.11150186548,,,,1,0.11150186548
"Androst-4-ene-3,11,17-trione",P31645,0.11150186548,0.394,,,2,0.2912734056290909
"Androst-4-ene-3,11,17-trione",O60885,0.11150186548,,,,1,0.11150186548
"Androst-4-ene-3,11,17-trione",Q9NQW7,0.11150186548,,,,1,0.11150186548
"Androst-4-ene-3,11,17-trione",O43895,0.11150186548,,,,1,0.11150186548
"Androst-4-ene-3,11,17-trione",P18031,0.11150186548,,0.6958637469586375,,2,0.4621189943671825
"Androst-4-ene-3,11,17-trione",P07099,0.11150186548,,,,1,0.11150186548
"Androst-4-ene-3,11,17-trione",P24723,0.11150186548,,,,1,0.11150186548
"Androst-4-ene-3,11,17-trione",P80365,0.11150186548,,0.6731549067315491,,2,0.44849369023092944
"Androst-4-ene-3,11,17-trione",P21730,0.11150186548,,,,1,0.11150186548
"Androst-4-ene-3,11,17-trione",P06737,0.11150186548,,,,1,0.11150186548
"Androst-4-ene-3,11,17-trione",Q16539,0.11150186548,0.152,,,2,0.13727340562909088
"Androst-4-ene-3,11,17-trione",Q02083,0.11150186548,,,,1,0.11150186548
"Androst-4-ene-3,11,17-trione",Q15078 Q00535,0.11150186548,,,,1,0.11150186548
"Androst-4-ene-3,11,17-trione",P21397,0.11150186548,0.348,,,2,0.2620006783563636
"Androst-4-ene-3,11,17-trione",P27338,0.11150186548,0.11000000000000001,,,2,0.11054613290181818
"Androst-4-ene-3,11,17-trione",Q12809,0.11150186548,0.53,,,2,0.3778188601745454
"Androst-4-ene-3,11,17-trione",Q04759,0.11150186548,,,,1,0.11150186548
"Androst-4-ene-3,11,17-trione",P25101,0.11150186548,,,,1,0.11150186548
"Androst-4-ene-3,11,17-trione",P23219,0.11150186548,0.13399999999999998,0.48256285482562855,,3,0.25172850534551594
"Androst-4-ene-3,11,17-trione",Q00975,0.11150186548,,,,1,0.11150186548
"Androst-4-ene-3,11,17-trione",P42336 P27986,0.11150186548,,,,1,0.11150186548
"Androst-4-ene-3,11,17-trione",P02766,0.11150186548,,,0.5666963819408738,2,0.30658522967751733
"Androst-4-ene-3,11,17-trione",P05177,0.11150186548,0.146,,,2,0.13345522381090907
"Androst-4-ene-3,11,17-trione",P09917,0.11150186548,0.348,,,2,0.2620006783563636
"Androst-4-ene-3,11,17-trione",P17948,0.11150186548,,,,1,0.11150186548
"Androst-4-ene-3,11,17-trione",P53609 P49354,0.11150186548,,,,1,0.11150186548
"Androst-4-ene-3,11,17-trione",P35968,0.11150186548,0.358,,0.6910965989902882,3,0.3589498042064903
"Androst-4-ene-3,11,17-trione",P07900,0.11150186548,0.536,,0.6472125486660028,3,0.4385460791370006
"Androst-4-ene-3,11,17-trione",O43614,0.11150186548,,,,1,0.11150186548
"Androst-4-ene-3,11,17-trione",Q92793,0.11150186548,,,,1,0.11150186548
"Androst-4-ene-3,11,17-trione",O60341,0.11150186548,,,,1,0.11150186548
"Androst-4-ene-3,11,17-trione",O94760,0.11150186548,,,,1,0.11150186548
"Androst-4-ene-3,11,17-trione",P37268,0.11150186548,,,,1,0.11150186548
"Androst-4-ene-3,11,17-trione",P56817,0.11150186548,0.10400000000000001,,,2,0.10672795108363635
"Androst-4-ene-3,11,17-trione",P35916,0.11150186548,,,,1,0.11150186548
"Androst-4-ene-3,11,17-trione",P00533,0.11150186548,0.488,,,2,0.35109158744727265
"Androst-4-ene-3,11,17-trione",P34981,0.0,,,,1,0.0
Androstanolone,P10275,1.0,0.932,1.0,0.7847998176060275,4,0.9439199726409042
Androstanolone,P11511,1.0,0.10800000000000001,1.0,0.5828961965438579,4,0.6252344294815787
Androstanolone,P08185,1.0,,1.0,,2,1.0
Androstanolone,P04278,1.0,,1.0,,2,1.0
Androstanolone,P37058,0.99283030414,,0.8150851581508516,,2,0.8861832165465109
Androstanolone,P11413,0.786926950761,,0.8799675587996756,,2,0.8427513155842055
Androstanolone,Q9UBS5,0.476835618279,,,,1,0.476835618279
Androstanolone,Q9UHC9,0.204881979723,,0.6561232765612327,,2,0.4756267578259396
Androstanolone,O60218,0.204881979723,,0.5490673154906732,,2,0.41139318118360396
Androstanolone,P28845,0.163737226168,,0.6901865369018654,,2,0.47960681260831917
Androstanolone,P47869 P47870 P18507,0.147256737367,,0.7639902676399026,,2,0.5172968555307416
Androstanolone,P06746,0.147256737367,,0.6066504460665045,,2,0.4228929625867027
Androstanolone,P30304,0.139061946948,,0.5166261151662611,,2,0.3656004478789567
Androstanolone,P16662,0.130791955177,,0.5125709651257097,,2,0.35985936114622574
Androstanolone,Q96RI1,0.130791955177,,0.7761557177615572,,2,0.5180102127277343
Androstanolone,Q92731,0.122581769115,0.884,0.7112733171127331,0.46634919570631733,4,0.6172507283127675
Androstanolone,P15090,0.114337558605,,,,1,0.11433755860500001
Androstanolone,Q07869,0.114337558605,0.406,,,2,0.29994093040181813
Androstanolone,P05413,0.114337558605,,,,1,0.11433755860500001
Androstanolone,Q01469,0.114337558605,,,,1,0.11433755860500001
Androstanolone,Q03181,0.114337558605,0.6140000000000001,,,2,0.43230456676545453
Androstanolone,O14842,0.114337558605,,,,1,0.11433755860500001
Androstanolone,P12104,0.114337558605,,,,1,0.11433755860500001
Androstanolone,P11473,0.114337558605,,0.6147607461476075,,2,0.4145914711305645
Androstanolone,P49354 P49356,0.106099949133,,,,1,0.106099949133
Androstanolone,Q8TDU6,0.106099949133,,1.0,,2,0.6424399796532
Androstanolone,P80365,0.106099949133,,0.6212489862124899,,2,0.41518937138069395
Androstanolone,Q4U2R8,0.106099949133,,,,1,0.106099949133
Androstanolone,P43116,0.0978745343258,,,,1,0.09787453432580001
Androstanolone,P43088,0.0978745343258,,,,1,0.09787453432580001
Androstanolone,P03372,0.0978745343258,0.41,0.7112733171127331,,3,0.44289047293997635
Androstanolone,Q9Y2K7,0.0978745343258,,,,1,0.09787453432580001
Androstanolone,Q9UPP1,0.0978745343258,,,,1,0.09787453432580001
Androstanolone,P41229,0.0978745343258,,,,1,0.09787453432580001
Androstanolone,O75419,0.0978745343258,,,,1,0.09787453432580001
Androstanolone,P08575,0.0978745343258,,,,1,0.09787453432580001
Androstanolone,Q14994,0.0978745343258,,0.5409570154095702,0.5556460348695269,3,0.40801371802840014
Androstanolone,P18405,0.0978745343258,,,,1,0.09787453432580001
Androstanolone,P00747,0.0978745343258,0.318,,,2,0.23795437611847273
Androstanolone,Q8NER1,0.0978745343258,,,,1,0.09787453432580001
Androstanolone,Q9UJM8,0.0978745343258,,,,1,0.09787453432580001
Androstanolone,Q9UBE0 Q9UBT2,0.0978745343258,,,,1,0.09787453432580001
Androstanolone,P31645,0.0978745343258,0.4,,,2,0.29013619430029086
Androstanolone,P04150,0.0978745343258,,1.0,,2,0.63914981373032
Androstanolone,P34913,0.0978745343258,0.528,,,2,0.3715907397548363
Androstanolone,Q15465,0.0978745343258,,,,1,0.09787453432580001
Androstanolone,Q12809,0.0978745343258,0.2,,,2,0.1628634670275636
Androstanolone,P33261,0.0978745343258,,,,1,0.09787453432580001
Androstanolone,P32246,0.0978745343258,,,,1,0.09787453432580001
Androstanolone,P06737,0.0978745343258,,,,1,0.09787453432580001
Androstanolone,P54289,0.0978745343258,,,,1,0.09787453432580001
Androstanolone,P34972,0.0978745343258,,,,1,0.09787453432580001
Androstanolone,P30305,0.0978745343258,,0.46553122465531227,,2,0.31846854852350737
Androstanolone,Q16665,0.0978745343258,,,,1,0.09787453432580001
Androstanolone,P14902,0.0,,,,1,0.0
Androstanolone,Q99720,0.0,,0.46877534468775345,,2,0.28126520681265205
Androstanolone,P48065,0.0,,,,1,0.0
Androstanolone,Q9Y2Q3,0.0,,,,1,0.0
Androstanolone,P21730,0.0,,,,1,0.0
Androstanolone,P08254,0.0,,,,1,0.0
Androstanolone,P14780,0.0,,,,1,0.0
Androstanolone,P03956,0.0,,,,1,0.0
Androstanolone,P18031,0.0,,0.6966747769667477,,2,0.4180048661800486
Androstanolone,O60674,0.0,0.33,,,2,0.20999999999999996
Androstanolone,P05129,0.0,,,,1,0.0
Androstanolone,P05093,0.0,,0.4412003244120033,,2,0.264720194647202
Androstanolone,Q05655,0.0,,,,1,0.0
Androstanolone,P17252,0.0,,,,1,0.0
Androstanolone,P05771,0.0,,,,1,0.0
Androstanolone,Q02156,0.0,,,,1,0.0
Androstanolone,Q04759,0.0,,,,1,0.0
Androstanolone,O95267,0.0,,,,1,0.0
Androstanolone,P04035,0.0,,,,1,0.0
Androstanolone,O14684,0.0,,,,1,0.0
Androstanolone,P42330,0.0,,,0.6056630353204686,2,0.25956987228020084
Androstanolone,P08172,0.0,0.85,,,2,0.5409090909090909
Androstanolone,P22303,0.0,0.094,0.5068937550689375,,3,0.21760956061256617
Androstanolone,P23975,0.0,0.382,,,2,0.24309090909090905
Androstanolone,Q16572,0.0,,,,1,0.0
Androstanolone,P23141,0.0,,,,1,0.0
Androstanolone,P14618,0.0,,,,1,0.0
Androstanolone,Q8WWL7 P06493 P14635 O95067,0.0,,,,1,0.0
Androstanolone,P49841,0.0,0.194,,0.604015789221446,3,0.22643195483316703
Androstanolone,P06493,0.0,,,,1,0.0
Androstanolone,P61586,0.0,,,,1,0.0
Androstanolone,P21453,0.0,,,,1,0.0
Androstanolone,P12821,0.0,0.29,,,2,0.1845454545454545
Androstanolone,P00918,0.0,,,,1,0.0
Androstanolone,P00915,0.0,0.558,,,2,0.35509090909090907
Androstanolone,P49810 Q9NZ42 Q92542 Q96BI3 P49768 Q8WW43,0.0,,,,1,0.0
Androstanolone,P14625,0.0,,,,1,0.0
Androstanolone,P10721,0.0,,,,1,0.0
Androstanolone,P36888,0.0,0.8140000000000001,,,2,0.5179999999999999
Androstanolone,P35968,0.0,0.128,,0.6458621850395169,3,0.20239903965132505
Androstanolone,P07900,0.0,0.528,,0.7297475243113666,3,0.42037446949529284
Androstanolone,P08238,0.0,,,,1,0.0
Androstanolone,P22001,0.0,,,,1,0.0
Androstanolone,P52333,0.0,0.33999999999999997,,0.6198272369217414,3,0.30282012219751603
Androstanolone,P23458,0.0,0.4,,,2,0.2545454545454545
Androstanolone,P29597,0.0,0.8039999999999999,,,2,0.5116363636363636
Androstenediol,P10275,1.0,0.9199999999999999,0.8929440389294404,0.7938548330371644,4,0.9089614366344068
Androstenediol,P03372,1.0,0.9339999999999999,0.894566098945661,,3,0.9356115643337626
Androstenediol,Q92731,1.0,0.942,0.894566098945661,0.6393801880407495,4,0.8939768578898106
Androstenediol,P04278,1.0,,0.8929440389294404,,2,0.9357664233576642
Androstenediol,P05093,0.649780750482,,0.821573398215734,,2,0.7528563391222405
Androstenediol,P11511,0.41894732103,0.092,0.8199513381995134,0.4475261821898257,4,0.4291037929943279
Androstenediol,P51449,0.320218721084,,0.7769667477696675,,2,0.5942675370954005
Androstenediol,Q12772,0.320218721084,,0.6666666666666667,,2,0.5280874884336
Androstenediol,Q9UHC9,0.320218721084,,0.7704785077047851,,2,0.590374593056471
Androstenediol,Q13133,0.320218721084,,0.7793998377939984,,2,0.595727391109999
Androstenediol,Q16850,0.320218721084,,0.5547445255474452,,2,0.4609342037620672
Androstenediol,P04035,0.155528102326,,0.7502027575020276,,2,0.5123328954316165
Androstenediol,P35398,0.114337558605,,0.6658556366585564,,2,0.44524840543713384
Androstenediol,P11413,0.114337558605,,0.6017842660178426,,2,0.40680558305270553
Androstenediol,P08185,0.106099949133,,0.8929440389294404,,2,0.5782064030108642
Androstenediol,P22303,0.106099949133,0.08,0.6836982968369829,,3,0.29921115162081746
Androstenediol,P31645,0.106099949133,0.41,0.4793187347931874,,3,0.3629595414877132
Androstenediol,P33261,0.0978745343258,,0.4793187347931874,,2,0.32674105460623243
Androstenediol,P23975,0.0978745343258,0.6300000000000001,0.4768856447688564,,3,0.45075364740684354
Androstenediol,P08172,0.0978745343258,0.644,0.4768856447688564,,3,0.4565183532891963
Androstenediol,P18031,0.0978745343258,,0.7420924574209246,,2,0.4844052881828747
Androstenediol,P06276,0.0978745343258,0.154,0.6836982968369829,,3,0.3277463481367704
Androstenediol,P55055,0.0978745343258,,0.7721005677210057,,2,0.5024101543629234
Androstenediol,P28845,0.0978745343258,,0.44363341443633414,,2,0.30532986239212045
Androstenediol,P34995,0.0978745343258,,,,1,0.09787453432580001
Androstenediol,P43116,0.0978745343258,,,,1,0.09787453432580001
Androstenediol,O14684,0.0978745343258,,,,1,0.09787453432580001
Androstenediol,Q07869,0.0978745343258,0.592,,,2,0.412318012482109
Androstenediol,Q03181,0.0978745343258,0.5980000000000001,,,2,0.4161361943002909
Androstenediol,Q14534,0.0978745343258,,,,1,0.09787453432580001
Androstenediol,Q9UBS5,0.0978745343258,,,,1,0.09787453432580001
Androstenediol,P29350,0.0978745343258,,,,1,0.09787453432580001
Androstenediol,P17706,0.0978745343258,,,,1,0.09787453432580001
Androstenediol,P24557,0.0978745343258,,0.45012165450121655,,2,0.30922280643104993
Androstenediol,Q14994,0.0978745343258,,,0.571635479961142,2,0.3009149395980894
Androstenediol,Q9UBM7,0.0978745343258,,,,1,0.09787453432580001
Androstenediol,Q15465,0.0978745343258,,,,1,0.09787453432580001
Androstenediol,P23415,0.0978745343258,,,,1,0.09787453432580001
Androstenediol,P06746,0.0978745343258,,0.746147607461476,,2,0.4868383782072056
Androstenediol,P48147,0.0978745343258,0.146,,,2,0.12849983066392726
Androstenediol,P35408,0.0,,,,1,0.0
Androstenediol,P14902,0.0,,,,1,0.0
Androstenediol,P49354 P49356,0.0,,,,1,0.0
Androstenediol,P04150,0.0,,0.5644768856447688,,2,0.33868613138686127
Androstenediol,Q99720,0.0,,0.5604217356042174,,2,0.3362530413625304
Androstenediol,P43119,0.0,,,,1,0.0
Androstenediol,P15538,0.0,0.874,,,2,0.5561818181818181
Androstenediol,P19099,0.0,,,,1,0.0
Androstenediol,P08842,0.0,,,0.7147602261313148,2,0.30632581119913493
Androstenediol,Q9UBM7 Q15125,0.0,,,,1,0.0
Androstenediol,P15090,0.0,,,,1,0.0
Androstenediol,O00519,0.0,,,,1,0.0
Androstenediol,O14746,0.0,,,,1,0.0
Androstenediol,P05413,0.0,,,,1,0.0
Androstenediol,Q01469,0.0,,,,1,0.0
Androstenediol,P07148,0.0,,,,1,0.0
Androstenediol,P27361,0.0,0.33599999999999997,,,2,0.21381818181818177
Androstenediol,P24723,0.0,,,,1,0.0
Androstenediol,P80365,0.0,,,,1,0.0
Androstenediol,Q06124,0.0,0.39999999999999997,,,2,0.2545454545454545
Androstenediol,O60218,0.0,,0.46553122465531227,,2,0.27931873479318736
Androstenediol,O00748,0.0,,,,1,0.0
Androstenediol,P11229,0.0,,,,1,0.0
Androstenediol,P35354,0.0,0.354,,,2,0.22527272727272724
Androstenediol,P35372,0.0,0.41600000000000004,,,2,0.2647272727272727
Androstenediol,P14061,0.0,,,0.922109501016899,2,0.3951897861500996
Androstenediol,Q08499,0.0,0.774,,,2,0.49254545454545445
Androstenediol,P10586,0.0,,,,1,0.0
Androstenediol,P04054,0.0,,,,1,0.0
Androstenediol,P30305,0.0,,,,1,0.0
Androstenediol,P24666,0.0,,,,1,0.0
Androstenediol,O00767,0.0,,,,1,0.0
Androstenediol,P02774,0.0,,,0.6213198292188177,2,0.2662799268080647
Androstenediol,O60674,0.0,0.33599999999999997,,,2,0.21381818181818177
Androstenediol,P11388,0.0,0.098,0.5279805352798054,,3,0.226699012451696
Androstenediol,O75116,0.0,,,,1,0.0
Androstenediol,Q13464,0.0,,,,1,0.0
Androstenediol,P06401,0.0,,0.5928629359286294,0.7017482933347166,3,0.4355709611981481
Androstenediol,P43088,0.0,,,,1,0.0
Androstenediol,P43115,0.0,,,,1,0.0
Androstenediol,Q13258,0.0,,,,1,0.0
Androstenediol,P11387,0.0,0.512,,,2,0.3258181818181818
Androstenediol,Q16665,0.0,,,,1,0.0
Androstenediol,P52333,0.0,0.434,,0.5246119428796632,3,0.329416844902785
Androstenediol,P01375,0.0,,,,1,0.0
Androstenediol,Q4U2R8,0.0,,,,1,0.0
Androstenediol,P11474,0.0,,,,1,0.0
Androstenediol,O95718,0.0,,,,1,0.0
Androstenediol,Q99527,0.0,,,,1,0.0
Androstenediol,P60033,0.0,,,,1,0.0
Androstenediol,P00813,0.0,,,,1,0.0
Androstenediol,P09884,0.0,,,,1,0.0
Androstenediol,P10635,0.0,0.612,,,2,0.3894545454545454
Androstenediol,P11712,0.0,0.528,,,2,0.33599999999999997
Androstenediol,P29475,0.0,,,,1,0.0
Androstenediol,P37231,0.0,0.28,,0.31639993843231246,3,0.2077999868069241
Androstenediol,P04049,0.0,,,,1,0.0
Androstenediol,P32297 P30926,0.0,,,,1,0.0
Androstenediol,P41143,0.0,,,,1,0.0
Androstenediol,P41145,0.0,,,,1,0.0
Androstenedione,P18405,1.0,,0.908353609083536,,2,0.9450121654501216
Androstenedione,P31213,1.0,,0.908353609083536,,2,0.9450121654501216
Androstenedione,P10275,1.0,0.922,0.8896999188969993,0.7576557700476942,4,0.9032583411762538
Androstenedione,P11511,1.0,0.908,0.8896999188969993,0.7880715220213198,4,0.9029207039722978
Androstenedione,P08185,1.0,,0.8896999188969993,,2,0.9338199513381996
Androstenedione,P04278,1.0,,0.8896999188969993,,2,0.9338199513381996
Androstenedione,P37058,1.0,,0.8896999188969993,,2,0.9338199513381996
Androstenedione,P05093,0.559164811121,,0.7939983779399838,,2,0.7000649512123903
Androstenedione,Q14994,0.526221937431,,,,1,0.526221937431
Androstenedione,P08235,0.484896362689,,0.7988645579886455,0.8326185117263749,3,0.7100483333743844
Androstenedione,P04150,0.484896362689,,0.805352798053528,,2,0.6771702239077169
Androstenedione,P06401,0.484896362689,,0.7988645579886455,0.6085575550308404,3,0.658341958752338
Androstenedione,Q99720,0.484896362689,,0.789132197891322,,2,0.6674378638103933
Androstenedione,P07148,0.484896362689,,0.7818329278183294,,2,0.6630583017665976
Androstenedione,O75469,0.303816094671,,0.7356042173560422,,2,0.5628889682820253
Androstenedione,Q9UHC9,0.106099949133,,0.4339010543390105,,2,0.3027806122566063
Androstenedione,P03372,0.106099949133,0.264,0.7364152473641524,,3,0.39358184004217145
Androstenedione,Q92731,0.106099949133,0.554,0.48337388483373883,0.803950417764177,4,0.4807247179413482
Androstenedione,P28845,0.106099949133,,0.5433901054339011,,2,0.36847404291354063
Androstenedione,P51681,0.0978745343258,,,,1,0.09787453432580001
Androstenedione,P07339,0.0978745343258,0.602,,,2,0.4186816488457454
Androstenedione,P80365,0.0978745343258,,0.5433901054339011,,2,0.3651838769906606
Androstenedione,P24723,0.0978745343258,,,,1,0.09787453432580001
Androstenedione,Q06124,0.0978745343258,0.384,,,2,0.2799543761184727
Androstenedione,O60218,0.0978745343258,,,,1,0.09787453432580001
Androstenedione,P30304,0.0978745343258,,,,1,0.09787453432580001
Androstenedione,P27361,0.0978745343258,0.324,,,2,0.24177255793665453
Androstenedione,Q01959,0.0978745343258,0.656,,,2,0.4530452852093818
Androstenedione,P35398,0.0978745343258,,,,1,0.09787453432580001
Androstenedione,P35228,0.0978745343258,,,,1,0.09787453432580001
Androstenedione,P23219,0.0978745343258,0.11000000000000001,,,2,0.10559073975483636
Androstenedione,P09917,0.0978745343258,0.348,,,2,0.25704528520938175
Androstenedione,P0DMS8,0.0978745343258,,,,1,0.09787453432580001
Androstenedione,Q8NER1,0.0978745343258,,,,1,0.09787453432580001
Androstenedione,O75762,0.0978745343258,,,,1,0.09787453432580001
Androstenedione,P17706,0.0978745343258,,,,1,0.09787453432580001
Androstenedione,O14684,0.0978745343258,,,,1,0.09787453432580001
Androstenedione,P48039,0.0978745343258,,,,1,0.09787453432580001
Androstenedione,P06276,0.0978745343258,0.33199999999999996,,,2,0.24686346702756357
Androstenedione,P37268,0.0978745343258,,,,1,0.09787453432580001
Androstenedione,P34913,0.0978745343258,0.326,,,2,0.24304528520938176
Androstenedione,P23141,0.0978745343258,,,,1,0.09787453432580001
Androstenedione,P05091,0.0978745343258,,,,1,0.09787453432580001
Androstenedione,P07099,0.0978745343258,,,,1,0.09787453432580001
Androstenedione,P49286,0.0978745343258,,,,1,0.09787453432580001
Androstenedione,P49354 P49356,0.0978745343258,,0.5636658556366586,,2,0.37734932711231517
Androstenedione,O00748,0.0978745343258,,0.44282238442822386,,2,0.3048432443872543
Androstenedione,P16083,0.0978745343258,,,,1,0.09787453432580001
Androstenedione,P18031,0.0978745343258,,0.7234387672343877,,2,0.47321307407095264
Androstenedione,P29350,0.0978745343258,,,,1,0.09787453432580001
Androstenedione,Q99572,0.0978745343258,,,,1,0.09787453432580001
Androstenedione,P09874,0.0978745343258,,,,1,0.09787453432580001
Androstenedione,P56817,0.0978745343258,0.082,,0.47277096554483733,3,0.17027221670983658
Androstenedione,O00519,0.0978745343258,,,,1,0.09787453432580001
Androstenedione,P08254,0.0,,,,1,0.0
Androstenedione,P14780,0.0,,,,1,0.0
Androstenedione,P03956,0.0,,,,1,0.0
Androstenedione,P07900,0.0,0.49799999999999994,,,2,0.31690909090909086
Androstenedione,P04035,0.0,,,,1,0.0
Androstenedione,Q16850,0.0,,0.5823195458231955,,2,0.3493917274939173
Androstenedione,P31645,0.0,0.6060000000000001,,,2,0.3856363636363636
Androstenedione,O00311,0.0,,,,1,0.0
Androstenedione,P19099,0.0,,,,1,0.0
Androstenedione,P07384,0.0,,,,1,0.0
Androstenedione,P07327,0.0,,,,1,0.0
Androstenedione,P00325,0.0,,,,1,0.0
Androstenedione,P00326,0.0,,,,1,0.0
Androstenedione,P06746,0.0,,,,1,0.0
Androstenedione,O75116,0.0,,,,1,0.0
Androstenedione,Q15059,0.0,,,,1,0.0
Androstenedione,P00746,0.0,,,,1,0.0
Androstenedione,P35367,0.0,,,,1,0.0
Androstenedione,P25105,0.0,,,,1,0.0
Androstenedione,P28335,0.0,,,,1,0.0
Androstenedione,P05164,0.0,,,,1,0.0
Androstenedione,P49336,0.0,,,,1,0.0
Androstenedione,P43235,0.0,,,,1,0.0
Androstenedione,Q9UGN5,0.0,,,,1,0.0
Androstenedione,P21730,0.0,,,,1,0.0
Androstenedione,O95180,0.0,0.758,,,2,0.4823636363636363
Androstenedione,P07711,0.0,,,,1,0.0
Androstenedione,P07858,0.0,0.362,,,2,0.2303636363636363
Androstenedione,P22460,0.0,,,,1,0.0
Androstenedione,Q04759,0.0,,,,1,0.0
Androstenedione,P41145,0.0,,,,1,0.0
Androstenedione,P01375,0.0,,,,1,0.0
Androstenedione,P15090,0.0,,,,1,0.0
Androstenedione,Q07869,0.0,0.202,0.7356042173560422,,3,0.34280148847860314
Androstenedione,P05413,0.0,,,,1,0.0
Androstenedione,Q01469,0.0,,,,1,0.0
Androstenedione,Q03181,0.0,0.4,,,2,0.2545454545454545
Androstenedione,P00533,0.0,0.084,,,2,0.05345454545454545
Androstenedione,P62942,0.0,,,,1,0.0
Androstenedione,P51812,0.0,0.422,,,2,0.26854545454545453
Androstenedione,P08183,0.0,,0.7818329278183294,,2,0.46909975669099757
Androstenedione,Q9UNQ0,0.0,,,,1,0.0
Androstenedione,O60885,0.0,,,,1,0.0
Androstenedione,P27487,0.0,,,,1,0.0
Androstenedione,P50747,0.0,,,,1,0.0
Androstenedione,P41597,0.0,,,,1,0.0
Bolasterone,P04278,1.0,,1.0,,2,1.0
Bolasterone,P10275,0.959682015228,0.9259999999999999,0.9505271695052717,0.7359531670446295,4,0.9115875289538758
Bolasterone,P04150,0.959682015228,,0.9464720194647201,,2,0.951756017770032
Bolasterone,P08185,0.818183789335,,0.8929440389294404,,2,0.8630399390916643
Bolasterone,P05093,0.818183789335,,0.7769667477696675,,2,0.7934535643958005
Bolasterone,P11511,0.801544728323,0.768,0.9034874290348743,,3,0.8237119698530144
Bolasterone,Q99720,0.709883036273,,0.8588807785888077,,2,0.7992816816624846
Bolasterone,P06401,0.468147849923,,0.9464720194647201,0.6790261535529403,3,0.7375770751645493
Bolasterone,Q92731,0.351511812718,0.798,0.7534468775344688,0.46728878922696776,4,0.6457297441879858
Bolasterone,Q9UHC9,0.334886972392,,0.7583130575831305,,2,0.5889426235066783
Bolasterone,P08235,0.293258681182,,0.8434712084347121,0.6512942287307908,3,0.6298265124252804
Bolasterone,P28845,0.293258681182,,0.7112733171127331,,2,0.5440674627404398
Bolasterone,P37058,0.268235116792,,0.6763990267639902,,2,0.5131334627751941
Bolasterone,P30304,0.209877021734,,,,1,0.209877021734
Bolasterone,Q01959,0.18493005241,0.6439999999999999,0.8734793187347931,,3,0.6169762424734564
Bolasterone,P0DMS8,0.176593624722,,0.8734793187347931,,2,0.5947250411296758
Bolasterone,P27361,0.176593624722,0.344,0.8686131386861314,,3,0.48976784300028164
Bolasterone,Q06124,0.168264713882,0.606,,,2,0.4468235323207272
Bolasterone,O60218,0.168264713882,,0.43227899432278993,,2,0.32667328214647395
Bolasterone,P31213,0.159936683278,,0.7534468775344688,,2,0.5160427998318813
Bolasterone,P06276,0.143269256947,0.13199999999999998,0.5644768856447688,,3,0.2872904906856831
Bolasterone,P17706,0.143269256947,,0.6253041362530414,,2,0.4324901845306248
Bolasterone,P18405,0.134939008937,,0.6828872668288727,,2,0.46370796367212364
Bolasterone,P11413,0.134939008937,,0.5239253852392538,,2,0.3683308347183523
Bolasterone,P35398,0.126610168686,,0.5709651257096513,,2,0.3932231429001908
Bolasterone,O14684,0.118277084772,,0.49391727493917276,,2,0.3436611988723036
Bolasterone,Q14994,0.118277084772,,,0.5827262400765469,2,0.317326722759663
Bolasterone,P24723,0.118277084772,,,,1,0.11827708477200001
Bolasterone,P03372,0.109945769839,0.31,0.829683698296837,,3,0.4463461923021778
Bolasterone,P31645,0.109945769839,0.5980000000000001,0.7721005677210057,,3,0.544610969746002
Bolasterone,P80365,0.109945769839,,0.7112733171127331,,2,0.4707422982032398
Bolasterone,P07148,0.109945769839,,0.6585563665855636,,2,0.43911212788693815
Bolasterone,P18031,0.109945769839,,0.7137064071370641,,2,0.47220215221783846
Bolasterone,O00748,0.109945769839,,0.5823195458231955,,2,0.39337003542951726
Bolasterone,P56817,0.109945769839,0.31399999999999995,0.4339010543390105,0.6535797664365888,4,0.3600964352349914
Bolasterone,P23141,0.109945769839,,,,1,0.109945769839
Bolasterone,P29350,0.109945769839,,,,1,0.109945769839
Bolasterone,P09917,0.101613854776,0.346,0.4330900243309002,,3,0.319235033240553
Bolasterone,P49354 P49356,0.101613854776,,0.5190592051905921,,2,0.3520810650247552
Bolasterone,P35228,0.101613854776,,0.5604217356042174,,2,0.3768985832729304
Bolasterone,Q13133,0.101613854776,,0.43795620437956206,,2,0.3034192645381372
Bolasterone,P48147,0.101613854776,0.13999999999999999,,,2,0.12604140173672726
Bolasterone,P15090,0.101613854776,,,0.43738862808064144,2,0.24551732904941778
Bolasterone,Q07869,0.101613854776,0.42000000000000004,0.5709651257096513,,3,0.3983674219624651
Bolasterone,O14746,0.101613854776,,,,1,0.101613854776
Bolasterone,P05413,0.101613854776,,,,1,0.101613854776
Bolasterone,Q01469,0.101613854776,,,,1,0.101613854776
Bolasterone,Q03181,0.101613854776,0.5960000000000001,,,2,0.41622321991854544
Bolasterone,P04035,0.101613854776,,0.5531224655312247,,2,0.3725190212291348
Bolasterone,O00767,0.101613854776,,,,1,0.101613854776
Bolasterone,P37268,0.101613854776,,,,1,0.101613854776
Bolasterone,Q08499,0.101613854776,0.41200000000000003,,,2,0.2991323108276363
Bolasterone,P10586,0.101613854776,,,,1,0.101613854776
Bolasterone,P04054,0.101613854776,,,,1,0.101613854776
Bolasterone,P24666,0.101613854776,,,,1,0.101613854776
Bolasterone,P54707,0.101613854776,,,,1,0.101613854776
Bolasterone,P01375,0.101613854776,,,,1,0.101613854776
Bolasterone,O75469,0.101613854776,,0.7250608272506083,,2,0.47568203826076494
Bolasterone,P30305,0.101613854776,,,,1,0.101613854776
Bolasterone,P14902,0.101613854776,,,,1,0.101613854776
Bolasterone,P11388,0.101613854776,0.492,,,2,0.3500414017367272
Bolasterone,P05231,0.101613854776,,,,1,0.101613854776
Bolasterone,P78536,0.101613854776,,,,1,0.101613854776
Bolasterone,P15104,0.101613854776,,,,1,0.101613854776
Bolasterone,Q8TDU6,0.101613854776,,0.8588807785888077,,2,0.5559740090636847
Bolasterone,P37231,0.101613854776,0.11200000000000002,0.5677210056772101,0.7186562666780316,4,0.33763751266006775
Bolasterone,P08172,0.101613854776,0.43200000000000005,0.44525547445255476,,3,0.35894048622466634
Bolasterone,P22303,0.101613854776,0.10800000000000001,0.7015409570154096,,3,0.3159824212468505
Bolasterone,P23975,0.101613854776,0.4640000000000001,0.5206812652068127,,3,0.3987378241379339
Bolasterone,P33261,0.101613854776,,0.8669910786699108,,2,0.5608401891123465
Bolasterone,P60033,0.101613854776,,,,1,0.101613854776
Bolasterone,Q16850,0.101613854776,,0.8532035685320356,,2,0.5525676830296213
Bolasterone,O14842,0.101613854776,,,,1,0.101613854776
Bolasterone,Q12809,0.101613854776,0.31199999999999994,,,2,0.23549594719127268
Bolasterone,P52895,0.101613854776,,,0.791894003428238,2,0.3974482041983878
Bolasterone,Q04828,0.101613854776,,,0.4357297725416533,2,0.24480639096128
Bolasterone,P11387,0.101613854776,0.508,,,2,0.3602232199185454
Bolasterone,P34995,0.101613854776,,,,1,0.101613854776
Bolasterone,P43116,0.101613854776,,,,1,0.101613854776
Bolasterone,P07339,0.101613854776,0.386,,,2,0.2825868562821818
Bolasterone,P43119,0.101613854776,,,,1,0.101613854776
Bolasterone,P06746,0.101613854776,,,,1,0.101613854776
Bolasterone,Q9UBE0 Q9UBT2,0.101613854776,,,,1,0.101613854776
Bolasterone,O00519,0.101613854776,,,,1,0.101613854776
Bolasterone,Q8NER1,0.101613854776,,,,1,0.101613854776
Bolasterone,P23219,0.101613854776,0.326,,,2,0.24440503810036363
Bolasterone,Q15722,0.101613854776,,,,1,0.101613854776
Bolasterone,P21554,0.101613854776,,,,1,0.101613854776
Bolasterone,P35408,0.101613854776,,,,1,0.101613854776
Bolasterone,P21730,0.101613854776,,,,1,0.101613854776
Bolasterone,P51449,0.0,,,,1,0.0
Bolasterone,Q12772,0.0,,,,1,0.0
Bolasterone,P20701,0.0,,,,1,0.0
Bolasterone,P32246,0.0,,,,1,0.0
Bolasterone,P35354,0.0,0.33999999999999997,,,2,0.2163636363636363
Bolasterone,Q8IV61,0.0,,,,1,0.0
Bolasterone,P49810 Q9NZ42 Q92542 Q96BI3 P49768 Q8WW43,0.0,,,,1,0.0
Bolasterone,Q9UJM8,0.0,,,,1,0.0
Bolasterone,P08254,0.0,,,,1,0.0
Bolasterone,P14780,0.0,,,,1,0.0
Boldenone,P11511,1.0,0.304,0.8937550689375506,,3,0.6759135537426649
Boldenone,P04278,0.914560355964,,0.8369829683698297,,2,0.8680139234074978
Boldenone,P10275,0.204881979723,0.9119999999999999,0.7193836171938361,0.7927200766534654,4,0.6948994926007706
Boldenone,Q92731,0.171978589411,0.868,0.6950527169505272,0.800885826208906,4,0.666844406898694
Boldenone,P08185,0.163737226168,,0.7072181670721818,,2,0.489825790710509
Boldenone,P04150,0.147256737367,,0.705596107055961,0.8553990245628731,3,0.5683692819609527
Boldenone,P08235,0.114337558605,,0.5239253852392538,0.9380357235271302,3,0.49346228587976254
Boldenone,Q99720,0.106099949133,,0.7007299270072993,,2,0.4628779358575796
Boldenone,P03372,0.0978745343258,0.32999999999999996,0.6042173560421735,,3,0.3721648396209553
Boldenone,P05231,0.0978745343258,,,,1,0.09787453432580001
Boldenone,P78536,0.0978745343258,,,,1,0.09787453432580001
Boldenone,P15104,0.0978745343258,,,,1,0.09787453432580001
Boldenone,Q8TDU6,0.0978745343258,,0.705596107055961,,2,0.4625074779638966
Boldenone,P07148,0.0978745343258,,0.42416869424168696,,2,0.2936510302753322
Boldenone,P06401,0.0978745343258,,0.7007299270072993,0.6212214765660226,3,0.4968878560803895
Boldenone,P17706,0.0978745343258,,,,1,0.09787453432580001
Boldenone,P31213,0.0978745343258,,0.49472830494728304,,2,0.3359867966986898
Boldenone,P05093,0.0978745343258,,0.6455798864557989,,2,0.4264977456037993
Boldenone,Q9UHC9,0.0978745343258,,0.47607461476074614,,2,0.3247945825867677
Boldenone,Q01959,0.0978745343258,0.20999999999999996,0.3682076236820762,,3,0.2394555223173916
Boldenone,P0DMS8,0.0978745343258,,0.36253041362530414,,2,0.2566680619055025
Boldenone,P27361,0.0978745343258,0.12000000000000002,0.3584752635847526,,3,0.19896174816539505
Boldenone,P15090,0.0978745343258,,,,1,0.09787453432580001
Boldenone,Q07869,0.0978745343258,0.418,,,2,0.3015907397548363
Boldenone,P05413,0.0978745343258,,,,1,0.09787453432580001
Boldenone,Q03181,0.0978745343258,0.6060000000000001,,,2,0.4212271033912
Boldenone,O14842,0.0978745343258,,,,1,0.09787453432580001
Boldenone,P18031,0.0978745343258,,0.4882400648824007,,2,0.3320938526597604
Boldenone,P28845,0.0978745343258,,0.46634225466342255,,2,0.3189551665283735
Boldenone,P34913,0.0978745343258,0.516,,,2,0.36395437611847264
Boldenone,Q8IV61,0.0978745343258,,,,1,0.09787453432580001
Boldenone,P18405,0.0978745343258,,0.41849148418491483,,2,0.2902447042412689
Boldenone,P30304,0.0978745343258,,,,1,0.09787453432580001
Boldenone,P23219,0.0978745343258,0.37,,,2,0.2710452852093818
Boldenone,Q06124,0.0978745343258,0.5860000000000001,,,2,0.40849983066392725
Boldenone,O60218,0.0978745343258,,,,1,0.09787453432580001
Boldenone,Q2M385,0.0978745343258,,,,1,0.09787453432580001
Boldenone,P98170,0.0978745343258,,,,1,0.09787453432580001
Boldenone,Q92831,0.0978745343258,,,,1,0.09787453432580001
Boldenone,P37058,0.0978745343258,,,,1,0.09787453432580001
Boldenone,P11413,0.0978745343258,,0.39253852392538524,,2,0.2746729280855511
Boldenone,P06746,0.0978745343258,,,,1,0.09787453432580001
Boldenone,P53350,0.0978745343258,0.292,,,2,0.22140892157301814
Boldenone,P09917,0.0978745343258,0.576,,,2,0.40213619430029085
Boldenone,P35228,0.0978745343258,,,,1,0.09787453432580001
Boldenone,P35398,0.0978745343258,,0.4193025141930251,,2,0.29073132224613507
Boldenone,P31645,0.0978745343258,0.396,0.33657745336577455,,3,0.30488016808810864
Boldenone,P21554,0.0978745343258,,,,1,0.09787453432580001
Boldenone,Q9NQR1,0.0,,,,1,0.0
Boldenone,O14684,0.0,,,,1,0.0
Boldenone,P23458,0.0,0.404,,,2,0.2570909090909091
Boldenone,O60674,0.0,0.5559999999999999,,,2,0.35381818181818175
Boldenone,P11229,0.0,,,,1,0.0
Boldenone,P17252,0.0,,,,1,0.0
Boldenone,P54707,0.0,,,,1,0.0
Boldenone,P21730,0.0,,,,1,0.0
Boldenone,Q8WWL7 P06493 P14635 O95067,0.0,,,,1,0.0
Boldenone,P14416,0.0,0.396,,,2,0.252
Boldenone,P35372,0.0,0.45999999999999996,,,2,0.29272727272727267
Boldenone,P41143,0.0,,,,1,0.0
Boldenone,P41145,0.0,,,,1,0.0
Boldenone,P49841,0.0,0.33799999999999997,,0.5939476278145509,3,0.2962744916745466
Boldenone,P06493,0.0,,,,1,0.0
Boldenone,P24723,0.0,,,,1,0.0
Boldenone,P49810 Q9NZ42 Q92542 Q96BI3 P49768 Q8WW43,0.0,,,,1,0.0
Boldenone,P37231,0.0,0.32599999999999996,,0.4842202420286737,3,0.2667614804347158
Boldenone,P22303,0.0,0.082,0.470397404703974,,3,0.19978731930728497
Boldenone,P14902,0.0,,,,1,0.0
Boldenone,P29350,0.0,,,,1,0.0
Boldenone,P08908,0.0,,,,1,0.0
Boldenone,Q16572,0.0,,,,1,0.0
Boldenone,Q14994,0.0,,,0.5912598559874039,2,0.25339708113745885
Boldenone,P10070,0.0,,,,1,0.0
Boldenone,P08151,0.0,,,,1,0.0
Boldenone,P06737,0.0,,,,1,0.0
Boldenone,P23141,0.0,,,,1,0.0
Boldenone,P08172,0.0,0.852,,,2,0.5421818181818181
Boldenone,P48039,0.0,,,,1,0.0
Boldenone,P49286,0.0,,,,1,0.0
Boldenone,Q12809,0.0,0.186,,,2,0.11836363636363634
Boldenone,Q12772,0.0,,,,1,0.0
Boldenone,O14746,0.0,,,,1,0.0
Boldenone,Q01469,0.0,,,,1,0.0
Boldenone,P32246,0.0,,,,1,0.0
Boldenone,P08254,0.0,,,,1,0.0
Boldenone,P03956,0.0,,,,1,0.0
Boldenone,O00311,0.0,,,,1,0.0
Boldenone,P21453,0.0,,,,1,0.0
Boldenone,P49327,0.0,,,,1,0.0
Boldenone,P28472 P18507 P31644,0.0,,,,1,0.0
Boldenone,P05129,0.0,,,,1,0.0
Boldenone,P52333,0.0,0.6140000000000001,,,2,0.39072727272727276
Boldenone,Q05655,0.0,,,,1,0.0
Boldenone,P05771,0.0,,,,1,0.0
Boldenone,P29597,0.0,0.8039999999999999,,,2,0.5116363636363636
Boldenone,Q02156,0.0,,,,1,0.0
Boldenone,Q04759,0.0,,,,1,0.0
Boldenone,P21452,0.0,,,,1,0.0
Boldenone,P25103,0.0,,,,1,0.0
Boldenone,P15907,0.0,,,,1,0.0
Boldione,P11511,1.0,0.686,0.8921330089213301,0.5970847930503339,4,0.7973026216339492
Boldione,P18405,0.188420385827,,0.7015409570154096,,2,0.4962927285400458
Boldione,P31213,0.188420385827,,0.7015409570154096,,2,0.4962927285400458
Boldione,P10275,0.188420385827,0.68,0.7299270072992701,0.6833188161570091,4,0.5971600017787323
Boldione,P08185,0.188420385827,,0.7299270072992701,,2,0.513324358710362
Boldione,P04278,0.188420385827,,0.7299270072992701,,2,0.513324358710362
Boldione,P37058,0.188420385827,,0.7299270072992701,,2,0.513324358710362
Boldione,Q14994,0.106099949133,,,0.394910553532164,2,0.22987592244692745
Boldione,P05093,0.106099949133,,0.6707218167072181,,2,0.4448730696775309
Boldione,P06401,0.106099949133,,0.6626115166261152,0.7534188190447098,3,0.5123327194940631
Boldione,Q92731,0.0978745343258,0.798,0.40551500405515006,0.45386683448228754,4,0.48860943325404815
Boldione,P08235,0.0978745343258,,0.6366585563665855,0.5765627873113524,3,0.4570106028797515
Boldione,P04150,0.0978745343258,,0.6828872668288727,,2,0.4488821738276436
Boldione,Q99720,0.0978745343258,,0.6577453365774533,,2,0.43379701567679196
Boldione,P07148,0.0978745343258,,0.6123276561232767,,2,0.406546407404286
Boldione,P53350,0.0978745343258,0.276,,,2,0.2112271033912
Boldione,O75469,0.0978745343258,,0.6407137064071371,,2,0.4235780375746023
Boldione,P05231,0.0978745343258,,,,1,0.09787453432580001
Boldione,P15104,0.0978745343258,,,,1,0.09787453432580001
Boldione,P17706,0.0978745343258,,,,1,0.09787453432580001
Boldione,P51681,0.0978745343258,,,,1,0.09787453432580001
Boldione,P78536,0.0978745343258,,,,1,0.09787453432580001
Boldione,P34913,0.0978745343258,0.544,,,2,0.38177255793665454
Boldione,P10070,0.0978745343258,,,,1,0.09787453432580001
Boldione,P08151,0.0978745343258,,,,1,0.09787453432580001
Boldione,P48039,0.0978745343258,,,,1,0.09787453432580001
Boldione,Q9UHC9,0.0978745343258,,,,1,0.09787453432580001
Boldione,P09917,0.0978745343258,0.5940000000000001,,,2,0.4135907397548364
Boldione,P35228,0.0978745343258,,0.3527980535279805,,2,0.2508286458471083
Boldione,P03372,0.0978745343258,0.284,0.578264395782644,,3,0.3440637948234743
Boldione,P07099,0.0978745343258,,,,1,0.09787453432580001
Boldione,P16083,0.0978745343258,,,,1,0.09787453432580001
Boldione,P49286,0.0978745343258,,,,1,0.09787453432580001
Boldione,P05091,0.0978745343258,,,,1,0.09787453432580001
Boldione,P28845,0.0978745343258,,0.37064071370640717,,2,0.2615342419541643
Boldione,Q8NER1,0.0978745343258,,,,1,0.09787453432580001
Boldione,P15090,0.0978745343258,,,,1,0.09787453432580001
Boldione,Q07869,0.0978745343258,0.612,0.5774533657745337,,3,0.4788363724676707
Boldione,P05413,0.0978745343258,,,,1,0.09787453432580001
Boldione,Q03181,0.0978745343258,0.6,,,2,0.4174089215730181
Boldione,P07900,0.0,0.514,,0.786223495560517,3,0.42547646333439654
Boldione,Q8TDU6,0.0,,0.6585563665855636,,2,0.39513381995133817
Boldione,P80365,0.0,,0.36658556366585565,,2,0.21995133819951337
Boldione,P37268,0.0,,,,1,0.0
Boldione,O75116,0.0,,,,1,0.0
Boldione,P18031,0.0,,0.47607461476074614,,2,0.2856447688564477
Boldione,Q99572,0.0,,,,1,0.0
Boldione,P07339,0.0,0.388,0.3560421735604217,,3,0.28542664949191354
Boldione,P09874,0.0,,,,1,0.0
Boldione,P24723,0.0,,,,1,0.0
Boldione,Q06124,0.0,0.378,,,2,0.24054545454545453
Boldione,O60218,0.0,,,,1,0.0
Boldione,Q04759,0.0,,,,1,0.0
Boldione,Q2M385,0.0,,,,1,0.0
Boldione,P98170,0.0,,,,1,0.0
Boldione,Q92831,0.0,,,,1,0.0
Boldione,O75762,0.0,,,,1,0.0
Boldione,O00311,0.0,,,,1,0.0
Boldione,P07327,0.0,,,,1,0.0
Boldione,P35367,0.0,,,,1,0.0
Boldione,P25105,0.0,,,,1,0.0
Boldione,P00325,0.0,,,,1,0.0
Boldione,P00326,0.0,,,,1,0.0
Boldione,P08254,0.0,,,,1,0.0
Boldione,Q9BY41,0.0,,,,1,0.0
Boldione,P14780,0.0,,,,1,0.0
Boldione,P03956,0.0,,,,1,0.0
Boldione,P28335,0.0,,,,1,0.0
Boldione,P19099,0.0,,,,1,0.0
Boldione,P07384,0.0,,,,1,0.0
Boldione,Q15059,0.0,,,,1,0.0
Boldione,Q16539,0.0,0.346,,,2,0.22018181818181815
Boldione,P35398,0.0,,,,1,0.0
Boldione,P41143,0.0,,,,1,0.0
Boldione,P41145,0.0,,,,1,0.0
Boldione,P43235,0.0,,,,1,0.0
Boldione,P40394,0.0,,,,1,0.0
Boldione,P22460,0.0,,,,1,0.0
Boldione,Q02083,0.0,,,,1,0.0
Boldione,Q8IXJ6,0.0,,,,1,0.0
Boldione,Q13510,0.0,,,,1,0.0
Boldione,P30304,0.0,,,,1,0.0
Boldione,Q96GD4,0.0,0.33399999999999996,,,2,0.21254545454545448
Boldione,P21730,0.0,,,,1,0.0
Boldione,P23443,0.0,,,,1,0.0
Boldione,O14965,0.0,,,,1,0.0
Boldione,P00918,0.0,,,,1,0.0
Boldione,P05164,0.0,,,,1,0.0
Boldione,P00915,0.0,0.5559999999999999,,,2,0.35381818181818175
Boldione,Q9UGN5,0.0,,,,1,0.0
Boldione,P23219,0.0,0.32,,,2,0.2036363636363636
Boldione,P27338,0.0,0.11000000000000001,,,2,0.06999999999999999
Boldione,Q9UBU7 O00311,0.0,,,,1,0.0
Boldione,P49336,0.0,,,,1,0.0
Boldione,P47712,0.0,,,,1,0.0
Boldione,P07711,0.0,,,,1,0.0
Boldione,P07858,0.0,0.10200000000000001,,,2,0.0649090909090909
Boldione,P54289,0.0,,,,1,0.0
Boldione,P27361,0.0,0.324,,,2,0.20618181818181816
Boldione,P00533,0.0,0.28600000000000003,,,2,0.182
Calusterone,P04278,0.986221516644,,0.8921330089213301,,2,0.9297684120103982
Calusterone,P10275,0.959682015228,0.9259999999999999,0.8418491484184916,0.7359531670446295,4,0.8789841226278418
Calusterone,P04150,0.921392245664,,0.8386050283860502,,2,0.8717199152972301
Calusterone,P05093,0.864804765933,,0.6682887266828873,,2,0.7468951423829324
Calusterone,P08185,0.801544728323,,0.7850770478507705,,2,0.7916641200396624
Calusterone,P11511,0.801544728323,0.768,0.7956204379562044,,3,0.7856412671193663
Calusterone,Q99720,0.676548522614,,0.7502027575020276,,2,0.7207410635468166
Calusterone,P06401,0.509860934743,,0.8386050283860502,0.6790261535529403,3,0.7006271053805478
Calusterone,Q9UHC9,0.334886972392,,0.6504460665044606,,2,0.5242224288594763
Calusterone,P08235,0.326563704219,,0.6918085969180859,0.6512942287307908,3,0.5700760834289913
Calusterone,Q92731,0.309880067163,0.798,0.6017842660178426,0.46728878922696776,4,0.591904611621998
Calusterone,P28845,0.284878497329,,0.5563665855636659,,2,0.44777135026979953
Calusterone,P37058,0.251528880603,,0.5239253852392538,,2,0.4149667833847523
Calusterone,P30304,0.209877021734,,,,1,0.209877021734
Calusterone,Q01959,0.201601848762,0.6439999999999999,0.7664233576642335,,3,0.5831145612372589
Calusterone,P0DMS8,0.18493005241,,0.7664233576642335,,2,0.53382603556254
Calusterone,P27361,0.18493005241,0.344,0.7664233576642335,,3,0.4556623738603177
Calusterone,Q06124,0.168264713882,0.606,,,2,0.4468235323207272
Calusterone,O60218,0.168264713882,,,,1,0.168264713882
Calusterone,P31213,0.151564691457,,0.7526358475263584,,2,0.5122073850986151
Calusterone,P06276,0.143269256947,0.13199999999999998,,,2,0.13609791161709087
Calusterone,P17706,0.143269256947,,0.4720194647201947,,2,0.34051938161091677
Calusterone,P18405,0.134939008937,,0.6820762368207623,,2,0.4632213456672574
Calusterone,P11413,0.134939008937,,0.44282238442822386,,2,0.3196690342317343
Calusterone,P35398,0.126610168686,,,,1,0.126610168686
Calusterone,P24723,0.118277084772,,,,1,0.11827708477200001
Calusterone,O14684,0.118277084772,,,,1,0.11827708477200001
Calusterone,P03372,0.118277084772,0.31,0.6788321167883211,,3,0.39506476704811333
Calusterone,P31645,0.118277084772,0.5980000000000001,0.6212489862124899,,3,0.49332954449193767
Calusterone,Q14994,0.109945769839,,,0.5827262400765469,2,0.3125659713693773
Calusterone,P80365,0.109945769839,,0.5563665855636659,,2,0.3777982592737995
Calusterone,P18031,0.109945769839,,0.5604217356042174,,2,0.3802313492981304
Calusterone,P07148,0.109945769839,,0.5068937550689375,,2,0.3481145609769625
Calusterone,P56817,0.109945769839,0.31399999999999995,,0.6535797664365888,3,0.3284658841904119
Calusterone,O00748,0.109945769839,,,,1,0.109945769839
Calusterone,P23141,0.109945769839,,,,1,0.109945769839
Calusterone,P29350,0.109945769839,,,,1,0.109945769839
Calusterone,P49354 P49356,0.101613854776,,0.43795620437956206,,2,0.3034192645381372
Calusterone,P35228,0.101613854776,,,,1,0.101613854776
Calusterone,P09917,0.101613854776,0.346,,,2,0.2571323108276363
Calusterone,Q13133,0.101613854776,,,,1,0.101613854776
Calusterone,P48147,0.101613854776,0.13999999999999999,,,2,0.12604140173672726
Calusterone,P15090,0.101613854776,,,0.43738862808064144,2,0.24551732904941778
Calusterone,Q07869,0.101613854776,0.42000000000000004,0.43633414436334145,,3,0.3508506050167087
Calusterone,O14746,0.101613854776,,,,1,0.101613854776
Calusterone,P05413,0.101613854776,,,,1,0.101613854776
Calusterone,Q01469,0.101613854776,,,,1,0.101613854776
Calusterone,Q03181,0.101613854776,0.5960000000000001,,,2,0.41622321991854544
Calusterone,P37268,0.101613854776,,,,1,0.101613854776
Calusterone,P04035,0.101613854776,,,,1,0.101613854776
Calusterone,O00767,0.101613854776,,,,1,0.101613854776
Calusterone,Q08499,0.101613854776,0.41200000000000003,,,2,0.2991323108276363
Calusterone,P10586,0.101613854776,,,,1,0.101613854776
Calusterone,P04054,0.101613854776,,,,1,0.101613854776
Calusterone,P24666,0.101613854776,,,,1,0.101613854776
Calusterone,P14902,0.101613854776,,,,1,0.101613854776
Calusterone,P54707,0.101613854776,,,,1,0.101613854776
Calusterone,P01375,0.101613854776,,,,1,0.101613854776
Calusterone,O75469,0.101613854776,,0.5847526358475263,,2,0.3914971234189158
Calusterone,P30305,0.101613854776,,,,1,0.101613854776
Calusterone,P11388,0.101613854776,0.492,,,2,0.3500414017367272
Calusterone,P37231,0.101613854776,0.11200000000000002,0.4330900243309002,0.7186562666780316,4,0.2972482182561748
Calusterone,P08172,0.101613854776,0.43200000000000005,,,2,0.31185958355490906
Calusterone,P22303,0.101613854776,0.10800000000000001,0.5482562854825629,,3,0.26188194894113986
Calusterone,P23975,0.101613854776,0.4640000000000001,0.4395782643957826,,3,0.37011323561639387
Calusterone,P33261,0.101613854776,,0.7599351175993511,,2,0.4966066124700106
Calusterone,P05231,0.101613854776,,,,1,0.101613854776
Calusterone,P78536,0.101613854776,,,,1,0.101613854776
Calusterone,P15104,0.101613854776,,,,1,0.101613854776
Calusterone,Q8TDU6,0.101613854776,,0.7502027575020276,,2,0.49076719641161654
Calusterone,P60033,0.101613854776,,,,1,0.101613854776
Calusterone,Q16850,0.101613854776,,0.7453365774533657,,2,0.48784748838241937
Calusterone,O14842,0.101613854776,,,,1,0.101613854776
Calusterone,Q12809,0.101613854776,0.31199999999999994,,,2,0.23549594719127268
Calusterone,P52895,0.101613854776,,,0.791894003428238,2,0.3974482041983878
Calusterone,Q04828,0.101613854776,,,0.4357297725416533,2,0.24480639096128
Calusterone,P11387,0.101613854776,0.508,,,2,0.3602232199185454
Calusterone,P43116,0.101613854776,,,,1,0.101613854776
Calusterone,Q8NER1,0.101613854776,,,,1,0.101613854776
Calusterone,P07339,0.101613854776,0.386,,,2,0.2825868562821818
Calusterone,O00519,0.101613854776,,,,1,0.101613854776
Calusterone,P43119,0.101613854776,,,,1,0.101613854776
Calusterone,P06746,0.101613854776,,,,1,0.101613854776
Calusterone,Q9UBE0 Q9UBT2,0.101613854776,,,,1,0.101613854776
Calusterone,P23219,0.101613854776,0.326,,,2,0.24440503810036363
Calusterone,Q15722,0.101613854776,,,,1,0.101613854776
Calusterone,P21554,0.101613854776,,,,1,0.101613854776
Calusterone,P51449,0.101613854776,,,,1,0.101613854776
Calusterone,P21730,0.101613854776,,,,1,0.101613854776
Calusterone,P35408,0.101613854776,,,,1,0.101613854776
Calusterone,Q12772,0.0,,,,1,0.0
Calusterone,P32246,0.0,,,,1,0.0
Calusterone,P35354,0.0,0.33999999999999997,,,2,0.2163636363636363
Calusterone,P20701,0.0,,,,1,0.0
Calusterone,P08254,0.0,,,,1,0.0
Calusterone,P14780,0.0,,,,1,0.0
Calusterone,P03956,0.0,,,,1,0.0
Calusterone,P49810 Q9NZ42 Q92542 Q96BI3 P49768 Q8WW43,0.0,,,,1,0.0
Calusterone,Q8IV61,0.0,,,,1,0.0
Calusterone,Q16572,0.0,,,,1,0.0
Clostebol,P11511,0.190502109895,0.32999999999999996,0.708029197080292,0.6628630097433661,4,0.46543863256459245
Clostebol,P04278,0.182601416737,,0.7137064071370641,,2,0.5012644109770384
Clostebol,P10275,0.174646371539,0.9120000000000001,0.6763990267639902,0.7571762165832023,4,0.6706254148244775
Clostebol,P04150,0.174646371539,,0.667477696674777,,2,0.4703451666204662
Clostebol,P08185,0.174646371539,,0.665044606650446,,2,0.4688853126058675
Clostebol,Q99720,0.174646371539,,0.665044606650446,,2,0.4688853126058675
Clostebol,P05093,0.135202128368,,0.5174371451743714,,2,0.36454313845182285
Clostebol,Q92731,0.127302569502,0.884,0.5644768856447688,0.5591144808497567,4,0.5880707517212942
Clostebol,P06401,0.11150186548,,0.667477696674777,0.6819500567724719,3,0.49974798556046746
Clostebol,P37058,0.11150186548,,0.33414436334144365,,2,0.2450873641968662
Clostebol,P08235,0.11150186548,,0.42903487429034876,0.890451376710246,3,0.4378131413686792
Clostebol,Q9UHC9,0.11150186548,,0.38118410381184104,,2,0.2733112084791046
Clostebol,P28845,0.11150186548,,0.39172749391727496,,2,0.279637242542365
Clostebol,P31213,0.11150186548,,0.4776966747769667,,2,0.33121875105818
Clostebol,Q06124,0.11150186548,0.6140000000000001,,,2,0.43127340562909094
Clostebol,O60218,0.11150186548,,,,1,0.11150186548
Clostebol,Q01959,0.11150186548,0.472,0.2546634225466342,,3,0.3104698821882238
Clostebol,P0DMS8,0.11150186548,,0.2546634225466342,,2,0.1973987997199805
Clostebol,P27361,0.11150186548,0.13399999999999998,,,2,0.12581886017454544
Clostebol,P03372,0.11150186548,0.392,0.4922952149229522,,3,0.36139875008574784
Clostebol,P11413,0.11150186548,,0.3690186536901865,,2,0.2660119384061119
Clostebol,P06276,0.11150186548,0.33399999999999996,0.2635847526358475,,3,0.25679505751382853
Clostebol,P17706,0.11150186548,,,,1,0.11150186548
Clostebol,P31645,0.11150186548,0.41,0.2570965125709651,,3,0.28579920807916415
Clostebol,P18405,0.11150186548,,0.332522303325223,,2,0.24411412818713377
Clostebol,P35398,0.11150186548,,0.3252230332522303,0.4413726707208446,3,0.286266436430455
Clostebol,P30304,0.11150186548,,,,1,0.11150186548
Clostebol,Q9UBS5,0.11150186548,,,,1,0.11150186548
Clostebol,P24723,0.11150186548,,,,1,0.11150186548
Clostebol,P23141,0.11150186548,,,,1,0.11150186548
Clostebol,P06737,0.11150186548,,,,1,0.11150186548
Clostebol,Q12809,0.11150186548,0.458,,,2,0.3320006783563636
Clostebol,P07148,0.11150186548,,0.2846715328467153,,2,0.21540366590002918
Clostebol,Q14994,0.0,,,,1,0.0
Clostebol,P35228,0.0,,,,1,0.0
Clostebol,P29350,0.0,,,,1,0.0
Clostebol,O14684,0.0,,,,1,0.0
Clostebol,P80365,0.0,,0.39172749391727496,,2,0.23503649635036497
Clostebol,P09917,0.0,0.366,,,2,0.23290909090909087
Clostebol,P56817,0.0,0.088,,0.6690952816477227,3,0.18737756035308342
Clostebol,P34913,0.0,0.514,,,2,0.3270909090909091
Clostebol,P34995,0.0,,,,1,0.0
Clostebol,P43116,0.0,,,,1,0.0
Clostebol,P48147,0.0,0.34199999999999997,,,2,0.2176363636363636
Clostebol,P35408,0.0,,,,1,0.0
Clostebol,P43115,0.0,,,,1,0.0
Clostebol,Q13133,0.0,,,,1,0.0
Clostebol,P49354 P49356,0.0,,,,1,0.0
Clostebol,P10721,0.0,,,,1,0.0
Clostebol,P36888,0.0,0.792,,,2,0.504
Clostebol,P35968,0.0,0.12,,0.5810986292544682,3,0.18452113484024318
Clostebol,O60674,0.0,0.5519999999999999,,,2,0.3512727272727272
Clostebol,P08908,0.0,,,,1,0.0
Clostebol,P14416,0.0,0.5980000000000001,,,2,0.3805454545454545
Clostebol,P35462,0.0,,,,1,0.0
Clostebol,P01375,0.0,,,,1,0.0
Clostebol,P33261,0.0,,0.2587185725871857,,2,0.15523114355231143
Clostebol,P00813,0.0,,,,1,0.0
Clostebol,Q8WWL7 P06493 P14635 O95067,0.0,,,,1,0.0
Clostebol,P34972,0.0,,,,1,0.0
Clostebol,P06493,0.0,,,,1,0.0
Clostebol,P18031,0.0,,0.3422546634225466,,2,0.20535279805352796
Clostebol,P15090,0.0,,,,1,0.0
Clostebol,Q07869,0.0,0.404,,,2,0.2570909090909091
Clostebol,O14746,0.0,,,,1,0.0
Clostebol,P05413,0.0,,,,1,0.0
Clostebol,Q01469,0.0,,,,1,0.0
Clostebol,Q03181,0.0,0.6199999999999999,,,2,0.3945454545454544
Clostebol,P21730,0.0,,,,1,0.0
Clostebol,P08254,0.0,,,,1,0.0
Clostebol,P14780,0.0,,,,1,0.0
Clostebol,P03956,0.0,,,,1,0.0
Clostebol,P07333,0.0,,,,1,0.0
Clostebol,P05129,0.0,,,,1,0.0
Clostebol,P21453,0.0,,,,1,0.0
Clostebol,P04035,0.0,,0.2570965125709651,,2,0.15425790754257906
Clostebol,Q08499,0.0,0.5599999999999999,,,2,0.35636363636363627
Clostebol,P10586,0.0,,,,1,0.0
Clostebol,P04054,0.0,,,,1,0.0
Clostebol,P24666,0.0,,,,1,0.0
Clostebol,P14618,0.0,,,,1,0.0
Clostebol,Q05655,0.0,,,,1,0.0
Clostebol,P05771,0.0,,,,1,0.0
Clostebol,Q02156,0.0,,,,1,0.0
Clostebol,Q04759,0.0,,,,1,0.0
Clostebol,O95267,0.0,,,,1,0.0
Clostebol,P32246,0.0,,,,1,0.0
Clostebol,P05231,0.0,,,,1,0.0
Clostebol,P78536,0.0,,,,1,0.0
Clostebol,P15104,0.0,,,,1,0.0
Clostebol,Q8TDU6,0.0,,0.665044606650446,,2,0.39902676399026754
Clostebol,P49810 Q9NZ42 Q92542 Q96BI3 P49768 Q8WW43,0.0,,,,1,0.0
Clostebol,O00767,0.0,,,,1,0.0
Clostebol,Q16572,0.0,,,,1,0.0
Clostebol,P11388,0.0,0.27,,,2,0.17181818181818181
Clostebol,P22001,0.0,,,,1,0.0
Clostebol,P41146,0.0,,,,1,0.0
Clostebol,P47869 P47870 P18507,0.0,,,,1,0.0
Clostebol,P41145,0.0,,,,1,0.0
Clostebol,P21917,0.0,,,,1,0.0
Danazol,P08913,1.0,,0.967558799675588,,2,0.9805352798053528
Danazol,P10275,1.0,0.9039999999999999,0.967558799675588,0.743234807188508,4,0.9181528609809526
Danazol,P18825,1.0,,,,1,1.0
Danazol,P04150,1.0,,0.967558799675588,0.9136737628630718,3,0.9651056989725187
Danazol,P03372,1.0,0.11000000000000001,0.967558799675588,,3,0.6220795763560899
Danazol,P23975,1.0,0.722,0.967558799675588,,3,0.8740795763560898
Danazol,P28223,1.0,,0.967558799675588,,2,0.9805352798053528
Danazol,P31645,1.0,0.148,0.967558799675588,,3,0.6377266351796194
Danazol,P21452,1.0,,0.967558799675588,,2,0.9805352798053528
Danazol,P35372,1.0,0.122,0.967558799675588,,3,0.6270207528266781
Danazol,P35462,1.0,,0.967558799675588,,2,0.9805352798053528
Danazol,P41145,1.0,,0.967558799675588,,2,0.9805352798053528
Danazol,Q01959,1.0,0.68,0.967558799675588,,3,0.8567854587090311
Danazol,P20309,1.0,,0.967558799675588,,2,0.9805352798053528
Danazol,P0DMS8,1.0,,0.967558799675588,,2,0.9805352798053528
Danazol,P04278,1.0,,0.967558799675588,,2,0.9805352798053528
Danazol,P11712,1.0,0.63,0.967558799675588,,3,0.8361972234149133
Danazol,P10827,0.0,,,,1,0.0
Danazol,P06401,0.0,,0.967558799675588,0.8464428661738105,3,0.6418985689673046
Danazol,Q92731,0.0,0.882,0.15247364152473641,0.7125641011979061,4,0.4613267076371068
Danazol,P11511,0.0,0.772,0.16301703163017034,,3,0.37541777586947184
Danazol,P11474,0.0,,,,1,0.0
Danazol,O95718,0.0,,,,1,0.0
Danazol,Q99527,0.0,,,,1,0.0
Danazol,P10635,0.0,0.628,0.967558799675588,,3,0.60007957635609
Danazol,P33261,0.0,,0.1305758313057583,,2,0.07834549878345498
Danazol,O15244,0.0,,0.09407948094079482,,2,0.05644768856447689
Danazol,Q14994,0.0,,0.09407948094079482,,2,0.05644768856447689
Danazol,P28845,0.0,,,,1,0.0
Danazol,O75116,0.0,,,,1,0.0
Danazol,Q13464,0.0,,,,1,0.0
Danazol,P30304,0.0,,,,1,0.0
Danazol,P30305,0.0,,,,1,0.0
Danazol,P35968,0.0,0.558,,0.5943920341348843,3,0.40636972160033236
Danazol,P35557,0.0,,,,1,0.0
Danazol,P49354 P49356,0.0,,,,1,0.0
Danazol,P53609,0.0,,,,1,0.0
Danazol,P35354,0.0,0.596,,,2,0.3792727272727272
Danazol,P35367,0.0,,,,1,0.0
Danazol,Q8NER1,0.0,,,,1,0.0
Danazol,Q9UBS5,0.0,,,,1,0.0
Danazol,P11309,0.0,,,,1,0.0
Danazol,Q86V86,0.0,,,,1,0.0
Danazol,P08254,0.0,,,,1,0.0
Danazol,P08172,0.0,0.6519999999999999,,,2,0.4149090909090908
Danazol,P11229,0.0,,,,1,0.0
Danazol,P04035,0.0,,,,1,0.0
Danazol,Q9UBN7,0.0,,,,1,0.0
Danazol,P08235,0.0,,0.10786699107866991,0.8343270766086989,3,0.24232178279216274
Danazol,P14061,0.0,,0.12733171127331713,0.9627431199743137,3,0.28093997135098797
Danazol,P14780,0.0,,,,1,0.0
Danazol,P03956,0.0,,,,1,0.0
Danazol,P08253,0.0,,,,1,0.0
Danazol,P50281,0.0,,,,1,0.0
Danazol,Q99720,0.0,,,,1,0.0
Danazol,P25774,0.0,,,,1,0.0
Danazol,P49810 Q9NZ42 Q92542 Q96BI3 P49768 Q8WW43,0.0,,,,1,0.0
Danazol,P05164,0.0,,,,1,0.0
Danazol,P34969,0.0,,,,1,0.0
Danazol,P25116,0.0,,,,1,0.0
Danazol,P16662,0.0,,,,1,0.0
Danazol,P52333,0.0,0.42400000000000004,,,2,0.2698181818181818
Danazol,P23458,0.0,0.406,,,2,0.25836363636363635
Danazol,Q08881,0.0,,,,1,0.0
Danazol,Q9BY41,0.0,,,,1,0.0
Danazol,Q13547,0.0,,,,1,0.0
Danazol,P29597,0.0,0.8160000000000001,,,2,0.5192727272727272
Danazol,P15538,0.0,0.682,,,2,0.43399999999999994
Danazol,P19099,0.0,,,,1,0.0
Danazol,O60674,0.0,0.368,,,2,0.23418181818181816
Danazol,P08842,0.0,,,0.6517178963652711,2,0.2793076698708305
Danazol,P35228,0.0,,,,1,0.0
Danazol,P37288,0.0,,,,1,0.0
Danazol,P21554,0.0,,,,1,0.0
Danazol,P56817,0.0,0.354,,0.6077089433457891,3,0.30722334500266907
Danazol,Q12809,0.0,0.13799999999999998,,,2,0.0878181818181818
Danazol,P41594,0.0,,,,1,0.0
Danazol,P09237,0.0,,,,1,0.0
Danazol,P22894,0.0,,,,1,0.0
Danazol,P46098,0.0,,,,1,0.0
Danazol,P04049,0.0,,,,1,0.0
Danazol,P22001,0.0,,,,1,0.0
Danazol,P15056,0.0,,,,1,0.0
Danazol,P17252,0.0,,,,1,0.0
Danazol,P41143,0.0,,,,1,0.0
Danazol,P13497,0.0,,,,1,0.0
Danazol,Q15761,0.0,,,,1,0.0
Danazol,Q00987,0.0,,,,1,0.0
Danazol,P24530,0.0,,,,1,0.0
Danazol,P25101,0.0,,,,1,0.0
Danazol,P27815,0.0,,,,1,0.0
Danazol,Q15858,0.0,,,,1,0.0
Danazol,P14902,0.0,,,,1,0.0
Danazol,P43235,0.0,,,,1,0.0
Danazol,P50579,0.0,,,0.5625993139713784,2,0.2411139917020193
Danazol,P00918,0.0,,,,1,0.0
Danazol,Q14432,0.0,0.8300000000000001,,,2,0.5281818181818181
Danazol,P00915,0.0,0.42800000000000005,,,2,0.27236363636363636
Danazol,Q13370,0.0,,,,1,0.0
Danazol,P23280,0.0,,,,1,0.0
Dehydrochlormethyltestosterone,P04278,0.126610168686,,0.665044606650446,,2,0.4496708314646676
Dehydrochlormethyltestosterone,P11511,0.118277084772,0.616,0.5806974858069749,,3,0.48642901493705
Dehydrochlormethyltestosterone,P10275,0.109945769839,0.8939999999999999,0.5068937550689375,0.6688410573352561,4,0.5872834390887696
Dehydrochlormethyltestosterone,P04150,0.101613854776,,0.5612327656123276,,2,0.3773852012777965
Dehydrochlormethyltestosterone,Q92731,0.101613854776,0.592,0.30656934306569344,0.4742183856176838,4,0.39062633171756056
Dehydrochlormethyltestosterone,P08235,0.101613854776,,0.3755068937550689,0.9665227909874412,3,0.4276203965074412
Dehydrochlormethyltestosterone,P08185,0.101613854776,,0.26034063260340634,,2,0.19684992147244382
Dehydrochlormethyltestosterone,Q8NER1,0.101613854776,,,,1,0.101613854776
Dehydrochlormethyltestosterone,P03372,0.101613854776,0.30199999999999994,0.308191403081914,,3,0.2570355198585579
Dehydrochlormethyltestosterone,P06401,0.101613854776,,0.5068937550689375,0.9292904042407691,3,0.4796683970953794
Dehydrochlormethyltestosterone,Q12809,0.101613854776,0.32799999999999996,,,2,0.24567776537309086
Dehydrochlormethyltestosterone,Q99720,0.101613854776,,0.24655312246553124,,2,0.18857741538971876
Dehydrochlormethyltestosterone,P05093,0.101613854776,,0.25790754257907544,,2,0.19539006745784526
Dehydrochlormethyltestosterone,P34972,0.0,,,,1,0.0
Dehydrochlormethyltestosterone,P21730,0.0,,,,1,0.0
Dehydrochlormethyltestosterone,P34913,0.0,0.304,,,2,0.19345454545454543
Dehydrochlormethyltestosterone,P06737,0.0,,,,1,0.0
Dehydrochlormethyltestosterone,P08254,0.0,,,,1,0.0
Dehydrochlormethyltestosterone,P14780,0.0,,,,1,0.0
Dehydrochlormethyltestosterone,P03956,0.0,,,,1,0.0
Dehydrochlormethyltestosterone,O60674,0.0,0.56,,,2,0.3563636363636363
Dehydrochlormethyltestosterone,P05231,0.0,,0.17680454176804544,,2,0.10608272506082726
Dehydrochlormethyltestosterone,P78536,0.0,,0.17680454176804544,,2,0.10608272506082726
Dehydrochlormethyltestosterone,P15104,0.0,,0.17680454176804544,,2,0.10608272506082726
Dehydrochlormethyltestosterone,P07148,0.0,,0.18167072181670724,,2,0.10900243309002434
Dehydrochlormethyltestosterone,P49810 Q9NZ42 Q92542 Q96BI3 P49768 Q8WW43,0.0,,,,1,0.0
Dehydrochlormethyltestosterone,P32246,0.0,,,,1,0.0
Dehydrochlormethyltestosterone,P23458,0.0,0.422,,,2,0.26854545454545453
Dehydrochlormethyltestosterone,P22001,0.0,,,,1,0.0
Dehydrochlormethyltestosterone,Q8WWL7 P06493 P14635 O95067,0.0,,,,1,0.0
Dehydrochlormethyltestosterone,P49841,0.0,0.322,,0.5387657930150876,3,0.27644981278894737
Dehydrochlormethyltestosterone,P06493,0.0,,,,1,0.0
Dehydrochlormethyltestosterone,Q99683,0.0,,,,1,0.0
Dehydrochlormethyltestosterone,P31213,0.0,,0.18167072181670724,,2,0.10900243309002434
Dehydrochlormethyltestosterone,P52333,0.0,0.6900000000000001,,,2,0.43909090909090903
Dehydrochlormethyltestosterone,P29597,0.0,0.8219999999999998,,,2,0.5230909090909088
Dehydrochlormethyltestosterone,P05129,0.0,,,,1,0.0
Dehydrochlormethyltestosterone,Q16572,0.0,,,,1,0.0
Dehydrochlormethyltestosterone,P42330,0.0,,,0.6633120486337326,2,0.2842765922715997
Dehydrochlormethyltestosterone,Q05655,0.0,,,,1,0.0
Dehydrochlormethyltestosterone,P05771,0.0,,,,1,0.0
Dehydrochlormethyltestosterone,Q02156,0.0,,,,1,0.0
Dehydrochlormethyltestosterone,Q04759,0.0,,,,1,0.0
Dehydrochlormethyltestosterone,Q16665,0.0,,,,1,0.0
Dehydrochlormethyltestosterone,O95267,0.0,,,,1,0.0
Dehydrochlormethyltestosterone,P08908,0.0,,,,1,0.0
Dehydrochlormethyltestosterone,P14416,0.0,0.588,,,2,0.3741818181818181
Dehydrochlormethyltestosterone,P35462,0.0,,,,1,0.0
Dehydrochlormethyltestosterone,P25101,0.0,,,,1,0.0
Dehydrochlormethyltestosterone,P48039,0.0,,,,1,0.0
Dehydrochlormethyltestosterone,P49286,0.0,,,,1,0.0
Dehydrochlormethyltestosterone,P21453,0.0,,,,1,0.0
Dehydrochlormethyltestosterone,P14625,0.0,,,,1,0.0
Dehydrochlormethyltestosterone,P07900,0.0,0.522,,0.30860289913108224,3,0.3271291926709462
Dehydrochlormethyltestosterone,P08238,0.0,,,,1,0.0
Dehydrochlormethyltestosterone,P35372,0.0,0.458,,,2,0.2914545454545454
Dehydrochlormethyltestosterone,P35968,0.0,0.306,,0.3682599317554968,3,0.23191284251903502
Dehydrochlormethyltestosterone,P14618,0.0,,,,1,0.0
Dehydrochlormethyltestosterone,P05067,0.0,,,,1,0.0
Dehydrochlormethyltestosterone,P10827,0.0,,,,1,0.0
Dehydrochlormethyltestosterone,P10721,0.0,,,,1,0.0
Dehydrochlormethyltestosterone,P36888,0.0,0.788,,,2,0.5014545454545454
Dehydrochlormethyltestosterone,P41143,0.0,,,,1,0.0
Dehydrochlormethyltestosterone,P41145,0.0,,,,1,0.0
Dehydrochlormethyltestosterone,O60678,0.0,,,,1,0.0
Dehydrochlormethyltestosterone,P00813,0.0,,,,1,0.0
Dehydrochlormethyltestosterone,P47869 P47870 P18507,0.0,,,,1,0.0
Dehydrochlormethyltestosterone,Q16539,0.0,0.33599999999999997,,,2,0.21381818181818177
Dehydrochlormethyltestosterone,P38571,0.0,,,,1,0.0
Dehydrochlormethyltestosterone,P42785,0.0,,,,1,0.0
Dehydrochlormethyltestosterone,P11229,0.0,,,,1,0.0
Dehydrochlormethyltestosterone,P20309,0.0,,,,1,0.0
Dehydrochlormethyltestosterone,Q99500,0.0,,,,1,0.0
Dehydrochlormethyltestosterone,Q96P20,0.0,,,,1,0.0
Dehydrochlormethyltestosterone,P21917,0.0,,,,1,0.0
Dehydrochlormethyltestosterone,P61586,0.0,,,,1,0.0
Dehydrochlormethyltestosterone,Q9UBS5,0.0,,,,1,0.0
Dehydrochlormethyltestosterone,P17706,0.0,,,,1,0.0
Dehydrochlormethyltestosterone,P07333,0.0,,,,1,0.0
Dehydrochlormethyltestosterone,P09874,0.0,,,,1,0.0
Dehydrochlormethyltestosterone,P50579,0.0,,,0.4170274631825933,2,0.17872605564968286
Dehydrochlormethyltestosterone,P25116,0.0,,,,1,0.0
Dehydrochlormethyltestosterone,P49336,0.0,,,,1,0.0
Dehydrochlormethyltestosterone,P37058,0.0,,,,1,0.0
Dehydrochlormethyltestosterone,P45983,0.0,0.40800000000000003,,,2,0.2596363636363636
Dehydrochlormethyltestosterone,P45984,0.0,,,,1,0.0
Dehydrochlormethyltestosterone,O60885,0.0,,,,1,0.0
Dehydrochlormethyltestosterone,Q9UHC9,0.0,,0.20519059205190593,,2,0.12311435523114356
Dehydrochlormethyltestosterone,Q92769,0.0,,,,1,0.0
Dehydrochlormethyltestosterone,P48067,0.0,,,,1,0.0
Dehydrochlormethyltestosterone,P28845,0.0,,0.23600973236009734,,2,0.1416058394160584
Dehydrochlormethyltestosterone,P08173,0.0,,,,1,0.0
Dehydrochlormethyltestosterone,P08912,0.0,,,,1,0.0
Dehydrochlormethyltestosterone,O75899 Q9UBS5,0.0,,,,1,0.0
Dehydrochlormethyltestosterone,P11712,0.0,0.562,,,2,0.35763636363636364
Dehydrochlormethyltestosterone,Q9Y233,0.0,,,,1,0.0
Dehydrochlormethyltestosterone,P21731,0.0,,,,1,0.0
Dehydrochlormethyltestosterone,P35354,0.0,0.298,,,2,0.1896363636363636
Dehydrochlormethyltestosterone,P51452,0.0,,,,1,0.0
Dehydrochlormethyltestosterone,Q16584,0.0,,,,1,0.0
Desoxymethyltestosterone,P11511,0.715584219219,0.572,0.7793998377939984,,3,0.6789844649199994
Desoxymethyltestosterone,P10275,0.682650250131,0.6980000000000001,0.8450932684509327,0.6209240050588954,4,0.7274966313203141
Desoxymethyltestosterone,P03372,0.682650250131,0.578,0.8442822384428224,,3,0.696605554775349
Desoxymethyltestosterone,P08172,0.460288741977,0.8320000000000001,0.7299270072992701,,3,0.7085127653943306
Desoxymethyltestosterone,P22303,0.460288741977,0.11400000000000002,0.732360097323601,,3,0.41372444422644744
Desoxymethyltestosterone,P23975,0.460288741977,0.6599999999999999,0.7299270072992701,,3,0.6376892359825659
Desoxymethyltestosterone,P31645,0.460288741977,0.396,0.7315490673154906,,3,0.5295558454000555
Desoxymethyltestosterone,P33261,0.460288741977,,0.8288726682887267,,2,0.681439097764036
Desoxymethyltestosterone,Q14994,0.303816094671,,,0.7373983494120239,2,0.48963706098858173
Desoxymethyltestosterone,Q92731,0.246150751368,0.826,0.6293592862935928,0.7086796355319523,4,0.6334398814914707
Desoxymethyltestosterone,P05093,0.229685699326,,0.5442011354420113,,2,0.4183949609956068
Desoxymethyltestosterone,Q13133,0.188420385827,,0.49959448499594483,,2,0.37512484532836693
Desoxymethyltestosterone,P04278,0.155528102326,,0.8207623682076236,,2,0.5546686618549741
Desoxymethyltestosterone,P06276,0.139061946948,0.302,0.43876723438767234,,3,0.3119324231834138
Desoxymethyltestosterone,Q12772,0.122581769115,,0.4955393349553934,,2,0.346356308619236
Desoxymethyltestosterone,Q9UHC9,0.122581769115,,0.5466342254663422,,2,0.3770132429258053
Desoxymethyltestosterone,Q16850,0.122581769115,,,,1,0.122581769115
Desoxymethyltestosterone,P28845,0.106099949133,,0.45660989456609896,,2,0.31640591639285937
Desoxymethyltestosterone,P18031,0.0978745343258,,0.5855636658556367,,2,0.390488013243702
Desoxymethyltestosterone,P04035,0.0978745343258,,0.4955393349553934,,2,0.336473414703556
Desoxymethyltestosterone,P29350,0.0978745343258,,,,1,0.09787453432580001
Desoxymethyltestosterone,P17706,0.0978745343258,,,,1,0.09787453432580001
Desoxymethyltestosterone,O14684,0.0978745343258,,,,1,0.09787453432580001
Desoxymethyltestosterone,P35398,0.0978745343258,,0.3933495539334955,,2,0.2751595460904173
Desoxymethyltestosterone,P51449,0.0978745343258,,0.5158150851581509,,2,0.3486388648252105
Desoxymethyltestosterone,Q14534,0.0978745343258,,,,1,0.09787453432580001
Desoxymethyltestosterone,P08185,0.0978745343258,,0.6958637469586375,,2,0.4566680619055025
Desoxymethyltestosterone,P30304,0.0978745343258,,0.3884833738848337,,2,0.2722398380612202
Desoxymethyltestosterone,O00748,0.0978745343258,,,,1,0.09787453432580001
Desoxymethyltestosterone,P48147,0.0978745343258,0.342,,,2,0.25322710339119997
Desoxymethyltestosterone,P30305,0.0978745343258,,,,1,0.09787453432580001
Desoxymethyltestosterone,P49354 P49356,0.0978745343258,,,,1,0.09787453432580001
Desoxymethyltestosterone,P15090,0.0978745343258,,,,1,0.09787453432580001
Desoxymethyltestosterone,P37231,0.0978745343258,0.096,0.4128142741281427,,3,0.20825786953365039
Desoxymethyltestosterone,Q07869,0.0978745343258,0.586,,,2,0.4084998306639272
Desoxymethyltestosterone,O14746,0.0978745343258,,,,1,0.09787453432580001
Desoxymethyltestosterone,P05413,0.0978745343258,,,,1,0.09787453432580001
Desoxymethyltestosterone,Q01469,0.0978745343258,,,,1,0.09787453432580001
Desoxymethyltestosterone,Q03181,0.0978745343258,0.5960000000000001,,,2,0.4148634670275636
Desoxymethyltestosterone,P07148,0.0978745343258,,,,1,0.09787453432580001
Desoxymethyltestosterone,P04150,0.0978745343258,,0.49635036496350365,,2,0.3369600327084222
Desoxymethyltestosterone,Q99720,0.0978745343258,,,,1,0.09787453432580001
Desoxymethyltestosterone,O00767,0.0978745343258,,,,1,0.09787453432580001
Desoxymethyltestosterone,P06746,0.0978745343258,,0.48742903487429035,,2,0.3316072346548942
Desoxymethyltestosterone,Q08499,0.0978745343258,0.584,,,2,0.40722710339119994
Desoxymethyltestosterone,P10586,0.0978745343258,,,,1,0.09787453432580001
Desoxymethyltestosterone,P04054,0.0978745343258,,,,1,0.09787453432580001
Desoxymethyltestosterone,P24666,0.0978745343258,,,,1,0.09787453432580001
Desoxymethyltestosterone,O60218,0.0978745343258,,0.42984590429845904,,2,0.2970573563093954
Desoxymethyltestosterone,P11413,0.0978745343258,,0.42984590429845904,,2,0.2970573563093954
Desoxymethyltestosterone,P54707,0.0978745343258,,0.4849959448499595,,2,0.3301473806402957
Desoxymethyltestosterone,P06401,0.0978745343258,,0.8361719383617194,0.7194578578294797,3,0.5820694877663043
Desoxymethyltestosterone,P35228,0.0978745343258,,0.5141930251419302,,2,0.34766562881547813
Desoxymethyltestosterone,Q9UBM7,0.0978745343258,,,,1,0.09787453432580001
Desoxymethyltestosterone,P60033,0.0978745343258,,,,1,0.09787453432580001
Desoxymethyltestosterone,Q06124,0.0978745343258,0.8540000000000001,,,2,0.5790452852093818
Desoxymethyltestosterone,P35354,0.0,0.38999999999999996,,,2,0.24818181818181814
Desoxymethyltestosterone,P09917,0.0,0.194,,,2,0.12345454545454544
Desoxymethyltestosterone,P23219,0.0,0.31199999999999994,,,2,0.1985454545454545
Desoxymethyltestosterone,O14842,0.0,,,,1,0.0
Desoxymethyltestosterone,P21554,0.0,,,,1,0.0
Desoxymethyltestosterone,P11388,0.0,0.304,,,2,0.19345454545454543
Desoxymethyltestosterone,P24557,0.0,,,,1,0.0
Desoxymethyltestosterone,Q9UBS5,0.0,,,,1,0.0
Desoxymethyltestosterone,P34995,0.0,,,,1,0.0
Desoxymethyltestosterone,P43116,0.0,,,,1,0.0
Desoxymethyltestosterone,Q12809,0.0,0.33999999999999997,,,2,0.2163636363636363
Desoxymethyltestosterone,P11387,0.0,0.11800000000000002,,,2,0.0750909090909091
Desoxymethyltestosterone,P37268,0.0,,,,1,0.0
Desoxymethyltestosterone,P11473,0.0,,,,1,0.0
Desoxymethyltestosterone,P23415,0.0,,,,1,0.0
Desoxymethyltestosterone,P34972,0.0,,,,1,0.0
Desoxymethyltestosterone,Q15722,0.0,,,,1,0.0
Desoxymethyltestosterone,P08235,0.0,,0.4201135442011354,0.9454266170445177,3,0.4120739320261819
Desoxymethyltestosterone,Q01959,0.0,0.8719999999999999,,,2,0.5549090909090907
Desoxymethyltestosterone,P43119,0.0,,,,1,0.0
Desoxymethyltestosterone,P23141,0.0,,,,1,0.0
Desoxymethyltestosterone,O00519,0.0,,,,1,0.0
Desoxymethyltestosterone,Q15465,0.0,,,,1,0.0
Desoxymethyltestosterone,P16662,0.0,,,,1,0.0
Desoxymethyltestosterone,P35968,0.0,0.522,,0.3220215574238013,3,0.33000461944795745
Desoxymethyltestosterone,P11229,0.0,,,,1,0.0
Desoxymethyltestosterone,P20309,0.0,,,,1,0.0
Desoxymethyltestosterone,P31213,0.0,,,,1,0.0
Desoxymethyltestosterone,P07339,0.0,0.382,,,2,0.24309090909090905
Desoxymethyltestosterone,P10721,0.0,,,,1,0.0
Desoxymethyltestosterone,P36888,0.0,0.5900000000000001,,,2,0.37545454545454543
Desoxymethyltestosterone,P21730,0.0,,,,1,0.0
Desoxymethyltestosterone,P0DMS8,0.0,,0.4257907542579075,,2,0.2554744525547445
Desoxymethyltestosterone,P27361,0.0,0.346,,,2,0.22018181818181815
Desoxymethyltestosterone,Q15125,0.0,,,,1,0.0
Desoxymethyltestosterone,P32246,0.0,,,,1,0.0
Desoxymethyltestosterone,O75582,0.0,,,,1,0.0
Desoxymethyltestosterone,Q05655,0.0,,,,1,0.0
Desoxymethyltestosterone,P24723,0.0,,,,1,0.0
Desoxymethyltestosterone,P05129,0.0,,,,1,0.0
Desoxymethyltestosterone,P02774,0.0,,,0.831586071834705,2,0.35639403078630216
Desoxymethyltestosterone,P35408,0.0,,,,1,0.0
Desoxymethyltestosterone,Q96RI1,0.0,,,,1,0.0
Desoxymethyltestosterone,Q9UBE0 Q9UBT2,0.0,,,,1,0.0
Dimethandrolone,P05093,0.125687252905,,0.5004055150040552,,2,0.3505182101644331
Dimethandrolone,P37059,0.125687252905,,0.24087591240875914,,2,0.19480044860725548
Dimethandrolone,O00748,0.125687252905,,0.3154906731549067,,2,0.23956930505494403
Dimethandrolone,P08235,0.125687252905,,0.5231143552311436,0.863888581513662,3,0.479469299042142
Dimethandrolone,P04278,0.125687252905,,0.5214922952149229,,2,0.3631702782909537
Dimethandrolone,P33261,0.125687252905,0.688,0.30494728304947283,,3,0.42049604175981387
Dimethandrolone,P35228,0.125687252905,,0.3309002433090024,,2,0.24881504714740146
Dimethandrolone,P42330,0.125687252905,,0.31305758313057586,0.5413898185775576,3,0.3080972281643175
Dimethandrolone,P52895,0.125687252905,,0.31305758313057586,0.4615073170303046,3,0.28966280473033607
Dimethandrolone,Q04828,0.125687252905,,0.31305758313057586,,2,0.2381094510403455
Dimethandrolone,P80365,0.125687252905,,0.32765612327656124,,2,0.24686857512793675
Dimethandrolone,P28845,0.125687252905,,0.32035685320356855,,2,0.24248901308414114
Dimethandrolone,P10275,0.125687252905,0.8800000000000001,0.6228710462287105,0.5606400330741633,4,0.6040947694107376
Dimethandrolone,P30304,0.125687252905,,0.21492295214922952,,2,0.1792286724515377
Dimethandrolone,O14684,0.125687252905,,,,1,0.125687252905
Dimethandrolone,P09917,0.125687252905,0.892,0.23682076236820762,,3,0.4804513874017203
Dimethandrolone,P49354 P49356,0.125687252905,,0.35442011354420117,,2,0.26292696928852066
Dimethandrolone,P08185,0.125687252905,,0.4347120843471209,,2,0.3111021517702725
Dimethandrolone,P14555,0.125687252905,,,,1,0.125687252905
Dimethandrolone,P04150,0.125687252905,,0.6147607461476075,,2,0.41913134885056447
Dimethandrolone,P11511,0.125687252905,0.6,0.659367396593674,0.5476504507937854,4,0.5150952371781701
Dimethandrolone,Q16602,0.125687252905,,,,1,0.125687252905
Dimethandrolone,P06401,0.125687252905,,0.6115166261151663,0.5854315092466601,3,0.45601102277315214
Dimethandrolone,Q07817,0.125687252905,,,,1,0.125687252905
Dimethandrolone,P24723,0.125687252905,,,,1,0.125687252905
Dimethandrolone,O60218,0.125687252905,,,,1,0.125687252905
Dimethandrolone,Q7L7X3,0.125687252905,,,,1,0.125687252905
Dimethandrolone,Q9H2K8,0.125687252905,,,,1,0.125687252905
Dimethandrolone,P30536,0.0,,,,1,0.0
Dimethandrolone,Q99814,0.0,,,,1,0.0
Dimethandrolone,P49810 Q9NZ42 Q92542 Q96BI3 P49768 Q8WW43,0.0,,0.34793187347931875,,2,0.20875912408759126
Dimethandrolone,Q12809,0.0,0.23200000000000004,,,2,0.14763636363636365
Dimethandrolone,P43235,0.0,,,,1,0.0
Dimethandrolone,P25774,0.0,,,,1,0.0
Dimethandrolone,P07711,0.0,,,,1,0.0
Dimethandrolone,P07858,0.0,0.378,,,2,0.24054545454545453
Dimethandrolone,P49146,0.0,,,,1,0.0
Dimethandrolone,Q9UBN7,0.0,,,,1,0.0
Dimethandrolone,Q13547,0.0,,,,1,0.0
Dimethandrolone,P56524,0.0,,,,1,0.0
Dimethandrolone,Q99895,0.0,,,,1,0.0
Dimethandrolone,P04035,0.0,,,,1,0.0
Dimethandrolone,P11597,0.0,,,,1,0.0
Dimethandrolone,P56937,0.0,,,,1,0.0
Dimethandrolone,Q8NER1,0.0,,,,1,0.0
Dimethandrolone,P22607,0.0,,,,1,0.0
Dimethandrolone,Q13093,0.0,,,,1,0.0
Dimethandrolone,P11362,0.0,0.598,,,2,0.38054545454545446
Dimethandrolone,P21802,0.0,,,,1,0.0
Dimethandrolone,P25116,0.0,,,,1,0.0
Dimethandrolone,Q99835,0.0,,,,1,0.0
Dimethandrolone,Q00975,0.0,,,,1,0.0
Dimethandrolone,P45452,0.0,,,,1,0.0
Dimethandrolone,P08253,0.0,,,,1,0.0
Dimethandrolone,P50281,0.0,,,,1,0.0
Dimethandrolone,P20292,0.0,,,,1,0.0
Dimethandrolone,P59538,0.0,,,,1,0.0
Dimethandrolone,P31213,0.0,,0.28223844282238447,,2,0.1693430656934307
Dimethandrolone,P30556,0.0,,,,1,0.0
Dimethandrolone,P50052,0.0,,,,1,0.0
Dimethandrolone,P30411,0.0,,,,1,0.0
Dimethandrolone,O96020 P24941 P24864,0.0,,,,1,0.0
Dimethandrolone,P24941 P78396 P20248,0.0,,,,1,0.0
Dimethandrolone,P25929,0.0,,,,1,0.0
Dimethandrolone,Q02763,0.0,,,,1,0.0
Dimethandrolone,P30968,0.0,,,,1,0.0
Dimethandrolone,P03951,0.0,,,,1,0.0
Dimethandrolone,O60725,0.0,,,,1,0.0
Dimethandrolone,O60760,0.0,,,,1,0.0
Dimethandrolone,P54707,0.0,,,,1,0.0
Dimethandrolone,P21453,0.0,,,,1,0.0
Dimethandrolone,P37288,0.0,,,,1,0.0
Dimethandrolone,P25103,0.0,,,,1,0.0
Dimethandrolone,P29371,0.0,,,,1,0.0
Dimethandrolone,P48147,0.0,0.382,,,2,0.24309090909090905
Dimethandrolone,Q10469,0.0,,,,1,0.0
Dimethandrolone,Q96PD7,0.0,,,,1,0.0
Dimethandrolone,Q15761,0.0,,,,1,0.0
Dimethandrolone,P42892,0.0,,,,1,0.0
Dimethandrolone,P08263,0.0,,,,1,0.0
Dimethandrolone,P31749,0.0,,,,1,0.0
Dimethandrolone,P00734,0.0,0.662,,,2,0.42127272727272724
Dimethandrolone,P07099,0.0,,,,1,0.0
Dimethandrolone,Q9Y5N1,0.0,,,,1,0.0
Dimethandrolone,P21980,0.0,,,,1,0.0
Dimethandrolone,P18031,0.0,,0.48905109489051096,,2,0.2934306569343066
Dimethandrolone,O15379,0.0,,,,1,0.0
Dimethandrolone,Q92769,0.0,,,,1,0.0
Dimethandrolone,Q969S8,0.0,,,,1,0.0
Dimethandrolone,P08254,0.0,,,,1,0.0
Dimethandrolone,Q9BY41,0.0,,,,1,0.0
Dimethandrolone,P03956,0.0,,,,1,0.0
Dimethandrolone,P09237,0.0,,,,1,0.0
Dimethandrolone,O94925,0.0,,,,1,0.0
Dimethandrolone,Q16875,0.0,,,,1,0.0
Dimethandrolone,P29274,0.0,0.394,,,2,0.2507272727272727
Dimethandrolone,P35610,0.0,,,,1,0.0
Dimethandrolone,P34998,0.0,,,,1,0.0
Dimethandrolone,Q9NYA1,0.0,,,,1,0.0
Dimethandrolone,P43119,0.0,,,,1,0.0
Drostanolone,P04278,0.95224718824,,0.7712895377128953,,2,0.8436725979237372
Drostanolone,P10275,0.880826265859,0.712,0.7712895377128953,0.8057284730938044,4,0.7776113854497392
Drostanolone,P11511,0.85065463552,0.30599999999999994,0.764801297648013,0.38873944417645534,4,0.5649822330248722
Drostanolone,P08185,0.79222106036,,0.7615571776155718,,2,0.7738227307133431
Drostanolone,P11413,0.781363560497,,0.6966747769667477,,2,0.7305502903788486
Drostanolone,Q9UBS5,0.688121712517,,,,1,0.688121712517
Drostanolone,P37058,0.656461897478,,0.6439578264395782,,2,0.6489594548549469
Drostanolone,Q9UHC9,0.214178826987,,0.6074614760746148,,2,0.4501484164395688
Drostanolone,P47869 P47870 P18507,0.214178826987,,0.6220600162206001,,2,0.4589075405271601
Drostanolone,P06746,0.214178826987,,0.4468775344687753,,2,0.3537980514760652
Drostanolone,Q8TDU6,0.214178826987,,0.8134630981346309,,2,0.5737493896755785
Drostanolone,O60218,0.214178826987,,0.38442822384428227,,2,0.31632846510136936
Drostanolone,P28845,0.20626523333,,0.48256285482562855,,2,0.3720438062273771
Drostanolone,P30304,0.198389228663,,,,1,0.198389228663
Drostanolone,P16662,0.127302569502,,,,1,0.127302569502
Drostanolone,Q96RI1,0.127302569502,,0.6618004866180048,,2,0.4480013197716029
Drostanolone,P15090,0.127302569502,,,,1,0.127302569502
Drostanolone,Q07869,0.127302569502,0.41,,,2,0.3072009343643636
Drostanolone,P05413,0.127302569502,,,,1,0.127302569502
Drostanolone,Q01469,0.127302569502,,,,1,0.127302569502
Drostanolone,Q03181,0.127302569502,0.6060000000000001,,,2,0.4319282070916363
Drostanolone,O14842,0.127302569502,,,,1,0.127302569502
Drostanolone,P12104,0.127302569502,,,,1,0.127302569502
Drostanolone,Q92731,0.119403562123,0.876,0.5555555555555555,0.6025860394459721,4,0.5875352850081624
Drostanolone,P11473,0.119403562123,,0.45174371451743717,,2,0.3188076535596623
Drostanolone,Q4U2R8,0.11150186548,,,,1,0.11150186548
Drostanolone,P43116,0.11150186548,,,,1,0.11150186548
Drostanolone,P43088,0.11150186548,,,,1,0.11150186548
Drostanolone,P49354 P49356,0.11150186548,,,,1,0.11150186548
Drostanolone,Q9Y2K7,0.11150186548,,,,1,0.11150186548
Drostanolone,Q9UPP1,0.11150186548,,,,1,0.11150186548
Drostanolone,P41229,0.11150186548,,,,1,0.11150186548
Drostanolone,Q14994,0.11150186548,,,0.6091179321321462,2,0.3247658940452055
Drostanolone,P03372,0.11150186548,0.384,0.5555555555555555,,3,0.38043181148549016
Drostanolone,O75419,0.11150186548,,,,1,0.11150186548
Drostanolone,P08575,0.11150186548,,,,1,0.11150186548
Drostanolone,P80365,0.11150186548,,0.46634225466342255,,2,0.3244060989900535
Drostanolone,P00747,0.11150186548,0.31999999999999995,,,2,0.24418249653818178
Drostanolone,Q8NER1,0.11150186548,,,,1,0.11150186548
Drostanolone,Q9UJM8,0.11150186548,,,,1,0.11150186548
Drostanolone,Q9UBE0 Q9UBT2,0.11150186548,,,,1,0.11150186548
Drostanolone,P30305,0.11150186548,,,,1,0.11150186548
Drostanolone,Q12809,0.11150186548,0.434,,,2,0.31672795108363627
Drostanolone,P34913,0.11150186548,0.51,,,2,0.36509158744727266
Drostanolone,P00918,0.11150186548,,,,1,0.11150186548
Drostanolone,P00915,0.11150186548,0.5559999999999999,,,2,0.3943643147199999
Drostanolone,Q15465,0.11150186548,,,,1,0.11150186548
Drostanolone,P34972,0.11150186548,,,,1,0.11150186548
Drostanolone,P05093,0.11150186548,,,,1,0.11150186548
Drostanolone,P18405,0.11150186548,,,,1,0.11150186548
Drostanolone,P54289,0.11150186548,,,,1,0.11150186548
Drostanolone,P21453,0.11150186548,,,,1,0.11150186548
Drostanolone,P21730,0.11150186548,,,,1,0.11150186548
Drostanolone,Q7Z2W7,0.0,,,,1,0.0
Drostanolone,P22748,0.0,,,,1,0.0
Drostanolone,P06737,0.0,,,,1,0.0
Drostanolone,P48065,0.0,,,,1,0.0
Drostanolone,P31645,0.0,0.4,,,2,0.2545454545454545
Drostanolone,Q9Y2Q3,0.0,,,,1,0.0
Drostanolone,P09960,0.0,,,,1,0.0
Drostanolone,P33261,0.0,,,,1,0.0
Drostanolone,P04035,0.0,,,,1,0.0
Drostanolone,O60674,0.0,0.31399999999999995,,,2,0.19981818181818176
Drostanolone,P25116,0.0,,,,1,0.0
Drostanolone,P22001,0.0,,,,1,0.0
Drostanolone,O75899 Q9UBS5,0.0,,,,1,0.0
Drostanolone,P23141,0.0,,,,1,0.0
Drostanolone,Q16665,0.0,,,,1,0.0
Drostanolone,P22460,0.0,,,,1,0.0
Drostanolone,P12821,0.0,0.336,,,2,0.2138181818181818
Drostanolone,P14618,0.0,,,,1,0.0
Drostanolone,P42785,0.0,,,,1,0.0
Drostanolone,P18031,0.0,,0.5320356853203569,,2,0.31922141119221414
Drostanolone,P49810 Q9NZ42 Q92542 Q96BI3 P49768 Q8WW43,0.0,,,,1,0.0
Drostanolone,P42330,0.0,,,0.6041997044716344,2,0.25894273048784333
Drostanolone,P08842,0.0,,,0.7678570077003226,2,0.3290815747287097
Drostanolone,Q99500,0.0,,,,1,0.0
Drostanolone,P09884,0.0,,0.373073803730738,,2,0.2238442822384428
Drostanolone,P14416,0.0,0.61,,,2,0.38818181818181813
Drostanolone,P07333,0.0,,,,1,0.0
Drostanolone,Q9UBN7,0.0,,,,1,0.0
Drostanolone,Q16572,0.0,,,,1,0.0
Drostanolone,P10721,0.0,,,,1,0.0
Drostanolone,P36888,0.0,0.8240000000000001,,,2,0.5243636363636363
Drostanolone,Q16584,0.0,,,,1,0.0
Drostanolone,P35968,0.0,0.178,,0.4486380628913036,3,0.18513672776242218
Drostanolone,O14684,0.0,,,,1,0.0
Drostanolone,P08908,0.0,,,,1,0.0
Drostanolone,P35462,0.0,,,,1,0.0
Drostanolone,P04150,0.0,,0.8126520681265207,0.863358581582785,3,0.5743067810390369
Drostanolone,P17252,0.0,,,,1,0.0
Drostanolone,Q99720,0.0,,,,1,0.0
Drostanolone,P00813,0.0,,,,1,0.0
Drostanolone,Q13133,0.0,,,,1,0.0
Drostanolone,P12955,0.0,,,,1,0.0
Drostanolone,P45983,0.0,0.374,,,2,0.23799999999999996
Drostanolone,P10145,0.0,,,,1,0.0
Drostanolone,P11217,0.0,,,,1,0.0
Drostanolone,Q8WWL7 P06493 P14635 O95067,0.0,,,,1,0.0
Drostanolone,P32246,0.0,,,,1,0.0
Epiandrosterone,P11413,1.0,,1.0,,2,1.0
Epiandrosterone,P08185,1.0,,1.0,,2,1.0
Epiandrosterone,P04278,1.0,,1.0,,2,1.0
Epiandrosterone,P37058,0.999621429154,,1.0,,2,0.9998485716616
Epiandrosterone,P11511,0.906314705411,0.648,0.9278183292781832,0.655424750081742,4,0.7847221523779162
Epiandrosterone,P10275,0.906314705411,0.8859999999999999,1.0,0.7298772728694914,4,0.9008445320126236
Epiandrosterone,Q9UBS5,0.559164811121,,,,1,0.559164811121
Epiandrosterone,P11473,0.204881979723,,0.6220600162206001,,2,0.4551888016215601
Epiandrosterone,Q9UHC9,0.204881979723,,0.8126520681265207,,2,0.5695440327651125
Epiandrosterone,Q8TDU6,0.204881979723,,1.0,,2,0.6819527918892
Epiandrosterone,O60218,0.204881979723,,0.5579886455798865,,2,0.4167459792371319
Epiandrosterone,P28845,0.180252493891,,0.6820762368207623,,2,0.48134673964885744
Epiandrosterone,P30304,0.155528102326,,0.5839416058394161,,2,0.41257620443404963
Epiandrosterone,P47869 P47870 P18507,0.155528102326,,0.7948094079480942,,2,0.5390968856992565
Epiandrosterone,P16662,0.130791955177,,0.4468775344687753,,2,0.32044330275206523
Epiandrosterone,Q96RI1,0.122581769115,,0.7210056772100568,,2,0.48163611397203404
Epiandrosterone,P15090,0.114337558605,,,,1,0.11433755860500001
Epiandrosterone,Q07869,0.114337558605,0.364,,,2,0.2732136576745454
Epiandrosterone,P05413,0.114337558605,,,,1,0.11433755860500001
Epiandrosterone,Q01469,0.114337558605,,,,1,0.11433755860500001
Epiandrosterone,Q03181,0.114337558605,0.5980000000000001,,,2,0.4221227485836364
Epiandrosterone,O14842,0.114337558605,,,,1,0.11433755860500001
Epiandrosterone,P12104,0.114337558605,,,,1,0.11433755860500001
Epiandrosterone,P06746,0.114337558605,,0.6155717761557178,,2,0.41507808913543065
Epiandrosterone,Q92731,0.114337558605,0.8,0.6407137064071371,0.553032281213337,4,0.5780364658251417
Epiandrosterone,Q4U2R8,0.106099949133,,,,1,0.106099949133
Epiandrosterone,P49354 P49356,0.0978745343258,,0.5879967558799676,,2,0.39194786725830055
Epiandrosterone,P43116,0.0978745343258,,,,1,0.09787453432580001
Epiandrosterone,P43088,0.0978745343258,,,,1,0.09787453432580001
Epiandrosterone,Q9Y2K7,0.0978745343258,,,,1,0.09787453432580001
Epiandrosterone,Q9UPP1,0.0978745343258,,,,1,0.09787453432580001
Epiandrosterone,P41229,0.0978745343258,,,,1,0.09787453432580001
Epiandrosterone,P80365,0.0978745343258,,0.6618004866180048,,2,0.4362301057011229
Epiandrosterone,Q14994,0.0978745343258,,0.6382806163828061,,2,0.42211818356000363
Epiandrosterone,O75419,0.0978745343258,,,,1,0.09787453432580001
Epiandrosterone,P08575,0.0978745343258,,,,1,0.09787453432580001
Epiandrosterone,P18405,0.0978745343258,,,,1,0.09787453432580001
Epiandrosterone,Q8NER1,0.0978745343258,,,,1,0.09787453432580001
Epiandrosterone,P03372,0.0978745343258,0.33399999999999996,0.6407137064071371,,3,0.3866929632791778
Epiandrosterone,P00747,0.0978745343258,0.5660000000000001,,,2,0.3957725579366545
Epiandrosterone,Q9UJM8,0.0978745343258,,,,1,0.09787453432580001
Epiandrosterone,Q9UBE0 Q9UBT2,0.0978745343258,,,,1,0.09787453432580001
Epiandrosterone,P34913,0.0978745343258,0.516,,,2,0.36395437611847264
Epiandrosterone,P30305,0.0978745343258,,0.5685320356853203,,2,0.38026903514151217
Epiandrosterone,Q12809,0.0978745343258,0.178,,,2,0.14886346702756362
Epiandrosterone,Q15465,0.0978745343258,,,,1,0.09787453432580001
Epiandrosterone,P04150,0.0978745343258,,0.8223844282238443,,2,0.5325804706646265
Epiandrosterone,Q99720,0.0978745343258,,0.45742092457420924,,2,0.3136023684748455
Epiandrosterone,P54289,0.0978745343258,,,,1,0.09787453432580001
Epiandrosterone,P21730,0.0978745343258,,,,1,0.09787453432580001
Epiandrosterone,Q7Z2W7,0.0978745343258,,,,1,0.09787453432580001
Epiandrosterone,P48065,0.0,,,,1,0.0
Epiandrosterone,Q9Y2Q3,0.0,,,,1,0.0
Epiandrosterone,P09960,0.0,,,,1,0.0
Epiandrosterone,P06737,0.0,,,,1,0.0
Epiandrosterone,P21453,0.0,,,,1,0.0
Epiandrosterone,P34972,0.0,,,,1,0.0
Epiandrosterone,P04035,0.0,,,,1,0.0
Epiandrosterone,P31645,0.0,0.394,,,2,0.2507272727272727
Epiandrosterone,P32246,0.0,,,,1,0.0
Epiandrosterone,P18031,0.0,,0.7047850770478508,,2,0.42287104622871047
Epiandrosterone,P14618,0.0,,,,1,0.0
Epiandrosterone,P08254,0.0,,,,1,0.0
Epiandrosterone,P05129,0.0,,,,1,0.0
Epiandrosterone,P14780,0.0,,,,1,0.0
Epiandrosterone,P03956,0.0,,,,1,0.0
Epiandrosterone,Q05655,0.0,,,,1,0.0
Epiandrosterone,P17252,0.0,,,,1,0.0
Epiandrosterone,P05771,0.0,,,,1,0.0
Epiandrosterone,Q02156,0.0,,,,1,0.0
Epiandrosterone,Q04759,0.0,,,,1,0.0
Epiandrosterone,O95267,0.0,,,,1,0.0
Epiandrosterone,Q8WWL7 P06493 P14635 O95067,0.0,,,,1,0.0
Epiandrosterone,P49841,0.0,0.152,,0.46883619863982023,3,0.1764648997085329
Epiandrosterone,P06493,0.0,,,,1,0.0
Epiandrosterone,Q16572,0.0,,,,1,0.0
Epiandrosterone,P05093,0.0,,0.45012165450121655,,2,0.27007299270072993
Epiandrosterone,O14684,0.0,,,,1,0.0
Epiandrosterone,P23141,0.0,,,,1,0.0
Epiandrosterone,O60674,0.0,0.332,,,2,0.21127272727272725
Epiandrosterone,P33261,0.0,,,,1,0.0
Epiandrosterone,P49810 Q9NZ42 Q92542 Q96BI3 P49768 Q8WW43,0.0,,,,1,0.0
Epiandrosterone,Q16665,0.0,,,,1,0.0
Epiandrosterone,P12821,0.0,0.504,,,2,0.3207272727272727
Epiandrosterone,P22001,0.0,,,,1,0.0
Epiandrosterone,P09884,0.0,,0.5352798053527981,,2,0.32116788321167883
Epiandrosterone,P08842,0.0,,,0.7143888190642369,2,0.3061666367418158
Epiandrosterone,P14416,0.0,0.61,,,2,0.38818181818181813
Epiandrosterone,P42330,0.0,,,0.6889559942064841,2,0.29526685465992175
Epiandrosterone,P42785,0.0,,,,1,0.0
Epiandrosterone,P35968,0.0,0.16,,0.6577487718277076,3,0.22094616539165163
Epiandrosterone,P25116,0.0,,,,1,0.0
Epiandrosterone,P31213,0.0,,,,1,0.0
Epiandrosterone,Q9UBN7,0.0,,,,1,0.0
Epiandrosterone,P08172,0.0,0.8560000000000001,,,2,0.5447272727272727
Epiandrosterone,P22303,0.0,0.06799999999999999,0.5879967558799676,,3,0.235528266781165
Epiandrosterone,P23975,0.0,0.622,,,2,0.39581818181818174
Epiandrosterone,P12955,0.0,,,,1,0.0
Epiandrosterone,P14625,0.0,,,,1,0.0
Epiandrosterone,O75899 Q9UBS5,0.0,,,,1,0.0
Epi-dihydrotestosterone,P08185,0.906314705411,,1.0,,2,0.9625258821644
Epi-dihydrotestosterone,P04278,0.906314705411,,1.0,,2,0.9625258821644
Epi-dihydrotestosterone,P37058,0.906314705411,,0.8150851581508516,,2,0.8515769770549109
Epi-dihydrotestosterone,P10275,0.906314705411,0.932,1.0,0.7847998176060275,4,0.9251829137231042
Epi-dihydrotestosterone,P11511,0.85702273779,0.10800000000000001,1.0,0.5828961965438579,4,0.5966389770395787
Epi-dihydrotestosterone,P11413,0.740325896132,,0.8799675587996756,,2,0.8241108937326054
Epi-dihydrotestosterone,Q9UBS5,0.204881979723,,,,1,0.20488197972300004
Epi-dihydrotestosterone,Q9UHC9,0.204881979723,,0.6561232765612327,,2,0.4756267578259396
Epi-dihydrotestosterone,Q8TDU6,0.204881979723,,1.0,,2,0.6819527918892
Epi-dihydrotestosterone,O60218,0.204881979723,,0.5490673154906732,,2,0.41139318118360396
Epi-dihydrotestosterone,P28845,0.163737226168,,0.6901865369018654,,2,0.47960681260831917
Epi-dihydrotestosterone,P30304,0.147256737367,,0.5166261151662611,,2,0.36887836404655666
Epi-dihydrotestosterone,P47869 P47870 P18507,0.139061946948,,0.7639902676399026,,2,0.5140189393631416
Epi-dihydrotestosterone,P06746,0.130791955177,,0.6066504460665045,,2,0.41630704971070276
Epi-dihydrotestosterone,P16662,0.122581769115,,0.5125709651257097,,2,0.35657528672142574
Epi-dihydrotestosterone,Q96RI1,0.122581769115,,0.7761557177615572,,2,0.5147261383029343
Epi-dihydrotestosterone,P15090,0.114337558605,,,,1,0.11433755860500001
Epi-dihydrotestosterone,Q07869,0.114337558605,0.406,,,2,0.29994093040181813
Epi-dihydrotestosterone,P05413,0.114337558605,,,,1,0.11433755860500001
Epi-dihydrotestosterone,Q01469,0.114337558605,,,,1,0.11433755860500001
Epi-dihydrotestosterone,Q03181,0.114337558605,0.6140000000000001,,,2,0.43230456676545453
Epi-dihydrotestosterone,O14842,0.114337558605,,,,1,0.11433755860500001
Epi-dihydrotestosterone,P12104,0.114337558605,,,,1,0.11433755860500001
Epi-dihydrotestosterone,P49354 P49356,0.106099949133,,,,1,0.106099949133
Epi-dihydrotestosterone,P11473,0.106099949133,,0.6147607461476075,,2,0.41129642734176447
Epi-dihydrotestosterone,Q92731,0.106099949133,0.884,0.7112733171127331,0.46634919570631733,4,0.6139543643163675
Epi-dihydrotestosterone,Q4U2R8,0.106099949133,,,,1,0.106099949133
Epi-dihydrotestosterone,P43116,0.0978745343258,,,,1,0.09787453432580001
Epi-dihydrotestosterone,P43088,0.0978745343258,,,,1,0.09787453432580001
Epi-dihydrotestosterone,P80365,0.0978745343258,,0.6212489862124899,,2,0.41189920545781394
Epi-dihydrotestosterone,Q9Y2K7,0.0978745343258,,,,1,0.09787453432580001
Epi-dihydrotestosterone,Q9UPP1,0.0978745343258,,,,1,0.09787453432580001
Epi-dihydrotestosterone,P41229,0.0978745343258,,,,1,0.09787453432580001
Epi-dihydrotestosterone,O75419,0.0978745343258,,,,1,0.09787453432580001
Epi-dihydrotestosterone,P08575,0.0978745343258,,,,1,0.09787453432580001
Epi-dihydrotestosterone,P03372,0.0978745343258,0.41,0.7112733171127331,,3,0.44289047293997635
Epi-dihydrotestosterone,Q14994,0.0978745343258,,0.5409570154095702,0.5556460348695269,3,0.40801371802840014
Epi-dihydrotestosterone,P18405,0.0978745343258,,,,1,0.09787453432580001
Epi-dihydrotestosterone,P00747,0.0978745343258,0.318,,,2,0.23795437611847273
Epi-dihydrotestosterone,Q9UJM8,0.0978745343258,,,,1,0.09787453432580001
Epi-dihydrotestosterone,Q9UBE0 Q9UBT2,0.0978745343258,,,,1,0.09787453432580001
Epi-dihydrotestosterone,Q8NER1,0.0978745343258,,,,1,0.09787453432580001
Epi-dihydrotestosterone,Q12809,0.0978745343258,0.2,,,2,0.1628634670275636
Epi-dihydrotestosterone,P04150,0.0978745343258,,1.0,,2,0.63914981373032
Epi-dihydrotestosterone,Q15465,0.0978745343258,,,,1,0.09787453432580001
Epi-dihydrotestosterone,P32246,0.0978745343258,,,,1,0.09787453432580001
Epi-dihydrotestosterone,P34972,0.0978745343258,,,,1,0.09787453432580001
Epi-dihydrotestosterone,P54289,0.0978745343258,,,,1,0.09787453432580001
Epi-dihydrotestosterone,P30305,0.0978745343258,,0.46553122465531227,,2,0.31846854852350737
Epi-dihydrotestosterone,Q99720,0.0,,0.46877534468775345,,2,0.28126520681265205
Epi-dihydrotestosterone,P48065,0.0,,,,1,0.0
Epi-dihydrotestosterone,P34913,0.0,0.528,,,2,0.33599999999999997
Epi-dihydrotestosterone,P06737,0.0,,,,1,0.0
Epi-dihydrotestosterone,P21730,0.0,,,,1,0.0
Epi-dihydrotestosterone,Q9Y2Q3,0.0,,,,1,0.0
Epi-dihydrotestosterone,P08254,0.0,,,,1,0.0
Epi-dihydrotestosterone,P14780,0.0,,,,1,0.0
Epi-dihydrotestosterone,P03956,0.0,,,,1,0.0
Epi-dihydrotestosterone,O60674,0.0,0.33,,,2,0.20999999999999996
Epi-dihydrotestosterone,P08172,0.0,0.85,,,2,0.5409090909090909
Epi-dihydrotestosterone,P22303,0.0,0.094,0.5068937550689375,,3,0.21760956061256617
Epi-dihydrotestosterone,P23975,0.0,0.382,,,2,0.24309090909090905
Epi-dihydrotestosterone,P31645,0.0,0.4,,,2,0.2545454545454545
Epi-dihydrotestosterone,P33261,0.0,,,,1,0.0
Epi-dihydrotestosterone,P05093,0.0,,0.4412003244120033,,2,0.264720194647202
Epi-dihydrotestosterone,P18031,0.0,,0.6966747769667477,,2,0.4180048661800486
Epi-dihydrotestosterone,P05129,0.0,,,,1,0.0
Epi-dihydrotestosterone,Q05655,0.0,,,,1,0.0
Epi-dihydrotestosterone,P17252,0.0,,,,1,0.0
Epi-dihydrotestosterone,P05771,0.0,,,,1,0.0
Epi-dihydrotestosterone,Q02156,0.0,,,,1,0.0
Epi-dihydrotestosterone,Q04759,0.0,,,,1,0.0
Epi-dihydrotestosterone,O95267,0.0,,,,1,0.0
Epi-dihydrotestosterone,P23141,0.0,,,,1,0.0
Epi-dihydrotestosterone,O00748,0.0,,,,1,0.0
Epi-dihydrotestosterone,P14618,0.0,,,,1,0.0
Epi-dihydrotestosterone,P14625,0.0,,,,1,0.0
Epi-dihydrotestosterone,P07900,0.0,0.528,,0.7297475243113666,3,0.42037446949529284
Epi-dihydrotestosterone,P08238,0.0,,,,1,0.0
Epi-dihydrotestosterone,P22001,0.0,,,,1,0.0
Epi-dihydrotestosterone,Q16572,0.0,,,,1,0.0
Epi-dihydrotestosterone,P12821,0.0,0.29,,,2,0.1845454545454545
Epi-dihydrotestosterone,P04035,0.0,,,,1,0.0
Epi-dihydrotestosterone,P35372,0.0,0.284,,,2,0.18072727272727268
Epi-dihydrotestosterone,P49810 Q9NZ42 Q92542 Q96BI3 P49768 Q8WW43,0.0,,,,1,0.0
Epi-dihydrotestosterone,Q16665,0.0,,,,1,0.0
Epi-dihydrotestosterone,P21453,0.0,,,,1,0.0
Epi-dihydrotestosterone,P14902,0.0,,,,1,0.0
Epi-dihydrotestosterone,O14684,0.0,,,,1,0.0
Epi-dihydrotestosterone,P23458,0.0,0.4,,,2,0.2545454545454545
Epi-dihydrotestosterone,Q8WWL7 P06493 P14635 O95067,0.0,,,,1,0.0
Epi-dihydrotestosterone,P49841,0.0,0.194,,0.604015789221446,3,0.22643195483316703
Epi-dihydrotestosterone,P06493,0.0,,,,1,0.0
Epi-dihydrotestosterone,Q99683,0.0,,,,1,0.0
Epi-dihydrotestosterone,P41143,0.0,,,,1,0.0
Epi-dihydrotestosterone,P41145,0.0,,,,1,0.0
Epi-dihydrotestosterone,P61586,0.0,,,,1,0.0
Epi-dihydrotestosterone,P06401,0.0,,1.0,0.5654972109832317,3,0.5920378179192073
Epi-dihydrotestosterone,P08908,0.0,,,,1,0.0
Epi-dihydrotestosterone,P14416,0.0,0.618,,,2,0.3932727272727272
Epitestosterone,P10275,1.0,0.944,0.8848337388483374,0.7879930144381853,4,0.9140490738202289
Epitestosterone,P04150,0.906314705411,,0.8848337388483374,,2,0.8934261254734024
Epitestosterone,P04278,0.906314705411,,0.8848337388483374,,2,0.8934261254734024
Epitestosterone,P08185,0.838148731478,,0.8848337388483374,,2,0.8661597359002025
Epitestosterone,P11511,0.838148731478,0.292,0.8848337388483374,0.6424831277527612,4,0.6316523371130154
Epitestosterone,Q99720,0.838148731478,,0.8848337388483374,,2,0.8661597359002025
Epitestosterone,P05093,0.666318839206,,0.8069748580697486,,2,0.7507124505242491
Epitestosterone,P06401,0.616846760761,,0.8848337388483374,0.730277707569305,3,0.7667094306801492
Epitestosterone,Q92731,0.452076479938,0.8480000000000001,0.7639902676399026,0.6510216472078637,4,0.7140656233607503
Epitestosterone,P08235,0.435520295391,,0.7283049472830495,0.9083547624207505,3,0.6797673194249653
Epitestosterone,Q01959,0.344839366069,0.41,0.7291159772911597,,3,0.5072972545895857
Epitestosterone,P0DMS8,0.344839366069,,0.7291159772911597,,2,0.5754053328022959
Epitestosterone,P27361,0.344839366069,0.13,0.7291159772911597,,3,0.392003136942527
Epitestosterone,Q9UHC9,0.320218721084,,0.7469586374695865,,2,0.5762626709153519
Epitestosterone,P28845,0.287307298113,,0.6958637469586375,,2,0.5324411674203825
Epitestosterone,P37058,0.229685699326,,0.527169505271695,,2,0.40817598289341706
Epitestosterone,P31213,0.229685699326,,0.7429034874290349,,2,0.5376163721878209
Epitestosterone,P18405,0.196657136121,,0.6577453365774533,,2,0.47331005639487195
Epitestosterone,P80365,0.188420385827,,0.6958637469586375,,2,0.49288640250598253
Epitestosterone,Q06124,0.163737226168,0.41000000000000003,,,2,0.3204499004247272
Epitestosterone,O60218,0.163737226168,,,,1,0.163737226168
Epitestosterone,P24723,0.155528102326,,,,1,0.155528102326
Epitestosterone,P03372,0.147256737367,0.5900000000000001,0.7396593673965937,,3,0.538646067873386
Epitestosterone,P30304,0.147256737367,,,,1,0.147256737367
Epitestosterone,P17706,0.139061946948,,0.45904298459042986,,2,0.3310505695334579
Epitestosterone,O14684,0.130791955177,,,,1,0.130791955177
Epitestosterone,P35398,0.130791955177,,0.5952960259529603,,2,0.4094943976425761
Epitestosterone,P31645,0.114337558605,0.5940000000000001,0.616382806163828,,3,0.489038063023704
Epitestosterone,P11413,0.114337558605,,0.5401459854014599,,2,0.3698226146828759
Epitestosterone,P56817,0.114337558605,0.092,0.47283049472830496,0.7111627652277067,4,0.30359107492364745
Epitestosterone,P14902,0.114337558605,,,,1,0.11433755860500001
Epitestosterone,P09917,0.114337558605,0.35,,,2,0.2643045667654545
Epitestosterone,P07148,0.106099949133,,0.6690997566909975,,2,0.4438998336677985
Epitestosterone,P49354 P49356,0.106099949133,,,,1,0.106099949133
Epitestosterone,P35228,0.106099949133,,,,1,0.106099949133
Epitestosterone,P18031,0.106099949133,,0.6715328467153284,,2,0.44535968768239703
Epitestosterone,Q14994,0.106099949133,,,0.7326853661680987,2,0.3746365564337566
Epitestosterone,P23141,0.106099949133,,,,1,0.106099949133
Epitestosterone,P29350,0.106099949133,,,,1,0.106099949133
Epitestosterone,P06276,0.106099949133,0.302,0.5693430656934307,,3,0.3502622465113285
Epitestosterone,P06746,0.0978745343258,,,,1,0.09787453432580001
Epitestosterone,P37268,0.0978745343258,,,,1,0.09787453432580001
Epitestosterone,P15090,0.0978745343258,,,,1,0.09787453432580001
Epitestosterone,Q07869,0.0978745343258,0.418,0.48094079480940793,,3,0.36489075918586156
Epitestosterone,O14746,0.0978745343258,,,,1,0.09787453432580001
Epitestosterone,P05413,0.0978745343258,,,,1,0.09787453432580001
Epitestosterone,Q01469,0.0978745343258,,,,1,0.09787453432580001
Epitestosterone,Q03181,0.0978745343258,0.40199999999999997,,,2,0.2914089215730181
Epitestosterone,P04035,0.0978745343258,,0.4785077047850771,,2,0.32625443660136627
Epitestosterone,O75469,0.0978745343258,,0.6658556366585564,,2,0.4386631957254538
Epitestosterone,O00767,0.0978745343258,,,,1,0.09787453432580001
Epitestosterone,P10586,0.0978745343258,,,,1,0.09787453432580001
Epitestosterone,P04054,0.0978745343258,,,,1,0.09787453432580001
Epitestosterone,P24666,0.0978745343258,,,,1,0.09787453432580001
Epitestosterone,Q13133,0.0978745343258,,0.4630981346309813,,2,0.3170086945089088
Epitestosterone,P01375,0.0978745343258,,,,1,0.09787453432580001
Epitestosterone,P11388,0.0978745343258,0.522,,,2,0.36777255793665453
Epitestosterone,O00748,0.0978745343258,,,,1,0.09787453432580001
Epitestosterone,P05231,0.0978745343258,,,,1,0.09787453432580001
Epitestosterone,P15104,0.0978745343258,,,,1,0.09787453432580001
Epitestosterone,Q8TDU6,0.0978745343258,,0.8848337388483374,,2,0.5700500570393224
Epitestosterone,P37231,0.0978745343258,0.31799999999999995,0.4776966747769667,0.7106983165298644,4,0.38078865677772966
Epitestosterone,P60033,0.0978745343258,,,,1,0.09787453432580001
Epitestosterone,P48147,0.0978745343258,0.162,,,2,0.13868164884574544
Epitestosterone,Q16850,0.0978745343258,,0.8848337388483374,,2,0.5700500570393224
Epitestosterone,O14842,0.0978745343258,,,,1,0.09787453432580001
Epitestosterone,P21730,0.0978745343258,,,,1,0.09787453432580001
Epitestosterone,P23219,0.0978745343258,0.118,,,2,0.11068164884574544
Epitestosterone,P52895,0.0978745343258,,,0.7273407048505168,2,0.3676457502649644
Epitestosterone,Q04828,0.0978745343258,,,0.5934603643468773,2,0.31026846147769027
Epitestosterone,P43116,0.0978745343258,,,,1,0.09787453432580001
Epitestosterone,P42330,0.0978745343258,,,0.6221168697506761,2,0.32254982093646123
Epitestosterone,P43119,0.0978745343258,,,,1,0.09787453432580001
Epitestosterone,O00519,0.0978745343258,,,,1,0.09787453432580001
Epitestosterone,Q9UBE0 Q9UBT2,0.0978745343258,,,,1,0.09787453432580001
Epitestosterone,Q8NER1,0.0978745343258,,,,1,0.09787453432580001
Epitestosterone,P37059,0.0978745343258,,,,1,0.09787453432580001
Epitestosterone,P32246,0.0978745343258,,,,1,0.09787453432580001
Epitestosterone,P21554,0.0978745343258,,,,1,0.09787453432580001
Epitestosterone,P51681,0.0978745343258,,,,1,0.09787453432580001
Epitestosterone,P51449,0.0978745343258,,,,1,0.09787453432580001
Epitestosterone,P41145,0.0978745343258,,,,1,0.09787453432580001
Epitestosterone,P08172,0.0978745343258,0.8560000000000001,,,2,0.5803180124821091
Epitestosterone,P22303,0.0978745343258,0.078,0.6480129764801298,,3,0.28385741154023403
Epitestosterone,P23975,0.0978745343258,0.57,,,2,0.398318012482109
Epitestosterone,P33261,0.0978745343258,,0.6715328467153284,,2,0.442069521759517
Epitestosterone,P35354,0.0978745343258,0.352,,,2,0.2595907397548363
Epitestosterone,Q15722,0.0978745343258,,,,1,0.09787453432580001
Epitestosterone,P30305,0.0978745343258,,,,1,0.09787453432580001
Epitestosterone,P35408,0.0978745343258,,,,1,0.09787453432580001
Epitestosterone,P21452,0.0,,,,1,0.0
Epitestosterone,P25103,0.0,,,,1,0.0
Epitestosterone,P49810 Q9NZ42 Q92542 Q96BI3 P49768 Q8WW43,0.0,,,,1,0.0
Epitestosterone,Q08499,0.0,0.5800000000000001,,,2,0.3690909090909091
Epitestosterone,P11940,0.0,,,,1,0.0
Epitestosterone,P16662,0.0,,,,1,0.0
Epitestosterone,Q12772,0.0,,,,1,0.0
Epitestosterone,O75899 Q9UBS5,0.0,,,,1,0.0
Epitestosterone,P05129,0.0,,,,1,0.0
Epitestosterone,P05771,0.0,,,,1,0.0
Ethylestrenol,P10275,1.0,0.6759999999999999,0.8361719383617194,0.7355020837599758,4,0.7977768940725122
Ethylestrenol,P03372,1.0,0.866,0.8361719383617194,,3,0.8870018605982539
Ethylestrenol,P08172,1.0,0.85,0.8361719383617194,,3,0.8804136253041362
Ethylestrenol,P22303,1.0,0.5900000000000001,0.8361719383617194,,3,0.7733548017747245
Ethylestrenol,P23975,1.0,0.7,0.8361719383617194,,3,0.8186489194217833
Ethylestrenol,P31645,1.0,0.41400000000000003,0.8361719383617194,,3,0.7008842135394304
Ethylestrenol,P33261,1.0,,0.8361719383617194,,2,0.9017031630170317
Ethylestrenol,P11511,0.786926950761,0.32799999999999996,0.5677210056772101,,3,0.5205902257121918
Ethylestrenol,Q14994,0.254289911931,,,0.6155910728749231,2,0.4091332666212528
Ethylestrenol,Q92731,0.221330189598,0.686,0.6180048661800486,0.723456042327775,4,0.5782859041227808
Ethylestrenol,P05093,0.21312592269,,0.46553122465531227,,2,0.3645691038691874
Ethylestrenol,Q13133,0.21312592269,,0.5060827250608273,,2,0.38890000411249637
Ethylestrenol,P04278,0.147256737367,,0.5904298459042985,,2,0.4131606024893791
Ethylestrenol,P18031,0.122581769115,,0.4395782643957826,,2,0.31277966628346954
Ethylestrenol,P04035,0.122581769115,,0.4339010543390105,,2,0.30937334024940627
Ethylestrenol,Q12772,0.122581769115,,0.4339010543390105,,2,0.30937334024940627
Ethylestrenol,Q9UHC9,0.122581769115,,0.4955393349553934,,2,0.346356308619236
Ethylestrenol,Q16850,0.122581769115,,0.308191403081914,,2,0.2339475494951484
Ethylestrenol,P28845,0.106099949133,,,,1,0.106099949133
Ethylestrenol,P30304,0.0978745343258,,,,1,0.09787453432580001
Ethylestrenol,P30305,0.0978745343258,,,,1,0.09787453432580001
Ethylestrenol,P06276,0.0978745343258,0.10600000000000001,0.4412003244120033,,3,0.22239412257501293
Ethylestrenol,P29350,0.0978745343258,,,,1,0.09787453432580001
Ethylestrenol,P17706,0.0978745343258,,,,1,0.09787453432580001
Ethylestrenol,P51449,0.0978745343258,,0.510948905109489,,2,0.3457191567960134
Ethylestrenol,P35398,0.0978745343258,,,0.7698439013009897,2,0.38586140588659557
Ethylestrenol,P04150,0.0978745343258,,0.559610705596107,,2,0.3749162370879842
Ethylestrenol,P16662,0.0978745343258,,,,1,0.09787453432580001
Ethylestrenol,Q14534,0.0978745343258,,,,1,0.09787453432580001
Ethylestrenol,O00748,0.0978745343258,,,,1,0.09787453432580001
Ethylestrenol,P48147,0.0978745343258,0.374,,,2,0.27359073975483633
Ethylestrenol,P15090,0.0978745343258,,,,1,0.09787453432580001
Ethylestrenol,Q07869,0.0978745343258,0.426,,,2,0.3066816488457454
Ethylestrenol,O14746,0.0978745343258,,,,1,0.09787453432580001
Ethylestrenol,P05413,0.0978745343258,,,,1,0.09787453432580001
Ethylestrenol,Q01469,0.0978745343258,,,,1,0.09787453432580001
Ethylestrenol,Q03181,0.0978745343258,0.602,,,2,0.4186816488457454
Ethylestrenol,P07148,0.0978745343258,,,,1,0.09787453432580001
Ethylestrenol,P08185,0.0978745343258,,0.47607461476074614,,2,0.3247945825867677
Ethylestrenol,P21554,0.0978745343258,,,,1,0.09787453432580001
Ethylestrenol,P06401,0.0978745343258,,0.8361719383617194,0.72917640165535,3,0.5843122286491974
Ethylestrenol,O00767,0.0978745343258,,,,1,0.09787453432580001
Ethylestrenol,P06746,0.0978745343258,,0.35442011354420117,,2,0.2518018818568407
Ethylestrenol,P10586,0.0978745343258,,,,1,0.09787453432580001
Ethylestrenol,P04054,0.0978745343258,,,,1,0.09787453432580001
Ethylestrenol,P24666,0.0978745343258,,,,1,0.09787453432580001
Ethylestrenol,O60218,0.0978745343258,,,,1,0.09787453432580001
Ethylestrenol,P11229,0.0978745343258,,,,1,0.09787453432580001
Ethylestrenol,P20309,0.0978745343258,,,,1,0.09787453432580001
Ethylestrenol,P11413,0.0978745343258,,,,1,0.09787453432580001
Ethylestrenol,P49810 Q9NZ42 Q92542 Q96BI3 P49768 Q8WW43,0.0978745343258,,,,1,0.09787453432580001
Ethylestrenol,Q12809,0.0978745343258,0.196,,,2,0.16031801248210908
Ethylestrenol,P34972,0.0978745343258,,,,1,0.09787453432580001
Ethylestrenol,P47871,0.0978745343258,,,,1,0.09787453432580001
Ethylestrenol,P54707,0.0978745343258,,,,1,0.09787453432580001
Ethylestrenol,Q01959,0.0978745343258,0.616,,,2,0.4275907397548363
Ethylestrenol,P35228,0.0978745343258,,,,1,0.09787453432580001
Ethylestrenol,Q9UBM7,0.0978745343258,,,,1,0.09787453432580001
Ethylestrenol,P34913,0.0978745343258,0.306,,,2,0.23031801248210904
Ethylestrenol,P49354 P49356,0.0978745343258,,,,1,0.09787453432580001
Ethylestrenol,P80365,0.0978745343258,,,,1,0.09787453432580001
Ethylestrenol,P60033,0.0978745343258,,,,1,0.09787453432580001
Ethylestrenol,P08173,0.0978745343258,,,,1,0.09787453432580001
Ethylestrenol,P08912,0.0978745343258,,,,1,0.09787453432580001
Ethylestrenol,Q06124,0.0978745343258,0.8400000000000001,,,2,0.5701361943002908
Ethylestrenol,P08235,0.0,,0.3454987834549878,0.6910442934296589,3,0.3189327370014541
Ethylestrenol,Q99720,0.0,,0.308191403081914,,2,0.1849148418491484
Ethylestrenol,O15055,0.0,,,,1,0.0
Ethylestrenol,P21730,0.0,,,,1,0.0
Ethylestrenol,O14684,0.0,,,,1,0.0
Ethylestrenol,O00519,0.0,,,,1,0.0
Ethylestrenol,P11388,0.0,0.31,,,2,0.19727272727272727
Ethylestrenol,P24557,0.0,,,,1,0.0
Ethylestrenol,P37231,0.0,0.546,0.291970802919708,0.6502394722483099,4,0.3762271617131589
Ethylestrenol,P32246,0.0,,,,1,0.0
Ethylestrenol,P41594,0.0,,,,1,0.0
Ethylestrenol,Q05655,0.0,,,,1,0.0
Ethylestrenol,P34995,0.0,,,,1,0.0
Ethylestrenol,P43116,0.0,,,,1,0.0
Ethylestrenol,P11387,0.0,0.094,,,2,0.05981818181818181
Ethylestrenol,P0DMS8,0.0,,,,1,0.0
Ethylestrenol,P27361,0.0,0.11000000000000001,,,2,0.06999999999999999
Ethylestrenol,Q15761,0.0,,,,1,0.0
Ethylestrenol,P48039,0.0,,,,1,0.0
Ethylestrenol,P49286,0.0,,,,1,0.0
Ethylestrenol,P37288,0.0,,,,1,0.0
Ethylestrenol,P45983,0.0,0.396,,,2,0.252
Ethylestrenol,Q16572,0.0,,,,1,0.0
Ethylestrenol,P56817,0.0,0.1,,0.7783298603691767,3,0.2167849700791093
Ethylestrenol,Q9BV23,0.0,,,,1,0.0
Ethylestrenol,P11473,0.0,,,,1,0.0
Ethylestrenol,P35372,0.0,0.48200000000000004,,,2,0.30672727272727274
Ethylestrenol,P41145,0.0,,,,1,0.0
Ethylestrenol,P35968,0.0,0.4600000000000001,,0.40471455833816045,3,0.31672454821532015
Ethylestrenol,P23415,0.0,,,,1,0.0
Ethylestrenol,P14555,0.0,,,,1,0.0
Ethylestrenol,Q14416,0.0,,,,1,0.0
Ethylestrenol,Q15722,0.0,,,,1,0.0
Ethylestrenol,P40189,0.0,,,,1,0.0
Ethylestrenol,P09917,0.0,0.378,,,2,0.24054545454545453
Fluoxymesterone,P10275,0.97132508485,0.946,0.902676399026764,0.7178733343768415,4,0.9038489368345554
Fluoxymesterone,P08185,0.443835469607,,0.7607461476074615,,2,0.6339818764072769
Fluoxymesterone,P04278,0.35497440765,,0.7818329278183294,,2,0.6110895197509976
Fluoxymesterone,P11511,0.225803139262,0.758,0.5928629359286294,0.2656902082000536,4,0.5281730398609968
Fluoxymesterone,P04150,0.128898633299,,0.7031630170316302,0.9884452883034555,3,0.5923006538689344
Fluoxymesterone,P06401,0.120823671646,,0.6958637469586375,0.9414505429539126,3,0.5756022151690433
Fluoxymesterone,P08235,0.112748418065,,0.6098945660989457,0.947749957236966,3,0.5348931492741978
Fluoxymesterone,P28845,0.104671941128,,0.5101378751013788,,2,0.34795150151202725
Fluoxymesterone,P49810 Q9NZ42 Q92542 Q96BI3 P49768 Q8WW43,0.104671941128,,,,1,0.104671941128
Fluoxymesterone,P23458,0.104671941128,0.42400000000000004,,,2,0.30788070586472727
Fluoxymesterone,Q13946,0.104671941128,0.892,,,2,0.605698887682909
Fluoxymesterone,Q9UHC9,0.104671941128,,0.4193025141930251,,2,0.2934502849670151
Fluoxymesterone,Q8NG68,0.104671941128,,,,1,0.104671941128
Fluoxymesterone,P09917,0.104671941128,0.374,,,2,0.2760625240465454
Fluoxymesterone,Q92731,0.104671941128,0.626,0.4979724249797242,0.46176156125432954,4,0.45869034990766666
Fluoxymesterone,P41145,0.104671941128,,,,1,0.104671941128
Fluoxymesterone,P32246,0.104671941128,,,,1,0.104671941128
Fluoxymesterone,O00311,0.104671941128,,,,1,0.104671941128
Fluoxymesterone,P80365,0.104671941128,,0.5101378751013788,,2,0.34795150151202725
Fluoxymesterone,P52333,0.104671941128,0.41600000000000004,,0.6784251882216257,3,0.38328309494120555
Fluoxymesterone,O60674,0.104671941128,0.4,,,2,0.29260797859199994
Fluoxymesterone,P29597,0.104671941128,0.8160000000000001,,,2,0.5573352513192728
Fluoxymesterone,Q01959,0.104671941128,0.8539999999999999,0.5004055150040552,,3,0.5528894620315488
Fluoxymesterone,P29274,0.104671941128,0.36,,,2,0.26715343313745454
Fluoxymesterone,P35228,0.104671941128,,,,1,0.104671941128
Fluoxymesterone,O15055,0.104671941128,,,,1,0.104671941128
Fluoxymesterone,P78527,0.104671941128,0.61,,,2,0.4262443422283636
Fluoxymesterone,P11309,0.104671941128,,,,1,0.104671941128
Fluoxymesterone,Q9NWZ3,0.104671941128,,,,1,0.104671941128
Fluoxymesterone,Q86V86,0.104671941128,,,,1,0.104671941128
Fluoxymesterone,Q16539,0.104671941128,0.13999999999999999,,,2,0.12715343313745453
Fluoxymesterone,O14757,0.104671941128,,,0.6730631223084995,2,0.3482681616339284
Fluoxymesterone,P28482,0.104671941128,0.28200000000000003,,,2,0.21751706950109093
Fluoxymesterone,Q05469,0.104671941128,,,,1,0.104671941128
Fluoxymesterone,Q99720,0.104671941128,,0.5182481751824817,,2,0.352817681560689
Fluoxymesterone,Q15078 Q00535,0.104671941128,,,,1,0.104671941128
Fluoxymesterone,Q05655,0.104671941128,,,,1,0.104671941128
Fluoxymesterone,P0DMS8,0.104671941128,,0.5004055150040552,,2,0.3421120854536331
Fluoxymesterone,P10721,0.104671941128,,,,1,0.104671941128
Fluoxymesterone,P21728,0.104671941128,,,,1,0.104671941128
Fluoxymesterone,P35968,0.104671941128,0.364,,0.7632932025975226,3,0.3754690980217549
Fluoxymesterone,P24723,0.104671941128,,,,1,0.104671941128
Fluoxymesterone,P30304,0.104671941128,,,,1,0.104671941128
Fluoxymesterone,P05093,0.104671941128,,0.47607461476074614,,2,0.3275135453076477
Fluoxymesterone,Q9Y233,0.104671941128,,,,1,0.104671941128
Fluoxymesterone,O60725,0.104671941128,,,,1,0.104671941128
Fluoxymesterone,Q06124,0.104671941128,0.8039999999999999,,,2,0.5496988876829091
Fluoxymesterone,O60218,0.104671941128,,,,1,0.104671941128
Fluoxymesterone,P05129,0.104671941128,,,,1,0.104671941128
Fluoxymesterone,P05771,0.104671941128,,,,1,0.104671941128
Fluoxymesterone,P56817,0.104671941128,0.118,,0.6736846768212068,3,0.2332672710696872
Fluoxymesterone,P50747,0.104671941128,,,,1,0.104671941128
Fluoxymesterone,P23280,0.104671941128,,,,1,0.104671941128
Fluoxymesterone,P14780,0.104671941128,,,,1,0.104671941128
Fluoxymesterone,P08253,0.104671941128,,,,1,0.104671941128
Fluoxymesterone,P22748,0.104671941128,,,,1,0.104671941128
Fluoxymesterone,Q15858,0.104671941128,,,,1,0.104671941128
Fluoxymesterone,P22894,0.104671941128,,,,1,0.104671941128
Fluoxymesterone,P54760,0.104671941128,,,,1,0.104671941128
Fluoxymesterone,Q02156,0.104671941128,,,,1,0.104671941128
Fluoxymesterone,Q04759,0.104671941128,,,,1,0.104671941128
Fluoxymesterone,O95267,0.104671941128,,,,1,0.104671941128
Fluoxymesterone,O14684,0.104671941128,,,,1,0.104671941128
Fluoxymesterone,P35348,0.104671941128,,,,1,0.104671941128
Fluoxymesterone,P07949,0.104671941128,,,,1,0.104671941128
Fluoxymesterone,Q13627,0.104671941128,0.8640000000000001,,,2,0.5878807058647273
Fluoxymesterone,P06239,0.104671941128,0.11800000000000002,,,2,0.11315343313745455
Fluoxymesterone,Q9HBH9,0.104671941128,,,,1,0.104671941128
Fluoxymesterone,Q9UM73,0.104671941128,,,,1,0.104671941128
Fluoxymesterone,P08254,0.104671941128,,,,1,0.104671941128
Fluoxymesterone,P16662,0.104671941128,,,,1,0.104671941128
Fluoxymesterone,P06737,0.0,,,,1,0.0
Fluoxymesterone,O60885,0.0,,,,1,0.0
Fluoxymesterone,P43681 P17787,0.0,,,,1,0.0
Fluoxymesterone,P07550,0.0,,,,1,0.0
Fluoxymesterone,P08588,0.0,,,,1,0.0
Fluoxymesterone,P13945,0.0,,,,1,0.0
Fluoxymesterone,O00408,0.0,0.514,,,2,0.3270909090909091
Fluoxymesterone,P30532 P17787 P43681,0.0,,,,1,0.0
Fluoxymesterone,Q02750,0.0,,,,1,0.0
Fluoxymesterone,P18031,0.0,,0.40227088402270883,,2,0.2413625304136253
Fluoxymesterone,P32297 P30926,0.0,,,,1,0.0
Fluoxymesterone,Q8WWL7 P06493 P14635 O95067,0.0,,,,1,0.0
Fluoxymesterone,P24941,0.0,0.6599999999999999,,,2,0.4199999999999999
Fluoxymesterone,P06493,0.0,,,,1,0.0
Fluoxymesterone,P35398,0.0,,0.3236009732360097,,2,0.19416058394160582
Fluoxymesterone,Q00987,0.0,,,,1,0.0
Fluoxymesterone,P43166,0.0,,,,1,0.0
Fluoxymesterone,P05164,0.0,,,,1,0.0
Fluoxymesterone,O43570,0.0,,,,1,0.0
Fluoxymesterone,Q8N1Q1,0.0,,,,1,0.0
Fluoxymesterone,Q5S007,0.0,,,,1,0.0
Fluoxymesterone,P11940,0.0,,,,1,0.0
Fluoxymesterone,P28472 P34903 P18507,0.0,,,,1,0.0
Fluoxymesterone,P28472 P18507 P14867,0.0,,,,1,0.0
Fluoxymesterone,P28472 P18507 P31644,0.0,,,,1,0.0
Fluoxymesterone,P47869 P28472 P18507,0.0,,,,1,0.0
Fluoxymesterone,Q13093,0.0,,,,1,0.0
Fluoxymesterone,P22460,0.0,,,,1,0.0
Fluoxymesterone,O60678,0.0,,,,1,0.0
Formebolone,P10275,0.155798172151,0.47000000000000003,0.6585563665855636,0.7016375630754026,4,0.49847217886717954
Formebolone,P11511,0.155798172151,0.32199999999999995,0.5944849959448499,,3,0.37906486260429995
Formebolone,P08185,0.139088623131,,0.6601784266017843,,2,0.45174250521347054
Formebolone,P04278,0.130706652821,,0.6520681265206814,,2,0.4435235370408088
Formebolone,P04150,0.122339193554,,0.6536901865369019,,2,0.4411497893437411
Formebolone,P08235,0.105608279572,,0.6504460665044606,0.9001884300345677,3,0.5404365236475743
Formebolone,P05231,0.0972399887602,,0.6463909164639092,,2,0.42673054538242555
Formebolone,P78536,0.0972399887602,,0.6463909164639092,,2,0.42673054538242555
Formebolone,P15104,0.0972399887602,,0.6463909164639092,,2,0.42673054538242555
Formebolone,Q8TDU6,0.0972399887602,,0.6472019464720195,,2,0.42721716338729165
Formebolone,P07148,0.0972399887602,,0.6463909164639092,,2,0.42673054538242555
Formebolone,Q92731,0.0972399887602,0.796,0.39253852392538524,0.45103815579083334,4,0.48346527829828057
Formebolone,P28845,0.0972399887602,,0.5077047850770479,,2,0.3435188665503087
Formebolone,P18031,0.0972399887602,,0.42984590429845904,,2,0.2968035380831554
Formebolone,P23458,0.0972399887602,0.404,,,2,0.29245090500370907
Formebolone,P06401,0.0972399887602,,0.6463909164639092,0.9288250850619836,3,0.5425985160777081
Formebolone,P52333,0.0972399887602,0.38,,,2,0.2771781777309818
Formebolone,O60674,0.0972399887602,0.33999999999999997,,,2,0.2517236322764363
Formebolone,P29597,0.0972399887602,0.82,,,2,0.5571781777309817
Formebolone,P35228,0.0972399887602,,,,1,0.0972399887602
Formebolone,Q9UHC9,0.0972399887602,,0.41768045417680455,,2,0.2895042680101627
Formebolone,Q8IV61,0.0972399887602,,,,1,0.0972399887602
Formebolone,P49810 Q9NZ42 Q92542 Q96BI3 P49768 Q8WW43,0.0972399887602,,,,1,0.0972399887602
Formebolone,P17252,0.0972399887602,,,,1,0.0972399887602
Formebolone,O60885,0.0972399887602,,,,1,0.0972399887602
Formebolone,P25440,0.0972399887602,,,,1,0.0972399887602
Formebolone,Q15059,0.0972399887602,,,,1,0.0972399887602
Formebolone,O14757,0.0972399887602,,,0.7779103228771294,2,0.388955846238884
Formebolone,Q00987,0.0972399887602,,,,1,0.0972399887602
Formebolone,P43166,0.0972399887602,,,,1,0.0972399887602
Formebolone,P00915,0.0972399887602,0.642,,,2,0.44390545045825447
Formebolone,O43570,0.0972399887602,,,,1,0.0972399887602
Formebolone,Q16790,0.0972399887602,,,,1,0.0972399887602
Formebolone,Q8N1Q1,0.0972399887602,,,,1,0.0972399887602
Formebolone,P11309,0.0972399887602,,,,1,0.0972399887602
Formebolone,P33981,0.0972399887602,,,,1,0.0972399887602
Formebolone,Q9P1W9,0.0972399887602,,,,1,0.0972399887602
Formebolone,P17706,0.0972399887602,,,,1,0.0972399887602
Formebolone,P04054,0.0972399887602,,,,1,0.0972399887602
Formebolone,P30305,0.0972399887602,,,,1,0.0972399887602
Formebolone,P24666,0.0972399887602,,,,1,0.0972399887602
Formebolone,O60218,0.0972399887602,,,,1,0.0972399887602
Formebolone,P09884,0.0972399887602,,,,1,0.0972399887602
Formebolone,P05093,0.0972399887602,,0.389294403892944,,2,0.2724726378398464
Formebolone,P23219,0.0972399887602,0.122,,,2,0.11299635954916362
Formebolone,Q13946,0.0972399887602,0.686,,,2,0.47190545045825455
Formebolone,Q99720,0.0972399887602,,0.42903487429034876,,2,0.29631692007828925
Formebolone,P09917,0.0972399887602,0.6060000000000001,,,2,0.42099635954916365
Formebolone,P15090,0.0972399887602,,,,1,0.0972399887602
Formebolone,Q07869,0.0972399887602,0.418,,,2,0.30135999591279994
Formebolone,P05413,0.0972399887602,,,,1,0.0972399887602
Formebolone,Q03181,0.0972399887602,0.61,,,2,0.42354181409461816
Formebolone,Q9NWZ3,0.0972399887602,,,,1,0.0972399887602
Formebolone,Q16539,0.0972399887602,0.564,,,2,0.3942690868218908
Formebolone,Q01959,0.0,0.6519999999999999,0.38767234387672345,,3,0.40529612136825527
Formebolone,Q8NG68,0.0,,,,1,0.0
Formebolone,P28161,0.0,,,,1,0.0
Formebolone,P35372,0.0,0.704,,,2,0.44799999999999995
Formebolone,P41145,0.0,,,,1,0.0
Formebolone,Q99572,0.0,,,,1,0.0
Formebolone,P21554,0.0,,,,1,0.0
Formebolone,P32297 P30926,0.0,,,,1,0.0
Formebolone,Q02750,0.0,,,,1,0.0
Formebolone,P45983,0.0,0.6060000000000001,,,2,0.3856363636363636
Formebolone,P25101,0.0,,,,1,0.0
Formebolone,P28482,0.0,0.514,,,2,0.3270909090909091
Formebolone,P24385 P11802,0.0,,,,1,0.0
Formebolone,P00533,0.0,0.508,,,2,0.3232727272727272
Formebolone,P68400,0.0,0.834,,,2,0.5307272727272727
Formebolone,P19784,0.0,,,,1,0.0
Formebolone,P03372,0.0,0.32599999999999996,0.31630170316301703,,3,0.24587118935165306
Formebolone,P32246,0.0,,,,1,0.0
Formebolone,P60033,0.0,,,,1,0.0
Formebolone,Q06124,0.0,0.8379999999999999,,,2,0.5332727272727271
Formebolone,P15538,0.0,0.85,,,2,0.5409090909090909
Formebolone,P19099,0.0,,,,1,0.0
Formebolone,Q2M385,0.0,,,,1,0.0
Formebolone,Q92831,0.0,,,,1,0.0
Formebolone,P04049,0.0,,,,1,0.0
Formebolone,P27487,0.0,,,,1,0.0
Formebolone,O75116,0.0,,,,1,0.0
Formebolone,Q13464,0.0,,,,1,0.0
Formebolone,P15056,0.0,,,,1,0.0
Formebolone,O96020 P24941 P24864,0.0,,,,1,0.0
Formebolone,Q86V86,0.0,,,,1,0.0
Formebolone,P50747,0.0,,,,1,0.0
Formebolone,P35348,0.0,,,,1,0.0
Formebolone,O15055,0.0,,,,1,0.0
Formebolone,P14416,0.0,0.54,,,2,0.34363636363636363
Formebolone,P21917,0.0,,,,1,0.0
Formebolone,P35462,0.0,,,,1,0.0
Formebolone,P41146,0.0,,,,1,0.0
Formebolone,P00918,0.0,,,,1,0.0
Formebolone,Q15858,0.0,,,,1,0.0
Formebolone,P29274,0.0,0.352,,,2,0.22399999999999998
Formebolone,P04629,0.0,0.318,,,2,0.20236363636363633
Formebolone,P78527,0.0,0.374,,,2,0.23799999999999996
Formebolone,O00311,0.0,,,,1,0.0
Formebolone,P22460,0.0,,,,1,0.0
Formebolone,P05129,0.0,,,,1,0.0
Furazabol,P05093,0.104671941128,,0.12084347120843472,,2,0.11437485917626083
Furazabol,P04278,0.104671941128,,0.24412003244120034,,2,0.18834079591592018
Furazabol,P10275,0.104671941128,0.916,0.34955393349553937,0.6405294855715521,4,0.5424799911099947
Furazabol,P04150,0.104671941128,,0.17031630170316303,,2,0.14405855747309781
Furazabol,P11511,0.104671941128,0.184,0.19951338199513383,,3,0.170809885675459
Furazabol,P08185,0.104671941128,,0.16869424168694241,,2,0.14308532146336544
Furazabol,Q99720,0.104671941128,,,,1,0.104671941128
Furazabol,Q92731,0.104671941128,0.8140000000000001,0.12489862124898621,0.5714420230202539,4,0.429020278053334
Furazabol,P37058,0.104671941128,,0.1030008110300081,,2,0.10366926306920486
Furazabol,Q12809,0.104671941128,0.19,,,2,0.15897161495563633
Furazabol,P11413,0.104671941128,,0.15166261151662613,,2,0.1328663433611757
Furazabol,P18405,0.104671941128,,,,1,0.104671941128
Furazabol,P31213,0.104671941128,,,,1,0.104671941128
Furazabol,Q8NER1,0.104671941128,,,,1,0.104671941128
Furazabol,Q9UBS5,0.104671941128,,,,1,0.104671941128
Furazabol,Q14994,0.104671941128,,,0.7307590333029143,2,0.3729949806315347
Furazabol,P03372,0.104671941128,0.372,0.34955393349553937,,3,0.3011771391461904
Furazabol,P06401,0.104671941128,,0.34955393349553937,0.6859481624699494,3,0.3518350656073142
Furazabol,P31645,0.104671941128,0.4,,,2,0.29260797859199994
Furazabol,Q13133,0.104671941128,,,,1,0.104671941128
Furazabol,P28845,0.104671941128,,0.07866991078669909,,2,0.08907072292321946
Furazabol,P08235,0.104671941128,,0.10705596107055959,0.9610848850236184,3,0.3034060143081702
Furazabol,P33261,0.104671941128,,0.34955393349553937,,2,0.2516011365485236
Furazabol,P04035,0.0,,,,1,0.0
Furazabol,P06737,0.0,,,,1,0.0
Furazabol,P23219,0.0,0.31999999999999995,,,2,0.20363636363636356
Furazabol,P34972,0.0,,,,1,0.0
Furazabol,P22001,0.0,,,,1,0.0
Furazabol,Q16665,0.0,,,,1,0.0
Furazabol,P34913,0.0,0.524,,,2,0.33345454545454545
Furazabol,P30304,0.0,,,,1,0.0
Furazabol,P30305,0.0,,,,1,0.0
Furazabol,P21730,0.0,,,,1,0.0
Furazabol,Q01959,0.0,0.616,,,2,0.39199999999999996
Furazabol,P0DMS8,0.0,,0.34955393349553937,,2,0.20973236009732363
Furazabol,P27361,0.0,0.352,,,2,0.22399999999999998
Furazabol,P49810 Q9NZ42 Q92542 Q96BI3 P49768 Q8WW43,0.0,,,,1,0.0
Furazabol,P21554,0.0,,,,1,0.0
Furazabol,P47869 P47870 P18507,0.0,,,,1,0.0
Furazabol,Q16539,0.0,0.352,,,2,0.22399999999999998
Furazabol,P07333,0.0,,,,1,0.0
Furazabol,Q16572,0.0,,,,1,0.0
Furazabol,P08172,0.0,0.632,,,2,0.40218181818181814
Furazabol,P22303,0.0,0.128,0.0802919708029197,,3,0.08104422498926576
Furazabol,P23975,0.0,0.41,,,2,0.26090909090909087
Furazabol,P32246,0.0,,,,1,0.0
Furazabol,P08254,0.0,,,,1,0.0
Furazabol,P14780,0.0,,,,1,0.0
Furazabol,P03956,0.0,,,,1,0.0
Furazabol,P00813,0.0,,,,1,0.0
Furazabol,O60674,0.0,0.646,,,2,0.41109090909090906
Furazabol,P10721,0.0,,,,1,0.0
Furazabol,P36888,0.0,0.602,,,2,0.383090909090909
Furazabol,P35968,0.0,0.33999999999999997,,0.5813437361901936,3,0.29457365775504146
Furazabol,P14618,0.0,,,,1,0.0
Furazabol,P49354 P49356,0.0,,,,1,0.0
Furazabol,P21453,0.0,,,,1,0.0
Furazabol,Q8WWL7 P06493 P14635 O95067,0.0,,,,1,0.0
Furazabol,P49841,0.0,0.33799999999999997,,0.6588532304000394,3,0.3101828350857227
Furazabol,P06493,0.0,,,,1,0.0
Furazabol,P25101,0.0,,,,1,0.0
Furazabol,P45983,0.0,0.602,,,2,0.383090909090909
Furazabol,P45984,0.0,,,,1,0.0
Furazabol,P22460,0.0,,,,1,0.0
Furazabol,P14625,0.0,,,,1,0.0
Furazabol,P51452,0.0,,,,1,0.0
Furazabol,P18031,0.0,,0.08434712084347121,,2,0.05060827250608272
Furazabol,P07900,0.0,0.37,,0.7066906162128157,3,0.33643370347417484
Furazabol,P08238,0.0,,,,1,0.0
Furazabol,P23458,0.0,0.42000000000000004,,,2,0.2672727272727272
Furazabol,P05129,0.0,,,,1,0.0
Furazabol,Q05655,0.0,,,,1,0.0
Furazabol,P17252,0.0,,,,1,0.0
Furazabol,P05771,0.0,,,,1,0.0
Furazabol,Q02156,0.0,,,,1,0.0
Furazabol,P24723,0.0,,,,1,0.0
Furazabol,Q04759,0.0,,,,1,0.0
Furazabol,O95267,0.0,,,,1,0.0
Furazabol,P11229,0.0,,,,1,0.0
Furazabol,O00519,0.0,,,,1,0.0
Furazabol,P42785,0.0,,,,1,0.0
Furazabol,P20309,0.0,,,,1,0.0
Furazabol,P08908,0.0,,,,1,0.0
Furazabol,P14416,0.0,0.5599999999999999,,,2,0.35636363636363627
Furazabol,P35462,0.0,,,,1,0.0
Furazabol,P37231,0.0,0.354,,,2,0.22527272727272724
Furazabol,O75582,0.0,,,,1,0.0
Furazabol,P16662,0.0,,,,1,0.0
Furazabol,P35372,0.0,0.6539999999999999,0.1281427412814274,,3,0.314520967511092
Furazabol,P41143,0.0,,,,1,0.0
Furazabol,P41145,0.0,,0.1281427412814274,,2,0.07688564476885644
Furazabol,P08842,0.0,,,0.6451205398771991,2,0.27648023137594246
Furazabol,Q13093,0.0,,,,1,0.0
Furazabol,P25116,0.0,,,,1,0.0
Furazabol,Q15761,0.0,,,,1,0.0
Furazabol,Q99500,0.0,,,,1,0.0
Furazabol,Q16850,0.0,,,,1,0.0
Furazabol,P42330,0.0,,,0.6461981088837359,2,0.27694204666445826
Furazabol,P48039,0.0,,,,1,0.0
Furazabol,P49286,0.0,,,,1,0.0
Gestrinone,P04278,1.0,,0.896999188969992,,2,0.9381995133819951
Gestrinone,P10275,0.359903714134,0.882,0.7899432278994323,0.7399233106482808,4,0.7286522077938717
Gestrinone,P04150,0.359903714134,,0.7850770478507705,,2,0.6150077143640622
Gestrinone,P06401,0.326563704219,,0.7850770478507705,0.5402320838305408,3,0.5874933350363265
Gestrinone,P08235,0.109945769839,,0.7477696674776967,0.7578485120652075,3,0.5538420477244463
Gestrinone,P31645,0.109945769839,0.434,0.5815085158150851,,3,0.40981377495567706
Gestrinone,P03372,0.101613854776,0.52,0.5506893755068938,,3,0.43238774542031544
Gestrinone,P11511,0.101613854776,0.376,0.39821573398215737,0.31715506074269206,4,0.318960750261251
Gestrinone,O00748,0.101613854776,,0.1897810218978102,,2,0.15451415504908614
Gestrinone,P33261,0.101613854776,,0.35442011354420117,,2,0.2532976100369207
Gestrinone,Q8NER1,0.101613854776,,,,1,0.101613854776
Gestrinone,Q9UJM8,0.0,,,,1,0.0
Gestrinone,P35968,0.0,0.368,,0.49234662280445723,3,0.2895028477438123
Gestrinone,O14746,0.0,,,,1,0.0
Gestrinone,Q06124,0.0,0.8240000000000001,,,2,0.5243636363636363
Gestrinone,Q9NR96,0.0,,,,1,0.0
Gestrinone,Q00613,0.0,,,,1,0.0
Gestrinone,P06737,0.0,,,,1,0.0
Gestrinone,P11309,0.0,,,,1,0.0
Gestrinone,Q86V86,0.0,,,,1,0.0
Gestrinone,P11388,0.0,0.354,,,2,0.22527272727272724
Gestrinone,Q9UHC9,0.0,,0.2887266828872669,,2,0.1732360097323601
Gestrinone,P35398,0.0,,0.19383617193836172,0.1023272105064762,3,0.11307682024227682
Gestrinone,P10721,0.0,,,,1,0.0
Gestrinone,P36888,0.0,0.806,,,2,0.5129090909090909
Gestrinone,O96020 P24941 P24864,0.0,,,,1,0.0
Gestrinone,Q9UBS5,0.0,,,,1,0.0
Gestrinone,Q12809,0.0,0.23200000000000004,,,2,0.14763636363636365
Gestrinone,Q8NE63,0.0,,,,1,0.0
Gestrinone,Q14004,0.0,,,,1,0.0
Gestrinone,P07333,0.0,,,,1,0.0
Gestrinone,P00519,0.0,0.37,,,2,0.23545454545454544
Gestrinone,P17948,0.0,,,,1,0.0
Gestrinone,P09619,0.0,,,,1,0.0
Gestrinone,P35916,0.0,,,,1,0.0
Gestrinone,P16234,0.0,,,,1,0.0
Gestrinone,P00533,0.0,0.124,,,2,0.07890909090909089
Gestrinone,P07949,0.0,,,,1,0.0
Gestrinone,Q96GD4,0.0,0.36,,,2,0.22909090909090907
Gestrinone,P34972,0.0,,,,1,0.0
Gestrinone,P53779,0.0,,,,1,0.0
Gestrinone,Q04912,0.0,,,,1,0.0
Gestrinone,Q9H1R3,0.0,,,,1,0.0
Gestrinone,P04629,0.0,0.582,,,2,0.3703636363636363
Gestrinone,O75116,0.0,,,,1,0.0
Gestrinone,P50613,0.0,,,,1,0.0
Gestrinone,P06493,0.0,,,,1,0.0
Gestrinone,P50750,0.0,,,,1,0.0
Gestrinone,O75676,0.0,,,,1,0.0
Gestrinone,P29323,0.0,,,,1,0.0
Gestrinone,P08581,0.0,0.514,,0.762884630335315,3,0.4204752779289961
Gestrinone,O00444,0.0,,,,1,0.0
Gestrinone,Q9UQB9,0.0,,,,1,0.0
Gestrinone,Q15759,0.0,,,,1,0.0
Gestrinone,O94804,0.0,,,,1,0.0
Gestrinone,P54756,0.0,,,,1,0.0
Gestrinone,P17612,0.0,,,,1,0.0
Gestrinone,Q02763,0.0,,,,1,0.0
Gestrinone,P45984,0.0,,,,1,0.0
Gestrinone,Q9H2G2,0.0,,,,1,0.0
Gestrinone,Q9HAZ1,0.0,,,,1,0.0
Gestrinone,Q9HBH9,0.0,,,,1,0.0
Gestrinone,P42685,0.0,,,,1,0.0
Gestrinone,P49759,0.0,,,,1,0.0
Gestrinone,O75582,0.0,,,,1,0.0
Gestrinone,Q9UM73,0.0,,,,1,0.0
Gestrinone,O14976,0.0,,,,1,0.0
Gestrinone,P23443,0.0,,,,1,0.0
Gestrinone,Q9UF33,0.0,,,,1,0.0
Gestrinone,Q9UKE5,0.0,,,,1,0.0
Gestrinone,Q9H422,0.0,,,,1,0.0
Gestrinone,Q00536,0.0,,,,1,0.0
Gestrinone,Q13043,0.0,,,,1,0.0
Gestrinone,Q15375,0.0,,,,1,0.0
Gestrinone,P53778,0.0,,,,1,0.0
Gestrinone,Q13188,0.0,,,,1,0.0
Gestrinone,Q9BUB5,0.0,,,,1,0.0
Gestrinone,O14965,0.0,,,,1,0.0
Gestrinone,Q9Y4K4,0.0,,,,1,0.0
Gestrinone,P30530,0.0,,,,1,0.0
Gestrinone,Q9H4B4,0.0,,,,1,0.0
Gestrinone,Q16620,0.0,,,,1,0.0
Gestrinone,P54753,0.0,,,,1,0.0
Gestrinone,Q13163,0.0,,,,1,0.0
Gestrinone,P29320,0.0,,,,1,0.0
Gestrinone,P54762,0.0,,,,1,0.0
Gestrinone,Q16832,0.0,,,,1,0.0
Gestrinone,P54760,0.0,,,,1,0.0
Gestrinone,Q8TD08,0.0,,,,1,0.0
Gestrinone,Q7L7X3,0.0,,,,1,0.0
Gestrinone,P35590,0.0,,,,1,0.0
Gestrinone,Q08345,0.0,,,,1,0.0
Gestrinone,Q12866,0.0,,,,1,0.0
Gestrinone,Q9UQ88,0.0,,,,1,0.0
Gestrinone,Q8IVH8,0.0,,,,1,0.0
Gestrinone,Q13546,0.0,,,,1,0.0
Gestrinone,Q13873,0.0,,,,1,0.0
Gestrinone,O00238,0.0,,,,1,0.0
Gestrinone,P14616,0.0,,,,1,0.0
Gestrinone,Q16288,0.0,,,,1,0.0
Mestanolone,P04278,1.0,,1.0,,2,1.0
Mestanolone,P10275,0.872894640626,0.9179999999999999,0.9010543390105433,0.6219642858950646,4,0.8594898727126227
Mestanolone,P08185,0.79222106036,,0.8921330089213301,,2,0.852168229496798
Mestanolone,P37058,0.79222106036,,0.8459042984590429,,2,0.8244310032194258
Mestanolone,P11511,0.727626876079,0.38,0.8913219789132198,,3,0.642261139870313
Mestanolone,P11413,0.696055374994,,0.8313057583130575,,2,0.7772056049854346
Mestanolone,Q9UBS5,0.577582444019,,,,1,0.577582444019
Mestanolone,P11473,0.214178826987,,0.5214922952149229,,2,0.3985669079237537
Mestanolone,Q9UHC9,0.214178826987,,0.6472019464720195,,2,0.47399269867801164
Mestanolone,Q8TDU6,0.214178826987,,0.8142741281427414,,2,0.5742360076804448
Mestanolone,O60218,0.214178826987,,0.4639091646390916,,2,0.36401702957825494
Mestanolone,P30304,0.182601416737,,0.4858069748580698,,2,0.3645247516096419
Mestanolone,P28845,0.174646371539,,0.6926196269261964,,2,0.48543032477131787
Mestanolone,P47869 P47870 P18507,0.16679877234,,0.5652879156528792,,2,0.40589225832772746
Mestanolone,Q96RI1,0.135202128368,,0.5977291159772911,,2,0.41271832093357463
Mestanolone,P06746,0.127302569502,,0.464720194647202,,2,0.3297531445891212
Mestanolone,P15090,0.127302569502,,,,1,0.127302569502
Mestanolone,Q07869,0.127302569502,0.398,,,2,0.29956457072799997
Mestanolone,P05413,0.127302569502,,,,1,0.127302569502
Mestanolone,Q01469,0.127302569502,,,,1,0.127302569502
Mestanolone,Q03181,0.127302569502,0.608,,,2,0.4332009343643636
Mestanolone,O14842,0.127302569502,,,,1,0.127302569502
Mestanolone,P12104,0.127302569502,,,,1,0.127302569502
Mestanolone,P16662,0.127302569502,,,,1,0.127302569502
Mestanolone,P49354 P49356,0.119403562123,,0.505271695052717,,2,0.35092444188083016
Mestanolone,Q4U2R8,0.11150186548,,,,1,0.11150186548
Mestanolone,Q92731,0.11150186548,0.61,0.5506893755068938,0.3197619495062224,4,0.4489714781740015
Mestanolone,P43116,0.11150186548,,,,1,0.11150186548
Mestanolone,P43088,0.11150186548,,,,1,0.11150186548
Mestanolone,P03372,0.11150186548,0.13999999999999999,0.6877534468775345,,3,0.3266193025403063
Mestanolone,P80365,0.11150186548,,0.4720194647201947,,2,0.3278124250241168
Mestanolone,Q9Y2K7,0.11150186548,,,,1,0.11150186548
Mestanolone,Q9UPP1,0.11150186548,,,,1,0.11150186548
Mestanolone,P41229,0.11150186548,,,,1,0.11150186548
Mestanolone,Q14994,0.11150186548,,,0.7376461358736801,2,0.3798494099344344
Mestanolone,O75419,0.11150186548,,,,1,0.11150186548
Mestanolone,P08575,0.11150186548,,,,1,0.11150186548
Mestanolone,Q12809,0.11150186548,0.344,,,2,0.259455223810909
Mestanolone,P31645,0.11150186548,0.388,,,2,0.28745522381090904
Mestanolone,P33261,0.11150186548,,0.5182481751824817,,2,0.35554965130148897
Mestanolone,P00747,0.11150186548,0.552,,,2,0.3918188601745454
Mestanolone,Q9UJM8,0.11150186548,,,,1,0.11150186548
Mestanolone,Q9UBE0 Q9UBT2,0.11150186548,,,,1,0.11150186548
Mestanolone,P18405,0.11150186548,,,,1,0.11150186548
Mestanolone,Q8NER1,0.11150186548,,,,1,0.11150186548
Mestanolone,P30305,0.11150186548,,0.5490673154906732,,2,0.37404113548640394
Mestanolone,Q15465,0.11150186548,,,,1,0.11150186548
Mestanolone,P04150,0.11150186548,,0.8167072181670721,,2,0.5346250770922433
Mestanolone,P54289,0.11150186548,,,,1,0.11150186548
Mestanolone,Q7Z2W7,0.0,,,,1,0.0
Mestanolone,P08172,0.0,0.8240000000000001,,,2,0.5243636363636363
Mestanolone,P22303,0.0,0.13,0.4330900243309002,,3,0.2063847144697295
Mestanolone,P23975,0.0,0.6279999999999999,,,2,0.3996363636363635
Mestanolone,P05093,0.0,,,,1,0.0
Mestanolone,P48065,0.0,,,,1,0.0
Mestanolone,Q9Y2Q3,0.0,,,,1,0.0
Mestanolone,P09960,0.0,,,,1,0.0
Mestanolone,P34972,0.0,,,,1,0.0
Mestanolone,P32246,0.0,,,,1,0.0
Mestanolone,P06737,0.0,,,,1,0.0
Mestanolone,P08254,0.0,,,,1,0.0
Mestanolone,P14780,0.0,,,,1,0.0
Mestanolone,P03956,0.0,,,,1,0.0
Mestanolone,P18031,0.0,,0.6836982968369829,,2,0.4102189781021897
Mestanolone,P21730,0.0,,,,1,0.0
Mestanolone,P23141,0.0,,,,1,0.0
Mestanolone,P34913,0.0,0.524,,,2,0.33345454545454545
Mestanolone,P22001,0.0,,,,1,0.0
Mestanolone,P35968,0.0,0.31999999999999995,,0.7159449050303519,3,0.3134167653636468
Mestanolone,P12821,0.0,0.308,,,2,0.19599999999999998
Mestanolone,P35372,0.0,0.674,,,2,0.42890909090909085
Mestanolone,P14618,0.0,,,,1,0.0
Mestanolone,P05129,0.0,,,,1,0.0
Mestanolone,Q05655,0.0,,,,1,0.0
Mestanolone,P17252,0.0,,,,1,0.0
Mestanolone,P05771,0.0,,,,1,0.0
Mestanolone,Q02156,0.0,,,,1,0.0
Mestanolone,Q04759,0.0,,,,1,0.0
Mestanolone,O95267,0.0,,,,1,0.0
Mestanolone,P08908,0.0,,,,1,0.0
Mestanolone,P14416,0.0,0.5800000000000001,,,2,0.3690909090909091
Mestanolone,P35462,0.0,,,,1,0.0
Mestanolone,P09884,0.0,,0.464720194647202,,2,0.2788321167883212
Mestanolone,Q99720,0.0,,,,1,0.0
Mestanolone,O60674,0.0,0.5900000000000001,,,2,0.37545454545454543
Mestanolone,Q16572,0.0,,,,1,0.0
Mestanolone,P21453,0.0,,,,1,0.0
Mestanolone,P04035,0.0,,,,1,0.0
Mestanolone,P14625,0.0,,,,1,0.0
Mestanolone,P49810 Q9NZ42 Q92542 Q96BI3 P49768 Q8WW43,0.0,,0.5206812652068127,,2,0.3124087591240876
Mestanolone,P07900,0.0,0.522,,0.7230723488840148,3,0.41594407476086037
Mestanolone,P08238,0.0,,,,1,0.0
Mestanolone,O75899 Q9UBS5,0.0,,,,1,0.0
Mestanolone,P41143,0.0,,,,1,0.0
Mestanolone,P41145,0.0,,,,1,0.0
Mestanolone,P12955,0.0,,,,1,0.0
Mestanolone,Q16665,0.0,,,,1,0.0
Mestanolone,P11229,0.0,,,,1,0.0
Mestanolone,P23458,0.0,0.41400000000000003,,,2,0.26345454545454544
Mestanolone,P25116,0.0,,,,1,0.0
Mesterolone,P04278,1.0,,0.8361719383617194,,2,0.9017031630170317
Mesterolone,P10275,0.95224718824,0.892,0.8361719383617194,0.7712406721713799,4,0.8691871199822228
Mesterolone,P11511,0.931454622002,0.28600000000000003,0.7826439578264396,0.4440799191797624,4,0.5877960996252962
Mesterolone,P08185,0.931454622002,,0.778588807785888,,2,0.8397351334723329
Mesterolone,P11413,0.880826265859,,0.6836982968369829,,2,0.7625494844457897
Mesterolone,P37058,0.781363560497,,0.5823195458231955,,2,0.6619371516927173
Mesterolone,Q9UBS5,0.569545980938,,,,1,0.569545980938
Mesterolone,P11473,0.214178826987,,0.4468775344687753,,2,0.3537980514760652
Mesterolone,Q9UHC9,0.214178826987,,0.464720194647202,,2,0.3645036475831212
Mesterolone,Q8TDU6,0.214178826987,,0.8313057583130575,,2,0.5844549857826344
Mesterolone,O60218,0.214178826987,,0.3819951338199513,,2,0.3148686110867708
Mesterolone,P28845,0.190502109895,,0.5352798053527981,,2,0.39736872716967886
Mesterolone,P30304,0.182601416737,,,,1,0.182601416737
Mesterolone,P47869 P47870 P18507,0.174646371539,,0.6082725060827251,,2,0.43482205226523507
Mesterolone,P16662,0.135202128368,,,,1,0.135202128368
Mesterolone,Q96RI1,0.127302569502,,0.665044606650446,,2,0.44994779179106753
Mesterolone,P15090,0.127302569502,,,,1,0.127302569502
Mesterolone,Q07869,0.127302569502,0.41200000000000003,,,2,0.3084736616370909
Mesterolone,P05413,0.127302569502,,,,1,0.127302569502
Mesterolone,Q01469,0.127302569502,,,0.482333981652262,2,0.27945888899496946
Mesterolone,Q03181,0.127302569502,0.6,,,2,0.4281100252734545
Mesterolone,O14842,0.127302569502,,,,1,0.127302569502
Mesterolone,P12104,0.127302569502,,,,1,0.127302569502
Mesterolone,Q92731,0.127302569502,0.8540000000000001,0.5466342254663422,0.5972909482685738,4,0.5779444237805887
Mesterolone,P06746,0.119403562123,,0.44363341443633414,,2,0.31394147351100044
Mesterolone,Q4U2R8,0.11150186548,,,,1,0.11150186548
Mesterolone,P43116,0.11150186548,,,,1,0.11150186548
Mesterolone,P43088,0.11150186548,,,,1,0.11150186548
Mesterolone,P49354 P49356,0.11150186548,,,,1,0.11150186548
Mesterolone,P03372,0.11150186548,0.20600000000000002,0.5474452554744526,,3,0.30427523498627734
Mesterolone,Q14994,0.11150186548,,,,1,0.11150186548
Mesterolone,Q9Y2K7,0.11150186548,,,,1,0.11150186548
Mesterolone,Q9UPP1,0.11150186548,,,,1,0.11150186548
Mesterolone,P41229,0.11150186548,,,,1,0.11150186548
Mesterolone,O75419,0.11150186548,,,,1,0.11150186548
Mesterolone,P08575,0.11150186548,,,,1,0.11150186548
Mesterolone,P80365,0.11150186548,,0.46715328467153283,,2,0.3248927169949197
Mesterolone,P00747,0.11150186548,0.33399999999999996,,,2,0.25309158744727267
Mesterolone,Q8NER1,0.11150186548,,,,1,0.11150186548
Mesterolone,Q9UJM8,0.11150186548,,,,1,0.11150186548
Mesterolone,Q9UBE0 Q9UBT2,0.11150186548,,,,1,0.11150186548
Mesterolone,P30305,0.11150186548,,,,1,0.11150186548
Mesterolone,Q12809,0.11150186548,0.182,,,2,0.15636431471999998
Mesterolone,P18405,0.11150186548,,,,1,0.11150186548
Mesterolone,P00918,0.11150186548,,,,1,0.11150186548
Mesterolone,P00915,0.11150186548,0.544,,,2,0.38672795108363633
Mesterolone,Q15465,0.11150186548,,,,1,0.11150186548
Mesterolone,P34913,0.11150186548,0.484,,,2,0.34854613290181813
Mesterolone,P31645,0.11150186548,0.386,,,2,0.2861824965381818
Mesterolone,P06737,0.11150186548,,,,1,0.11150186548
Mesterolone,P54289,0.11150186548,,,,1,0.11150186548
Mesterolone,P33261,0.11150186548,,,,1,0.11150186548
Mesterolone,P05093,0.11150186548,,,,1,0.11150186548
Mesterolone,Q7Z2W7,0.0,,,,1,0.0
Mesterolone,P22748,0.0,,,,1,0.0
Mesterolone,P48065,0.0,,,,1,0.0
Mesterolone,Q9Y2Q3,0.0,,,,1,0.0
Mesterolone,P09960,0.0,,,,1,0.0
Mesterolone,P21453,0.0,,,,1,0.0
Mesterolone,P21730,0.0,,,,1,0.0
Mesterolone,P34972,0.0,,,,1,0.0
Mesterolone,P41594,0.0,,,,1,0.0
Mesterolone,P04035,0.0,,,,1,0.0
Mesterolone,P04150,0.0,,0.829683698296837,,2,0.4978102189781022
Mesterolone,P23141,0.0,,,,1,0.0
Mesterolone,P14618,0.0,,,,1,0.0
Mesterolone,Q99720,0.0,,,,1,0.0
Mesterolone,P18031,0.0,,0.527169505271695,,2,0.31630170316301703
Mesterolone,P22001,0.0,,,,1,0.0
Mesterolone,P12821,0.0,0.312,,,2,0.19854545454545452
Mesterolone,P10721,0.0,,,,1,0.0
Mesterolone,P36888,0.0,0.826,,,2,0.5256363636363636
Mesterolone,P35968,0.0,0.148,,0.627010028102546,3,0.20835929173625986
Mesterolone,O60674,0.0,0.33199999999999996,,,2,0.21127272727272722
Mesterolone,P25116,0.0,,,,1,0.0
Mesterolone,P09884,0.0,,,,1,0.0
Mesterolone,Q16665,0.0,,,,1,0.0
Mesterolone,P08908,0.0,,,,1,0.0
Mesterolone,P14416,0.0,0.6,,,2,0.3818181818181818
Mesterolone,P42785,0.0,,,,1,0.0
Mesterolone,P35462,0.0,,,,1,0.0
Mesterolone,P32246,0.0,,,,1,0.0
Mesterolone,Q16572,0.0,,,,1,0.0
Mesterolone,O75899 Q9UBS5,0.0,,,,1,0.0
Mesterolone,P05129,0.0,,,,1,0.0
Mesterolone,Q05655,0.0,,,,1,0.0
Mesterolone,P17252,0.0,,,,1,0.0
Mesterolone,P05771,0.0,,,,1,0.0
Mesterolone,Q02156,0.0,,,,1,0.0
Mesterolone,Q04759,0.0,,,,1,0.0
Mesterolone,O95267,0.0,,,,1,0.0
Mesterolone,P08254,0.0,,,,1,0.0
Mesterolone,P14780,0.0,,,,1,0.0
Mesterolone,P03956,0.0,,,,1,0.0
Mesterolone,P42330,0.0,,,0.5864997202242725,2,0.2513570229532597
Mesterolone,Q99500,0.0,,,,1,0.0
Mesterolone,P12955,0.0,,,,1,0.0
Mesterolone,P49810 Q9NZ42 Q92542 Q96BI3 P49768 Q8WW43,0.0,,,,1,0.0
Mesterolone,P08172,0.0,0.8540000000000001,,,2,0.5434545454545454
Mesterolone,P22303,0.0,0.268,0.38037307380373075,,3,0.2446022613424932
Metenolone,P04278,1.0,,0.8045417680454177,,2,0.8827250608272506
Metenolone,P10275,0.931454622002,0.718,0.805352798053528,0.7767332952808134,4,0.7957067581085804
Metenolone,P11511,0.931454622002,0.528,0.7988645579886455,0.582668124555549,4,0.6981505104803261
Metenolone,P08185,0.931454622002,,0.7964314679643147,,2,0.8504407295793889
Metenolone,P04150,0.910663238418,,0.8004866180048661,,2,0.8445572661701197
Metenolone,Q99720,0.910663238418,,0.7899432278994323,,2,0.8382312321068595
Metenolone,P05093,0.719670028346,,0.7469586374695865,,2,0.7360431938201519
Metenolone,Q92731,0.538061807395,0.8800000000000001,0.6991078669910786,,3,0.7356996724427337
Metenolone,P06401,0.364127942537,,0.8004866180048661,0.6730886474981054,3,0.6368228785131932
Metenolone,Q9UHC9,0.340526084149,,0.624493106244931,,2,0.5109062974065586
Metenolone,P37058,0.245758011225,,0.43633414436334145,,2,0.3601036911080049
Metenolone,P28845,0.245758011225,,0.6285482562854826,,2,0.4754321582612896
Metenolone,P08235,0.229974302009,,0.6999188969991891,0.7471803122750373,3,0.5662270405274035
Metenolone,Q01959,0.182601416737,0.20999999999999996,0.616382806163828,,3,0.34698250023123345
Metenolone,P0DMS8,0.182601416737,,0.616382806163828,,2,0.4428702503930968
Metenolone,P27361,0.182601416737,0.344,0.616382806163828,,3,0.40215897081946866
Metenolone,P31213,0.182601416737,,0.6317923763179238,,2,0.45211599248555434
Metenolone,Q06124,0.174646371539,0.598,,,2,0.4440532260141818
Metenolone,O60218,0.174646371539,,,,1,0.174646371539
Metenolone,P30304,0.174646371539,,,,1,0.174646371539
Metenolone,P11413,0.174646371539,,0.4720194647201947,,2,0.35307022744771677
Metenolone,P18405,0.158886033955,,0.4858069748580698,,2,0.35503859849684183
Metenolone,P06276,0.150981810223,0.34199999999999997,0.5125709651257097,,3,0.35725606068507404
Metenolone,P17706,0.150981810223,,0.49878345498783455,,2,0.3596627970819007
Metenolone,P03372,0.150981810223,0.652,0.6731549067315491,,3,0.5415798047812527
Metenolone,P35398,0.135202128368,,0.5506893755068938,0.18623231898186746,3,0.338741671035305
Metenolone,P24723,0.135202128368,,,,1,0.135202128368
Metenolone,O14684,0.127302569502,,,,1,0.127302569502
Metenolone,P31645,0.127302569502,0.6,0.5506893755068938,,3,0.47137332535584486
Metenolone,P07148,0.119403562123,,0.5790754257907542,,2,0.3952066803236525
Metenolone,P09917,0.119403562123,0.162,,,2,0.14651038622654544
Metenolone,Q14994,0.119403562123,,,,1,0.119403562123
Metenolone,P35228,0.119403562123,,,,1,0.119403562123
Metenolone,Q13133,0.119403562123,,0.45255474452554745,,2,0.31929427156452844
Metenolone,P23141,0.119403562123,,,,1,0.119403562123
Metenolone,P29350,0.119403562123,,,,1,0.119403562123
Metenolone,P18031,0.119403562123,,0.6374695863746959,,2,0.4302431766740175
Metenolone,P80365,0.11150186548,,0.6285482562854826,,2,0.4217296999632896
Metenolone,P56817,0.11150186548,0.096,,0.6689896620938254,3,0.22321260344296262
Metenolone,P48147,0.11150186548,0.132,,,2,0.12454613290181818
Metenolone,P49354 P49356,0.11150186548,,,,1,0.11150186548
Metenolone,P15090,0.11150186548,,,,1,0.11150186548
Metenolone,Q07869,0.11150186548,0.4,,,2,0.29509158744727265
Metenolone,O14746,0.11150186548,,,,1,0.11150186548
Metenolone,P05413,0.11150186548,,,,1,0.11150186548
Metenolone,Q01469,0.11150186548,,,,1,0.11150186548
Metenolone,Q03181,0.11150186548,0.40800000000000003,,,2,0.3001824965381818
Metenolone,P04035,0.11150186548,,0.43633414436334145,,2,0.30640123281000486
Metenolone,O00767,0.11150186548,,,,1,0.11150186548
Metenolone,Q08499,0.11150186548,0.608,,,2,0.42745522381090906
Metenolone,P10586,0.11150186548,,,,1,0.11150186548
Metenolone,P04054,0.11150186548,,,,1,0.11150186548
Metenolone,P24666,0.11150186548,,,,1,0.11150186548
Metenolone,P37268,0.11150186548,,,,1,0.11150186548
Metenolone,P54707,0.11150186548,,,,1,0.11150186548
Metenolone,P01375,0.11150186548,,,,1,0.11150186548
Metenolone,P11388,0.11150186548,0.32799999999999996,,,2,0.24927340562909087
Metenolone,P05231,0.11150186548,,,,1,0.11150186548
Metenolone,P78536,0.11150186548,,,,1,0.11150186548
Metenolone,P15104,0.11150186548,,,,1,0.11150186548
Metenolone,Q8TDU6,0.11150186548,,0.7964314679643147,,2,0.5224596269705889
Metenolone,O75469,0.11150186548,,0.5498783454987834,,2,0.37452775349127004
Metenolone,P60033,0.11150186548,,,,1,0.11150186548
Metenolone,Q16850,0.11150186548,,0.789132197891322,,2,0.5180800649267933
Metenolone,O00748,0.11150186548,,0.43633414436334145,,2,0.30640123281000486
Metenolone,O14842,0.11150186548,,,,1,0.11150186548
Metenolone,P14902,0.11150186548,,,,1,0.11150186548
Metenolone,P30305,0.11150186548,,,,1,0.11150186548
Metenolone,P21554,0.11150186548,,,,1,0.11150186548
Metenolone,P52895,0.11150186548,,,0.7807102213104167,2,0.3983054465501786
Metenolone,Q04828,0.11150186548,,,0.6009797325801678,2,0.32127809423721476
Metenolone,P11387,0.11150186548,0.286,,,2,0.22254613290181813
Metenolone,P34995,0.11150186548,,,,1,0.11150186548
Metenolone,P43116,0.11150186548,,,,1,0.11150186548
Metenolone,Q8NER1,0.11150186548,,,,1,0.11150186548
Metenolone,P37231,0.11150186548,0.11600000000000002,,0.662954405190936,3,0.23191933410662915
Metenolone,P33261,0.11150186548,,0.6171938361719383,,2,0.414917047895163
Metenolone,P07339,0.11150186548,0.612,,,2,0.4300006783563636
Metenolone,P43119,0.11150186548,,,,1,0.11150186548
Metenolone,O00519,0.11150186548,,,,1,0.11150186548
Metenolone,Q9UBE0 Q9UBT2,0.11150186548,,,,1,0.11150186548
Metenolone,P23219,0.11150186548,0.374,,,2,0.2785461329018181
Metenolone,Q12809,0.11150186548,0.44400000000000006,,,2,0.32309158744727273
Metenolone,Q15722,0.11150186548,,,,1,0.11150186548
Metenolone,P35408,0.11150186548,,,,1,0.11150186548
Metenolone,P21730,0.11150186548,,,,1,0.11150186548
Metenolone,P42330,0.0,,,0.6105657639194356,2,0.26167104167975813
Metenolone,P08172,0.0,0.8459999999999999,,,2,0.5383636363636362
Metenolone,P22303,0.0,0.10800000000000001,0.5547445255474452,,3,0.24026277372262775
Metenolone,P23975,0.0,0.346,,,2,0.22018181818181815
Metenolone,P06746,0.0,,,,1,0.0
Metenolone,P35354,0.0,0.576,,,2,0.36654545454545445
Metenolone,Q12772,0.0,,,,1,0.0
Metenolone,P20701,0.0,,,,1,0.0
Metenolone,P06737,0.0,,,,1,0.0
Metenolone,P21453,0.0,,,,1,0.0
Metenolone,Q8IV61,0.0,,,,1,0.0
Metenolone,P51449,0.0,,,,1,0.0
Metenolone,Q9UJM8,0.0,,,,1,0.0
Metenolone,P49810 Q9NZ42 Q92542 Q96BI3 P49768 Q8WW43,0.0,,,,1,0.0
Methandriol,P10275,1.0,0.702,0.9245742092457421,0.7975917213265702,4,0.8427110209727081
Methandriol,P03372,1.0,0.812,0.9318734793187348,,3,0.8985435809360242
Methandriol,Q92731,1.0,0.884,0.9245742092457421,0.6428533167225475,4,0.8832002602821049
Methandriol,P04278,0.95224718824,,1.0,,2,0.980898875296
Methandriol,P05093,0.727626876079,,0.8313057583130575,,2,0.7898342054194345
Methandriol,P11511,0.482634269369,0.142,0.8580697485806975,0.4751576969029172,4,0.4749214329834468
Methandriol,P51449,0.340526084149,,0.8669910786699108,,2,0.6564050808615465
Methandriol,Q12772,0.340526084149,,0.851581508515815,,2,0.647159338769089
Methandriol,Q9UHC9,0.340526084149,,0.8637469586374696,,2,0.6544586088420818
Methandriol,P04035,0.182601416737,,0.8532035685320356,,2,0.5849627078140213
Methandriol,Q13133,0.143102156498,,0.8661800486618004,,2,0.5769488917962803
Methandriol,Q16850,0.135202128368,,0.5433901054339011,,2,0.38011491460754065
Methandriol,P11413,0.135202128368,,0.7128953771289538,,2,0.4818180776245723
Methandriol,P35398,0.127302569502,,0.6747769667477697,,2,0.45578720784946175
Methandriol,P08185,0.127302569502,,0.9075425790754258,,2,0.5954465752460555
Methandriol,P22303,0.119403562123,0.10400000000000001,0.6909975669099756,,3,0.31479997940893256
Methandriol,P18031,0.119403562123,,0.8369829683698297,,2,0.5499512058710978
Methandriol,P08172,0.119403562123,0.624,0.6326034063260341,,3,0.5083079227322473
Methandriol,P31645,0.119403562123,0.392,0.6382806163828061,,3,0.4147822321640492
Methandriol,P33261,0.119403562123,,0.6804541768045418,,2,0.45603393093192507
Methandriol,P23975,0.11150186548,0.492,0.6326034063260341,,3,0.4520957588162473
Methandriol,P06276,0.11150186548,0.31,0.6909975669099756,,3,0.3977642860811678
Methandriol,P34995,0.11150186548,,,,1,0.11150186548
Methandriol,P43116,0.11150186548,,,,1,0.11150186548
Methandriol,O14684,0.11150186548,,,,1,0.11150186548
Methandriol,P28845,0.11150186548,,,,1,0.11150186548
Methandriol,P24557,0.11150186548,,0.4955393349553934,,2,0.341924347165236
Methandriol,Q9UBS5,0.11150186548,,,,1,0.11150186548
Methandriol,Q07869,0.11150186548,0.386,,0.6510086971260516,3,0.36435953952129674
Methandriol,Q03181,0.11150186548,0.5980000000000001,,,2,0.4210915874472727
Methandriol,Q14534,0.11150186548,,,,1,0.11150186548
Methandriol,P29350,0.11150186548,,,,1,0.11150186548
Methandriol,P17706,0.11150186548,,,,1,0.11150186548
Methandriol,P04150,0.11150186548,,0.6366585563665855,,2,0.4265958800119513
Methandriol,Q99720,0.11150186548,,0.5425790754257908,,2,0.37014819144747446
Methandriol,Q14994,0.11150186548,,,0.7908108591176934,2,0.4026342913247258
Methandriol,Q9UBM7,0.11150186548,,,,1,0.11150186548
Methandriol,O00748,0.11150186548,,,,1,0.11150186548
Methandriol,Q15465,0.11150186548,,,,1,0.11150186548
Methandriol,P23415,0.11150186548,,,,1,0.11150186548
Methandriol,P55055,0.11150186548,,0.7721005677210057,,2,0.5078610868246034
Methandriol,P06746,0.11150186548,,0.7128953771289538,,2,0.47233797246937226
Methandriol,P48147,0.0,0.358,,,2,0.22781818181818178
Methandriol,P08842,0.0,,,0.7217008291954758,2,0.30930035536948963
Methandriol,P35408,0.0,,,,1,0.0
Methandriol,P14902,0.0,,,,1,0.0
Methandriol,P49354 P49356,0.0,,,,1,0.0
Methandriol,P15538,0.0,0.8719999999999999,,,2,0.5549090909090907
Methandriol,P35372,0.0,0.43,,,2,0.2736363636363636
Methandriol,P19099,0.0,,,,1,0.0
Methandriol,P43119,0.0,,,,1,0.0
Methandriol,Q9UBM7 Q15125,0.0,,,,1,0.0
Methandriol,P15090,0.0,,,,1,0.0
Methandriol,O00519,0.0,,,,1,0.0
Methandriol,O14746,0.0,,,,1,0.0
Methandriol,P05413,0.0,,,,1,0.0
Methandriol,Q01469,0.0,,,,1,0.0
Methandriol,P07148,0.0,,,,1,0.0
Methandriol,P06401,0.0,,0.7558799675587997,0.7081671610483691,3,0.5122908683459927
Methandriol,P27361,0.0,0.316,,,2,0.20109090909090907
Methandriol,P24723,0.0,,,,1,0.0
Methandriol,P80365,0.0,,,,1,0.0
Methandriol,Q06124,0.0,0.8220000000000001,,,2,0.523090909090909
Methandriol,O60218,0.0,,0.5344687753446877,,2,0.3206812652068126
Methandriol,O60674,0.0,0.336,,,2,0.2138181818181818
Methandriol,P35354,0.0,0.556,,,2,0.35381818181818175
Methandriol,Q08499,0.0,0.796,,,2,0.5065454545454545
Methandriol,P10586,0.0,,,,1,0.0
Methandriol,P04054,0.0,,,,1,0.0
Methandriol,P24666,0.0,,,,1,0.0
Methandriol,O00767,0.0,,,,1,0.0
Methandriol,P11229,0.0,,,,1,0.0
Methandriol,P02774,0.0,,,0.6307866430073514,2,0.2703371327174363
Methandriol,P11388,0.0,0.284,0.6853203568532035,,3,0.35881894947760123
Methandriol,P11473,0.0,,0.45012165450121655,,2,0.27007299270072993
Methandriol,P41143,0.0,,,,1,0.0
Methandriol,P41145,0.0,,,,1,0.0
Methandriol,P43088,0.0,,,,1,0.0
Methandriol,P43115,0.0,,,,1,0.0
Methandriol,Q13258,0.0,,,,1,0.0
Methandriol,P52333,0.0,0.182,,0.5312228207537407,3,0.2048334615900873
Methandriol,O75116,0.0,,,,1,0.0
Methandriol,Q13464,0.0,,,,1,0.0
Methandriol,P32297 P30926,0.0,,,,1,0.0
Methandriol,P11387,0.0,0.48999999999999994,,,2,0.3118181818181817
Methandriol,Q16665,0.0,,,,1,0.0
Methandriol,P37231,0.0,0.292,0.5823195458231955,,3,0.32575983970230427
Methandriol,P20309,0.0,,,,1,0.0
Methandriol,P01375,0.0,,,,1,0.0
Methandriol,P00813,0.0,,,,1,0.0
Methandriol,P14061,0.0,,,0.9295573760935538,2,0.3983817326115231
Methandriol,P35968,0.0,0.522,,0.33281313228721193,3,0.3323170997758311
Methandriol,P10635,0.0,0.6639999999999999,,,2,0.42254545454545445
Methandriol,P11712,0.0,0.544,,,2,0.3461818181818182
Methandriol,Q4U2R8,0.0,,,,1,0.0
Methandriol,P60033,0.0,,,,1,0.0
Methandriol,P14416,0.0,0.56,,,2,0.3563636363636363
Methandriol,P29475,0.0,,,,1,0.0
Methandriol,Q01959,0.0,0.866,,,2,0.551090909090909
Methandriol,P04049,0.0,,,,1,0.0
Methasterone,P04278,0.818183789335,,0.9359286293592863,,2,0.8888306933495718
Methasterone,P11511,0.80983876529,0.5439999999999999,0.8459042984590429,,3,0.7131047559949563
Methasterone,P10275,0.776549350318,0.708,0.8742903487429035,0.6476330155644733,4,0.762541927021142
Methasterone,P08185,0.776549350318,,0.851581508515815,,2,0.821568645236689
Methasterone,Q9UBS5,0.726523354538,,,,1,0.7265233545379999
Methasterone,P11413,0.718174334384,,0.8223844282238443,,2,0.7807003906879066
Methasterone,P37058,0.701526477894,,0.7996755879967559,,2,0.7604159439556535
Methasterone,P30304,0.209877021734,,0.4841849148418491,,2,0.3744617575987095
Methasterone,Q9UHC9,0.209877021734,,0.6869424168694243,,2,0.49611625881525456
Methasterone,Q8TDU6,0.209877021734,,0.7680454176804542,,2,0.5447780593018725
Methasterone,O60218,0.209877021734,,,,1,0.209877021734
Methasterone,P47869 P47870 P18507,0.193269571287,,0.570154095701541,,2,0.4194002859357246
Methasterone,P28845,0.193269571287,,0.6407137064071371,,2,0.46173605235908227
Methasterone,Q96RI1,0.126610168686,,0.5020275750202757,,2,0.3518606124865654
Methasterone,P15090,0.118277084772,,,,1,0.11827708477200001
Methasterone,Q07869,0.118277084772,0.4,,,2,0.2975553035534545
Methasterone,P05413,0.118277084772,,,,1,0.11827708477200001
Methasterone,Q01469,0.118277084772,,,,1,0.11827708477200001
Methasterone,Q03181,0.118277084772,0.592,,,2,0.41973712173527267
Methasterone,P12104,0.118277084772,,,,1,0.11827708477200001
Methasterone,P16662,0.118277084772,,,,1,0.11827708477200001
Methasterone,P06746,0.109945769839,,0.46634225466342255,,2,0.3237836607336535
Methasterone,P11473,0.109945769839,,0.48175182481751827,,2,0.33302940282611093
Methasterone,Q92731,0.109945769839,0.8320000000000001,0.448499594484996,0.3616753554221559,4,0.5019903356266222
Methasterone,P49354 P49356,0.101613854776,,0.5498783454987834,,2,0.37057254920967003
Methasterone,Q4U2R8,0.101613854776,,,,1,0.101613854776
Methasterone,P43116,0.101613854776,,,,1,0.101613854776
Methasterone,P43088,0.101613854776,,,,1,0.101613854776
Methasterone,P80365,0.101613854776,,0.46877534468775345,,2,0.32191074872305203
Methasterone,P03372,0.101613854776,0.356,0.618815896188159,,3,0.38890298801370315
Methasterone,Q9Y2K7,0.101613854776,,,,1,0.101613854776
Methasterone,Q9UPP1,0.101613854776,,,,1,0.101613854776
Methasterone,P41229,0.101613854776,,,,1,0.101613854776
Methasterone,O75419,0.101613854776,,,,1,0.101613854776
Methasterone,P08575,0.101613854776,,,,1,0.101613854776
Methasterone,Q12809,0.101613854776,0.348,,,2,0.2584050381003636
Methasterone,O14842,0.101613854776,,,,1,0.101613854776
Methasterone,Q14994,0.101613854776,,,0.6733684771378071,2,0.34665155007391735
Methasterone,Q8NER1,0.101613854776,,,,1,0.101613854776
Methasterone,P00747,0.101613854776,0.554,,,2,0.38949594719127273
Methasterone,P30305,0.101613854776,,0.5490673154906732,,2,0.37008593120480393
Methasterone,Q9UJM8,0.101613854776,,,,1,0.101613854776
Methasterone,Q9UBE0 Q9UBT2,0.101613854776,,,,1,0.101613854776
Methasterone,P18405,0.101613854776,,,,1,0.101613854776
Methasterone,P31645,0.101613854776,0.392,,,2,0.28640503810036355
Methasterone,P33261,0.101613854776,,0.5068937550689375,,2,0.3447817949517625
Methasterone,Q15465,0.101613854776,,,,1,0.101613854776
Methasterone,P21730,0.101613854776,,,,1,0.101613854776
Methasterone,P05093,0.101613854776,,,,1,0.101613854776
Methasterone,P54289,0.101613854776,,,,1,0.101613854776
Methasterone,P34913,0.101613854776,0.518,,,2,0.36658685628218174
Methasterone,P06737,0.101613854776,,,,1,0.101613854776
Methasterone,P34972,0.101613854776,,,,1,0.101613854776
Methasterone,Q7Z2W7,0.101613854776,,,,1,0.101613854776
Methasterone,P32246,0.101613854776,,,,1,0.101613854776
Methasterone,P21453,0.101613854776,,,,1,0.101613854776
Methasterone,P48065,0.0,,,,1,0.0
Methasterone,P22001,0.0,,,,1,0.0
Methasterone,P18031,0.0,,0.6407137064071371,,2,0.38442822384428227
Methasterone,P14618,0.0,,,,1,0.0
Methasterone,Q9Y2Q3,0.0,,,,1,0.0
Methasterone,P09960,0.0,,,,1,0.0
Methasterone,P08172,0.0,0.622,,,2,0.39581818181818174
Methasterone,P22303,0.0,0.13,0.5279805352798054,,3,0.2398754830399313
Methasterone,P23975,0.0,0.654,,,2,0.41618181818181815
Methasterone,Q16665,0.0,,,,1,0.0
Methasterone,P04035,0.0,,,,1,0.0
Methasterone,P25116,0.0,,,,1,0.0
Methasterone,O75899 Q9UBS5,0.0,,,,1,0.0
Methasterone,P49810 Q9NZ42 Q92542 Q96BI3 P49768 Q8WW43,0.0,,0.4785077047850771,,2,0.28710462287104627
Methasterone,Q99500,0.0,,,,1,0.0
Methasterone,P08254,0.0,,,,1,0.0
Methasterone,P14780,0.0,,,,1,0.0
Methasterone,P03956,0.0,,,,1,0.0
Methasterone,P05129,0.0,,,,1,0.0
Methasterone,Q05655,0.0,,,,1,0.0
Methasterone,P17252,0.0,,,,1,0.0
Methasterone,P05771,0.0,,,,1,0.0
Methasterone,Q02156,0.0,,,,1,0.0
Methasterone,Q04759,0.0,,,,1,0.0
Methasterone,Q16572,0.0,,,,1,0.0
Methasterone,O95267,0.0,,,,1,0.0
Methasterone,P23141,0.0,,,,1,0.0
Methasterone,P14625,0.0,,,,1,0.0
Methasterone,P07900,0.0,0.33399999999999996,,0.6530853407330764,3,0.30694685872851635
Methasterone,P08238,0.0,,,,1,0.0
Methasterone,P12821,0.0,0.33199999999999996,,,2,0.21127272727272722
Methasterone,P35372,0.0,0.6839999999999999,,,2,0.4352727272727272
Methasterone,O60674,0.0,0.564,,,2,0.3589090909090908
Methasterone,P09884,0.0,,0.46634225466342255,,2,0.2798053527980535
Methasterone,Q16584,0.0,,,,1,0.0
Methasterone,P35968,0.0,0.32799999999999996,,0.6876502934809938,3,0.3113536343173558
Methasterone,P22460,0.0,,,,1,0.0
Methasterone,P42330,0.0,,,0.6894805612026224,2,0.29549166908683816
Methasterone,P42785,0.0,,,,1,0.0
Methasterone,P08908,0.0,,,,1,0.0
Methasterone,P14416,0.0,0.5720000000000001,,,2,0.364
Methasterone,P35462,0.0,,,,1,0.0
Methasterone,P04150,0.0,,0.7696674776966748,0.822857712048733,3,0.5451213847943267
Methasterone,P10721,0.0,,,,1,0.0
Methyl-1-testosterone,P10275,1.0,0.696,0.7939983779399838,0.7914982114100277,4,0.8005242450934993
Methyl-1-testosterone,P04150,1.0,,0.7137064071370641,,2,0.8282238442822385
Methyl-1-testosterone,P04278,1.0,,0.7802108678021086,,2,0.8681265206812652
Methyl-1-testosterone,P11511,0.85065463552,0.564,0.6804541768045418,0.6015951472588209,4,0.6619064522341856
Methyl-1-testosterone,P08185,0.85065463552,,0.7250608272506083,,2,0.775298350558365
Methyl-1-testosterone,P05093,0.753478990918,,0.5304136253041363,,2,0.6196397715496818
Methyl-1-testosterone,Q99720,0.719670028346,,0.5425790754257908,,2,0.6134154565938745
Methyl-1-testosterone,P06401,0.617022037423,,0.7623682076236821,0.525711550653542,3,0.6630332344149784
Methyl-1-testosterone,P08235,0.435382123263,,0.48986212489862124,0.699752591064654,3,0.5215353088952069
Methyl-1-testosterone,Q92731,0.372185144186,0.634,0.4557988645579886,0.5640329488495208,4,0.5176816305320247
Methyl-1-testosterone,Q9UHC9,0.340526084149,,0.5125709651257097,,2,0.44375301273502576
Methyl-1-testosterone,P37058,0.261559713213,,0.34144363341443634,,2,0.3094900653338618
Methyl-1-testosterone,Q01959,0.253686853584,0.6,0.6585563665855636,,3,0.5391815066970225
Methyl-1-testosterone,P0DMS8,0.253686853584,,0.7072181670721818,,2,0.525805641676909
Methyl-1-testosterone,P27361,0.253686853584,0.33599999999999997,0.6585563665855636,,3,0.43047562434408126
Methyl-1-testosterone,P28845,0.245758011225,,0.34063260340632606,,2,0.3026827665337956
Methyl-1-testosterone,P30304,0.198389228663,,,,1,0.198389228663
Methyl-1-testosterone,P31213,0.198389228663,,0.3771289537712896,,2,0.3056330637279737
Methyl-1-testosterone,Q06124,0.174646371539,0.62,,,2,0.45805322601418175
Methyl-1-testosterone,O60218,0.174646371539,,,,1,0.174646371539
Methyl-1-testosterone,P18405,0.174646371539,,0.373073803730738,,2,0.2937028308540428
Methyl-1-testosterone,P06276,0.150981810223,0.352,,,2,0.27890247644472727
Methyl-1-testosterone,P17706,0.150981810223,,0.3657745336577453,,2,0.2798574442838472
Methyl-1-testosterone,P11413,0.143102156498,,0.37388483373884834,,2,0.281571762842509
Methyl-1-testosterone,P35398,0.135202128368,,,,1,0.135202128368
Methyl-1-testosterone,P24723,0.135202128368,,,,1,0.135202128368
Methyl-1-testosterone,O14684,0.127302569502,,,,1,0.127302569502
Methyl-1-testosterone,P03372,0.127302569502,0.33999999999999997,0.6334144363341444,,3,0.3935115821184039
Methyl-1-testosterone,P80365,0.127302569502,,0.33414436334144365,,2,0.2514076458056662
Methyl-1-testosterone,P18031,0.119403562123,,0.4395782643957826,,2,0.31150838348666954
Methyl-1-testosterone,Q14994,0.119403562123,,,0.568360217537653,2,0.3118135573007084
Methyl-1-testosterone,P07148,0.119403562123,,,,1,0.119403562123
Methyl-1-testosterone,P31645,0.119403562123,0.188,0.5790754257907542,,3,0.309886282543325
Methyl-1-testosterone,P49354 P49356,0.119403562123,,,,1,0.119403562123
Methyl-1-testosterone,P56817,0.119403562123,0.11200000000000002,,0.697217988125232,3,0.2395191580619783
Methyl-1-testosterone,P23141,0.119403562123,,,,1,0.119403562123
Methyl-1-testosterone,P29350,0.119403562123,,,,1,0.119403562123
Methyl-1-testosterone,P35228,0.119403562123,,,,1,0.119403562123
Methyl-1-testosterone,P09917,0.119403562123,0.384,,,2,0.28778311349927266
Methyl-1-testosterone,Q13133,0.11150186548,,,,1,0.11150186548
Methyl-1-testosterone,P48147,0.11150186548,0.34600000000000003,,,2,0.2607279510836364
Methyl-1-testosterone,P15090,0.11150186548,,,,1,0.11150186548
Methyl-1-testosterone,Q07869,0.11150186548,0.404,,,2,0.2976370419927272
Methyl-1-testosterone,O14746,0.11150186548,,,,1,0.11150186548
Methyl-1-testosterone,P05413,0.11150186548,,,,1,0.11150186548
Methyl-1-testosterone,Q01469,0.11150186548,,,,1,0.11150186548
Methyl-1-testosterone,Q03181,0.11150186548,0.5980000000000001,,,2,0.4210915874472727
Methyl-1-testosterone,P04035,0.11150186548,,,,1,0.11150186548
Methyl-1-testosterone,P37268,0.11150186548,,,,1,0.11150186548
Methyl-1-testosterone,O00767,0.11150186548,,,,1,0.11150186548
Methyl-1-testosterone,P14902,0.11150186548,,,,1,0.11150186548
Methyl-1-testosterone,Q08499,0.11150186548,0.5900000000000001,,,2,0.4160006783563636
Methyl-1-testosterone,P10586,0.11150186548,,,,1,0.11150186548
Methyl-1-testosterone,P04054,0.11150186548,,,,1,0.11150186548
Methyl-1-testosterone,P24666,0.11150186548,,,,1,0.11150186548
Methyl-1-testosterone,O75469,0.11150186548,,0.3219789132197891,,2,0.23778809412387344
Methyl-1-testosterone,P54707,0.11150186548,,0.3698296836982969,,2,0.26649855641097814
Methyl-1-testosterone,P01375,0.11150186548,,,,1,0.11150186548
Methyl-1-testosterone,P37231,0.11150186548,0.32199999999999995,,0.666328318547521,3,0.3356423155401831
Methyl-1-testosterone,P11388,0.11150186548,0.51,,,2,0.36509158744727266
Methyl-1-testosterone,P05231,0.11150186548,,,,1,0.11150186548
Methyl-1-testosterone,P78536,0.11150186548,,,,1,0.11150186548
Methyl-1-testosterone,P15104,0.11150186548,,,,1,0.11150186548
Methyl-1-testosterone,Q8TDU6,0.11150186548,,0.5928629359286294,,2,0.4003185077491776
Methyl-1-testosterone,P30305,0.11150186548,,,,1,0.11150186548
Methyl-1-testosterone,P60033,0.11150186548,,,,1,0.11150186548
Methyl-1-testosterone,P08172,0.11150186548,0.8300000000000001,,,2,0.5687279510836363
Methyl-1-testosterone,P22303,0.11150186548,0.142,,,2,0.13090976926545453
Methyl-1-testosterone,P23975,0.11150186548,0.6619999999999999,,,2,0.4618188601745454
Methyl-1-testosterone,P33261,0.11150186548,,0.7015409570154096,,2,0.4655253204012458
Methyl-1-testosterone,O00519,0.11150186548,,,,1,0.11150186548
Methyl-1-testosterone,Q16850,0.11150186548,,0.5401459854014599,,2,0.3686883374328759
Methyl-1-testosterone,O00748,0.11150186548,,,,1,0.11150186548
Methyl-1-testosterone,O14842,0.11150186548,,,,1,0.11150186548
Methyl-1-testosterone,P06746,0.11150186548,,,,1,0.11150186548
Methyl-1-testosterone,P23219,0.11150186548,0.32,,,2,0.24418249653818178
Methyl-1-testosterone,P52895,0.11150186548,,,0.7836457570916128,2,0.3995635333135483
Methyl-1-testosterone,Q04828,0.11150186548,,,0.6992089948058878,2,0.36337634947680914
Methyl-1-testosterone,P11387,0.11150186548,0.072,,,2,0.08636431471999999
Methyl-1-testosterone,P43116,0.11150186548,,,,1,0.11150186548
Methyl-1-testosterone,Q12809,0.11150186548,0.362,0.332522303325223,,3,0.29265536952184334
Methyl-1-testosterone,P07339,0.11150186548,0.378,,,2,0.2810915874472727
Methyl-1-testosterone,P43119,0.11150186548,,,,1,0.11150186548
Methyl-1-testosterone,Q9UBE0 Q9UBT2,0.11150186548,,,,1,0.11150186548
Methyl-1-testosterone,Q8NER1,0.11150186548,,,,1,0.11150186548
Methyl-1-testosterone,P21554,0.11150186548,,,,1,0.11150186548
Methyl-1-testosterone,Q15722,0.11150186548,,,,1,0.11150186548
Methyl-1-testosterone,P51449,0.11150186548,,,,1,0.11150186548
Methyl-1-testosterone,P35408,0.11150186548,,,,1,0.11150186548
Methyl-1-testosterone,Q12772,0.0,,,,1,0.0
Methyl-1-testosterone,P35354,0.0,0.156,,,2,0.09927272727272726
Methyl-1-testosterone,P21730,0.0,,,,1,0.0
Methyl-1-testosterone,P20701,0.0,,,,1,0.0
Methyl-1-testosterone,P32246,0.0,,,,1,0.0
Methyl-1-testosterone,P08254,0.0,,,,1,0.0
Methyl-1-testosterone,P14780,0.0,,,,1,0.0
Methyl-1-testosterone,P03956,0.0,,,,1,0.0
Methyl-1-testosterone,P49810 Q9NZ42 Q92542 Q96BI3 P49768 Q8WW43,0.0,,,,1,0.0
Methyl-1-testosterone,P06737,0.0,,,,1,0.0
Methyl-1-testosterone,Q8IV61,0.0,,,,1,0.0
Methylclostebol,P10275,0.168264713882,0.8939999999999999,0.8175182481751825,0.7585158764482702,4,0.7055857986961953
Methylclostebol,P04150,0.168264713882,,0.8142741281427414,,2,0.5558703624384448
Methylclostebol,P04278,0.168264713882,,0.8223844282238443,,2,0.5607365424871066
Methylclostebol,P11511,0.159936683278,0.626,0.7964314679643147,0.5862877436563748,4,0.5779599385933507
Methylclostebol,P08185,0.143269256947,,0.6285482562854826,,2,0.43443665655008956
Methylclostebol,P05093,0.126610168686,,0.44363341443633414,,2,0.31682411613620043
Methylclostebol,Q99720,0.118277084772,,0.39902676399026765,,2,0.28672689230296056
Methylclostebol,P06401,0.109945769839,,0.7420924574209246,0.6866771260321388,3,0.5347976309213818
Methylclostebol,Q92731,0.109945769839,0.604,0.49878345498783455,0.5470711951066997,4,0.4650848697301553
Methylclostebol,P08235,0.101613854776,,0.45904298459042986,0.9048470218497943,3,0.45194264555353547
Methylclostebol,P37058,0.101613854776,,0.332522303325223,,2,0.24015892390553378
Methylclostebol,Q9UHC9,0.101613854776,,0.4168694241686942,,2,0.2907671964116165
Methylclostebol,P28845,0.101613854776,,0.3884833738848337,,2,0.27373556624130024
Methylclostebol,Q01959,0.101613854776,0.8959999999999999,0.616382806163828,,3,0.6103971915345275
Methylclostebol,P0DMS8,0.101613854776,,0.616382806163828,,2,0.41047522560869676
Methylclostebol,P27361,0.101613854776,0.536,0.616382806163828,,3,0.46216189741688046
Methylclostebol,P03372,0.101613854776,0.092,0.5693430656934307,,3,0.2627361066626226
Methylclostebol,P31645,0.101613854776,0.41,0.4412003244120033,,3,0.34845043326917763
Methylclostebol,P31213,0.101613854776,,0.46715328467153283,,2,0.32093751271331966
Methylclostebol,Q06124,0.101613854776,0.6100000000000001,,,2,0.42513231082763636
Methylclostebol,O60218,0.101613854776,,,,1,0.101613854776
Methylclostebol,P30304,0.101613854776,,,,1,0.101613854776
Methylclostebol,Q12809,0.101613854776,0.162,,,2,0.14004140173672727
Methylclostebol,P11413,0.101613854776,,0.32278994322789945,,2,0.23431950784713967
Methylclostebol,P06276,0.101613854776,0.318,,,2,0.23931412900945453
Methylclostebol,P17706,0.101613854776,,,,1,0.101613854776
Methylclostebol,P35398,0.101613854776,,0.25790754257907544,0.4373920732010868,3,0.2512366841678241
Methylclostebol,P18405,0.101613854776,,0.3260340632603407,,2,0.23626597986660441
Methylclostebol,Q9UBS5,0.101613854776,,,,1,0.101613854776
Methylclostebol,P24723,0.101613854776,,,,1,0.101613854776
Methylclostebol,P80365,0.101613854776,,0.31386861313868614,,2,0.2289667097936117
Methylclostebol,P23141,0.101613854776,,,,1,0.101613854776
Methylclostebol,Q14994,0.101613854776,,,,1,0.101613854776
Methylclostebol,P07148,0.101613854776,,0.29278183292781834,,2,0.21631464166709102
Methylclostebol,P49354 P49356,0.101613854776,,0.27007299270072993,,2,0.20268933753083795
Methylclostebol,P33261,0.101613854776,,0.5158150851581509,,2,0.3501345930052905
Methylclostebol,P34972,0.0,,,,1,0.0
Methylclostebol,P56817,0.0,0.12,,0.6535290481227997,3,0.20004193888345706
Methylclostebol,O14684,0.0,,,,1,0.0
Methylclostebol,P29350,0.0,,,,1,0.0
Methylclostebol,P21730,0.0,,,,1,0.0
Methylclostebol,P32246,0.0,,,,1,0.0
Methylclostebol,P35228,0.0,,,,1,0.0
Methylclostebol,P08254,0.0,,,,1,0.0
Methylclostebol,P14780,0.0,,,,1,0.0
Methylclostebol,P03956,0.0,,,,1,0.0
Methylclostebol,P06737,0.0,,,,1,0.0
Methylclostebol,P34913,0.0,0.326,,,2,0.20745454545454542
Methylclostebol,O60674,0.0,0.5479999999999999,,,2,0.34872727272727266
Methylclostebol,P18031,0.0,,0.43633414436334145,,2,0.26180048661800487
Methylclostebol,P43116,0.0,,,,1,0.0
Methylclostebol,P48147,0.0,0.352,,,2,0.22399999999999998
Methylclostebol,P35408,0.0,,,,1,0.0
Methylclostebol,Q13133,0.0,,,,1,0.0
Methylclostebol,P08908,0.0,,,,1,0.0
Methylclostebol,P14416,0.0,0.576,,,2,0.36654545454545445
Methylclostebol,P35462,0.0,,,,1,0.0
Methylclostebol,P22001,0.0,,,,1,0.0
Methylclostebol,P09917,0.0,0.16999999999999998,0.24979724249797242,,3,0.1581637326463432
Methylclostebol,P05129,0.0,,,,1,0.0
Methylclostebol,Q05655,0.0,,,,1,0.0
Methylclostebol,P05771,0.0,,,,1,0.0
Methylclostebol,Q02156,0.0,,,,1,0.0
Methylclostebol,Q04759,0.0,,,,1,0.0
Methylclostebol,O95267,0.0,,,,1,0.0
Methylclostebol,P01375,0.0,,,,1,0.0
Methylclostebol,P14618,0.0,,,,1,0.0
Methylclostebol,P49810 Q9NZ42 Q92542 Q96BI3 P49768 Q8WW43,0.0,,,,1,0.0
Methylclostebol,Q16572,0.0,,,,1,0.0
Methylclostebol,P15090,0.0,,,,1,0.0
Methylclostebol,Q07869,0.0,0.406,,,2,0.25836363636363635
Methylclostebol,O14746,0.0,,,,1,0.0
Methylclostebol,P05413,0.0,,,,1,0.0
Methylclostebol,Q01469,0.0,,,0.43057023248395554,2,0.18453009963598097
Methylclostebol,Q03181,0.0,0.616,,,2,0.39199999999999996
Methylclostebol,Q99683,0.0,,,,1,0.0
Methylclostebol,P21453,0.0,,,,1,0.0
Methylclostebol,Q16539,0.0,0.10400000000000001,,,2,0.06618181818181817
Methylclostebol,Q16665,0.0,,,,1,0.0
Methylclostebol,P37268,0.0,,,,1,0.0
Methylclostebol,P14902,0.0,,,,1,0.0
Methylclostebol,Q08499,0.0,0.572,,,2,0.3639999999999999
Methylclostebol,P10586,0.0,,,,1,0.0
Methylclostebol,P04054,0.0,,,,1,0.0
Methylclostebol,P24666,0.0,,,,1,0.0
Methylclostebol,P41143,0.0,,,,1,0.0
Methylclostebol,P41145,0.0,,,,1,0.0
Methylclostebol,P23458,0.0,0.41400000000000003,,,2,0.26345454545454544
Methylclostebol,P21917,0.0,,,,1,0.0
Methylclostebol,P35968,0.0,0.31199999999999994,,0.5279926984335608,3,0.2691412925214773
Methylclostebol,P05231,0.0,,,,1,0.0
Methylclostebol,P78536,0.0,,,,1,0.0
Methylclostebol,P15104,0.0,,,,1,0.0
Methylclostebol,Q8TDU6,0.0,,0.39821573398215737,,2,0.23892944038929442
Methylclostebol,O75899 Q9UBS5,0.0,,,,1,0.0
Methylclostebol,O00767,0.0,,,,1,0.0
Methylclostebol,P14625,0.0,,,,1,0.0
Methylclostebol,P07900,0.0,0.508,,0.6585758152413971,3,0.39512338898029936
Methylclostebol,P08238,0.0,,,,1,0.0
Methylclostebol,P11388,0.0,0.26,,,2,0.16545454545454544
Methyldienolone,P10275,0.99283030414,0.9039999999999999,0.9229521492295215,0.7857019973136653,4,0.9097070051939062
Methyldienolone,P04150,0.99283030414,,0.9261962692619626,0.7660786691815531,3,0.9097488338212641
Methyldienolone,P04278,0.517921498424,,0.8815896188158961,,2,0.7361223706591378
Methyldienolone,P11511,0.460288741977,0.584,0.7761557177615572,0.6081496548015879,4,0.6205269119441053
Methyldienolone,P08235,0.443883111608,,0.8815896188158961,0.7463804221160673,3,0.7157085712058137
Methyldienolone,P06401,0.443883111608,,0.8986212489862125,0.43971519538447157,3,0.6528004251155914
Methyldienolone,P31213,0.130791955177,,0.5425790754257908,,2,0.37786422732627445
Methyldienolone,P08185,0.114337558605,,0.6480129764801298,,2,0.43454280933007783
Methyldienolone,O00748,0.114337558605,,0.43633414436334145,,2,0.3075355100600049
Methyldienolone,Q99720,0.114337558605,,0.6772100567721006,,2,0.4520610575052604
Methyldienolone,P05093,0.106099949133,,0.5385239253852392,,2,0.3655543348843435
Methyldienolone,P11388,0.106099949133,0.31999999999999995,,,2,0.24221816332109083
Methyldienolone,Q9UJM8,0.0978745343258,,,,1,0.09787453432580001
Methyldienolone,Q92731,0.0978745343258,0.42000000000000004,0.5879967558799676,0.24877244601054535,4,0.3802898005307321
Methyldienolone,Q9UHC9,0.0978745343258,,0.5328467153284672,,2,0.3588578429274003
Methyldienolone,Q01959,0.0978745343258,0.43200000000000005,0.624493106244931,,3,0.4213209867513404
Methyldienolone,P0DMS8,0.0978745343258,,0.624493106244931,,2,0.41384567747727863
Methyldienolone,P27361,0.0978745343258,0.33199999999999996,0.6196269261962694,,3,0.37842704085181267
Methyldienolone,Q06124,0.0978745343258,0.626,,,2,0.43395437611847265
Methyldienolone,O60218,0.0978745343258,,,,1,0.09787453432580001
Methyldienolone,P28845,0.0978745343258,,0.48012976480129765,,2,0.3272276726110986
Methyldienolone,P18054,0.0978745343258,,,,1,0.09787453432580001
Methyldienolone,P18405,0.0978745343258,,0.454176804541768,,2,0.3116558964553808
Methyldienolone,P37058,0.0978745343258,,0.5150040551500406,,2,0.34815224682034435
Methyldienolone,P35398,0.0978745343258,,,,1,0.09787453432580001
Methyldienolone,P49354 P49356,0.0978745343258,,,,1,0.09787453432580001
Methyldienolone,P11413,0.0978745343258,,,,1,0.09787453432580001
Methyldienolone,P24723,0.0978745343258,,,,1,0.09787453432580001
Methyldienolone,P17706,0.0978745343258,,,,1,0.09787453432580001
Methyldienolone,P80365,0.0978745343258,,0.48012976480129765,,2,0.3272276726110986
Methyldienolone,P56817,0.0978745343258,0.542,,0.7589753336263206,3,0.46160172415586875
Methyldienolone,P03372,0.0978745343258,0.254,0.6828872668288727,,3,0.36863657283979034
Methyldienolone,P01375,0.0978745343258,,,,1,0.09787453432580001
Methyldienolone,Q8IV61,0.0978745343258,,,,1,0.09787453432580001
Methyldienolone,P30304,0.0978745343258,,,,1,0.09787453432580001
Methyldienolone,P43116,0.0978745343258,,,,1,0.09787453432580001
Methyldienolone,P31645,0.0978745343258,0.41600000000000004,0.6277372262773723,,3,0.41587773499808434
Methyldienolone,P14902,0.0978745343258,,,,1,0.09787453432580001
Methyldienolone,P23141,0.0,,,,1,0.0
Methyldienolone,Q12809,0.0,0.13,,,2,0.08272727272727272
Methyldienolone,P17252,0.0,,,,1,0.0
Methyldienolone,P35228,0.0,,,,1,0.0
Methyldienolone,P37231,0.0,0.508,0.44931062449310627,0.49689611487178686,4,0.3871276045786999
Methyldienolone,P21730,0.0,,,,1,0.0
Methyldienolone,P08254,0.0,,,,1,0.0
Methyldienolone,O60674,0.0,0.394,,,2,0.2507272727272727
Methyldienolone,P14780,0.0,,,,1,0.0
Methyldienolone,P03956,0.0,,,,1,0.0
Methyldienolone,Q08499,0.0,0.876,,,2,0.5574545454545454
Methyldienolone,P10586,0.0,,,,1,0.0
Methyldienolone,P04054,0.0,,,,1,0.0
Methyldienolone,P24666,0.0,,,,1,0.0
Methyldienolone,O14684,0.0,,,,1,0.0
Methyldienolone,P07148,0.0,,,,1,0.0
Methyldienolone,P16050,0.0,,,,1,0.0
Methyldienolone,P23458,0.0,0.41400000000000003,,,2,0.26345454545454544
Methyldienolone,P52333,0.0,0.374,,0.47485473084738816,3,0.28875458518158315
Methyldienolone,P29597,0.0,0.8140000000000001,,,2,0.5179999999999999
Methyldienolone,P35408,0.0,,,,1,0.0
Methyldienolone,P34913,0.0,0.32199999999999995,,,2,0.20490909090909085
Methyldienolone,P49810 Q9NZ42 Q92542 Q96BI3 P49768 Q8WW43,0.0,,,,1,0.0
Methyldienolone,P06737,0.0,,,,1,0.0
Methyldienolone,P29350,0.0,,,,1,0.0
Methyldienolone,P04035,0.0,,0.4257907542579075,,2,0.2554744525547445
Methyldienolone,P32246,0.0,,,,1,0.0
Methyldienolone,P60033,0.0,,,,1,0.0
Methyldienolone,P09917,0.0,0.4,,,2,0.2545454545454545
Methyldienolone,P06276,0.0,0.13,0.43146796431467965,,3,0.20581222269929866
Methyldienolone,P18031,0.0,,0.45012165450121655,,2,0.27007299270072993
Methyldienolone,O75762,0.0,,,,1,0.0
Methyldienolone,P06746,0.0,,,,1,0.0
Methyldienolone,Q99683,0.0,,,,1,0.0
Methyldienolone,Q8WWL7 P06493 P14635 O95067,0.0,,,,1,0.0
Methyldienolone,P06493,0.0,,,,1,0.0
Methyldienolone,P22001,0.0,,,,1,0.0
Methyldienolone,P37268,0.0,,,,1,0.0
Methyldienolone,P05129,0.0,,,,1,0.0
Methyldienolone,Q05655,0.0,,,,1,0.0
Methyldienolone,P05771,0.0,,,,1,0.0
Methyldienolone,Q02156,0.0,,,,1,0.0
Methyldienolone,Q04759,0.0,,,,1,0.0
Methyldienolone,Q16572,0.0,,,,1,0.0
Methyldienolone,P14625,0.0,,,,1,0.0
Methyldienolone,P07900,0.0,0.5820000000000001,,0.772684167181272,3,0.4565751786817012
Methyldienolone,P08238,0.0,,,,1,0.0
Methyldienolone,P48147,0.0,0.372,,,2,0.23672727272727268
Methyldienolone,P15121,0.0,,,,1,0.0
Methyldienolone,P25101,0.0,,,,1,0.0
Methyldienolone,P20701,0.0,,,,1,0.0
Methyldienolone,P43119,0.0,,,,1,0.0
Methyldienolone,P13631,0.0,,,,1,0.0
Methyldienolone,P48443,0.0,,,,1,0.0
Methyldienolone,P10826,0.0,,,,1,0.0
Methyldienolone,P10276,0.0,,,,1,0.0
Methyldienolone,P10721,0.0,,,,1,0.0
Methyldienolone,P36888,0.0,0.808,,,2,0.5141818181818182
Methyldienolone,P35968,0.0,0.33199999999999996,,0.5241822683493054,3,0.27832477178913684
Methyldienolone,P54707,0.0,,,,1,0.0
Methyldienolone,P11229,0.0,,,,1,0.0
Methyldienolone,P20309,0.0,,,,1,0.0
Methylnortestosterone,P10275,1.0,0.718,1.0,0.7915807137800347,4,0.8700371070670052
Methylnortestosterone,P04150,1.0,,1.0,,2,1.0
Methylnortestosterone,P04278,1.0,,1.0,,2,1.0
Methylnortestosterone,P11511,0.880826265859,0.5740000000000001,0.9172749391727494,0.5225530112008077,4,0.730630686603746
Methylnortestosterone,P08185,0.872894640626,,0.929440389294404,,2,0.9068220898270425
Methylnortestosterone,P05093,0.781363560497,,0.8045417680454177,,2,0.7952704850260506
Methylnortestosterone,Q99720,0.745556242729,,0.8953771289537713,,2,0.8354487744638628
Methylnortestosterone,P06401,0.601047971012,,1.0,0.7443020369499039,3,0.8182383072998238
Methylnortestosterone,P08235,0.419570786478,,0.8580697485806975,0.9189086187850576,3,0.737186730288566
Methylnortestosterone,Q01959,0.38793103454,0.638,0.9075425790754258,,3,0.6742929183889739
Methylnortestosterone,P0DMS8,0.38793103454,,0.9075425790754258,,2,0.6996979612612555
Methylnortestosterone,P27361,0.38793103454,0.526,0.902676399026764,,3,0.6264577960188579
Methylnortestosterone,Q92731,0.380063354579,0.41600000000000004,0.767234387672344,0.29403912113791775,4,0.4958888553881909
Methylnortestosterone,Q9UHC9,0.340526084149,,0.8523925385239254,,2,0.6476459567739552
Methylnortestosterone,P28845,0.285287513408,,0.8037307380373074,,2,0.5963534481855844
Methylnortestosterone,P80365,0.277371341141,,0.8037307380373074,,2,0.5931869792787844
Methylnortestosterone,P37058,0.26948639931,,0.7445255474452555,,2,0.5545098881911533
Methylnortestosterone,P31213,0.198389228663,,0.7737226277372263,,2,0.5435892681075358
Methylnortestosterone,P30304,0.182601416737,,,,1,0.182601416737
Methylnortestosterone,P18405,0.174646371539,,0.7039740470397404,,2,0.4922429768394443
Methylnortestosterone,Q06124,0.174646371539,0.61,,,2,0.4516895896505454
Methylnortestosterone,O60218,0.174646371539,,,,1,0.174646371539
Methylnortestosterone,O14684,0.174646371539,,,,1,0.174646371539
Methylnortestosterone,P31645,0.158886033955,0.58,0.8386050283860502,,3,0.5721867238903707
Methylnortestosterone,P17706,0.150981810223,,,,1,0.150981810223
Methylnortestosterone,P24723,0.150981810223,,,,1,0.150981810223
Methylnortestosterone,P11413,0.143102156498,,,,1,0.143102156498
Methylnortestosterone,P35398,0.135202128368,,,,1,0.135202128368
Methylnortestosterone,P56817,0.127302569502,0.118,,0.7057767216677482,3,0.24661003164366033
Methylnortestosterone,P49354 P49356,0.127302569502,,,,1,0.127302569502
Methylnortestosterone,P03372,0.127302569502,0.30799999999999994,0.8475263584752635,,3,0.4559040252270341
Methylnortestosterone,P14902,0.119403562123,,,,1,0.119403562123
Methylnortestosterone,P07148,0.119403562123,,0.7242497972424979,,2,0.4823113031946987
Methylnortestosterone,P35228,0.119403562123,,,,1,0.119403562123
Methylnortestosterone,P18031,0.119403562123,,0.8150851581508516,,2,0.5368125197397109
Methylnortestosterone,Q14994,0.119403562123,,,0.5820535160550007,2,0.31768211380814315
Methylnortestosterone,P09917,0.119403562123,0.376,,,2,0.28269220440836357
Methylnortestosterone,P23141,0.119403562123,,,,1,0.119403562123
Methylnortestosterone,P29350,0.119403562123,,,,1,0.119403562123
Methylnortestosterone,P06276,0.11150186548,0.31,,,2,0.23781886017454545
Methylnortestosterone,P06746,0.11150186548,,,,1,0.11150186548
Methylnortestosterone,P37268,0.11150186548,,,,1,0.11150186548
Methylnortestosterone,P04035,0.11150186548,,,,1,0.11150186548
Methylnortestosterone,Q13133,0.11150186548,,,,1,0.11150186548
Methylnortestosterone,O75469,0.11150186548,,0.7793998377939984,,2,0.512240648868399
Methylnortestosterone,P15090,0.11150186548,,,,1,0.11150186548
Methylnortestosterone,Q07869,0.11150186548,0.426,,,2,0.31163704199272724
Methylnortestosterone,O14746,0.11150186548,,,,1,0.11150186548
Methylnortestosterone,P05413,0.11150186548,,,,1,0.11150186548
Methylnortestosterone,Q01469,0.11150186548,,,,1,0.11150186548
Methylnortestosterone,Q03181,0.11150186548,0.40199999999999997,,,2,0.29636431471999997
Methylnortestosterone,O00767,0.11150186548,,,,1,0.11150186548
Methylnortestosterone,P10586,0.11150186548,,,,1,0.11150186548
Methylnortestosterone,P04054,0.11150186548,,,,1,0.11150186548
Methylnortestosterone,P24666,0.11150186548,,,,1,0.11150186548
Methylnortestosterone,P54707,0.11150186548,,,,1,0.11150186548
Methylnortestosterone,P01375,0.11150186548,,,,1,0.11150186548
Methylnortestosterone,P37231,0.11150186548,0.298,,0.9080087039514922,3,0.3754309695553198
Methylnortestosterone,P11388,0.11150186548,0.502,,,2,0.36000067835636357
Methylnortestosterone,P05231,0.11150186548,,,,1,0.11150186548
Methylnortestosterone,P78536,0.11150186548,,,,1,0.11150186548
Methylnortestosterone,P15104,0.11150186548,,,,1,0.11150186548
Methylnortestosterone,Q8TDU6,0.11150186548,,0.894566098945661,,2,0.5813404055593966
Methylnortestosterone,O00748,0.11150186548,,,,1,0.11150186548
Methylnortestosterone,P60033,0.11150186548,,,,1,0.11150186548
Methylnortestosterone,Q16850,0.11150186548,,0.8929440389294404,,2,0.5803671695496643
Methylnortestosterone,P08172,0.11150186548,0.842,,,2,0.5763643147199999
Methylnortestosterone,P22303,0.11150186548,0.126,0.7023519870235199,,3,0.32600702259183056
Methylnortestosterone,P23975,0.11150186548,0.672,,,2,0.4681824965381818
Methylnortestosterone,P33261,0.11150186548,,0.8661800486618004,,2,0.5643087753890803
Methylnortestosterone,P30305,0.11150186548,,,,1,0.11150186548
Methylnortestosterone,O14842,0.11150186548,,,,1,0.11150186548
Methylnortestosterone,O00519,0.11150186548,,,,1,0.11150186548
Methylnortestosterone,P37059,0.11150186548,,,,1,0.11150186548
Methylnortestosterone,P52895,0.11150186548,,,0.7458841447231,2,0.3833799851556144
Methylnortestosterone,Q04828,0.11150186548,,,0.5971533548975638,2,0.31963821808752735
Methylnortestosterone,P23219,0.11150186548,0.10600000000000001,,,2,0.10800067835636364
Methylnortestosterone,P43116,0.11150186548,,,,1,0.11150186548
Methylnortestosterone,P42330,0.11150186548,,,0.6338425157455336,2,0.3353621441652287
Methylnortestosterone,Q8NER1,0.11150186548,,,,1,0.11150186548
Methylnortestosterone,P48147,0.11150186548,0.15,,,2,0.13600067835636362
Methylnortestosterone,P32246,0.11150186548,,,,1,0.11150186548
Methylnortestosterone,P43119,0.11150186548,,,,1,0.11150186548
Methylnortestosterone,P21730,0.11150186548,,,,1,0.11150186548
Methylnortestosterone,Q9UBE0 Q9UBT2,0.11150186548,,,,1,0.11150186548
Methylnortestosterone,Q12809,0.11150186548,0.152,,,2,0.13727340562909088
Methylnortestosterone,P35354,0.11150186548,0.33599999999999997,,,2,0.25436431471999993
Methylnortestosterone,P21554,0.11150186548,,,,1,0.11150186548
Methylnortestosterone,P51681,0.11150186548,,,,1,0.11150186548
Methylnortestosterone,P51449,0.11150186548,,,,1,0.11150186548
Methylnortestosterone,Q15722,0.11150186548,,,,1,0.11150186548
Methylnortestosterone,O75899 Q9UBS5,0.11150186548,,,,1,0.11150186548
Methylnortestosterone,P49810 Q9NZ42 Q92542 Q96BI3 P49768 Q8WW43,0.11150186548,,,,1,0.11150186548
Methylnortestosterone,Q08499,0.11150186548,0.5519999999999999,,,2,0.3918188601745453
Methylnortestosterone,P35408,0.11150186548,,,,1,0.11150186548
Methylnortestosterone,P53609,0.11150186548,,,,1,0.11150186548
Methylnortestosterone,P11940,0.0,,,,1,0.0
Methylnortestosterone,Q12772,0.0,,,,1,0.0
Methylnortestosterone,P47871,0.0,,,,1,0.0
Methylnortestosterone,Q15858,0.0,,,,1,0.0
Methyltestosterone,P10275,1.0,0.718,0.8921330089213301,0.7915807137800347,4,0.8376770097434042
Methyltestosterone,P04150,1.0,,0.8921330089213301,,2,0.9352798053527981
Methyltestosterone,P04278,1.0,,0.8921330089213301,,2,0.9352798053527981
Methyltestosterone,P11511,0.880826265859,0.5740000000000001,0.8094079480940796,0.5225530112008077,4,0.6982705892801451
Methyltestosterone,P08185,0.872894640626,,0.821573398215734,,2,0.8421018951798405
Methyltestosterone,P05093,0.745556242729,,0.6966747769667477,,2,0.7162273632716487
Methyltestosterone,Q99720,0.727626876079,,0.786699107866991,,2,0.7630702151517946
Methyltestosterone,P06401,0.617022037423,,0.8921330089213301,0.7443020369499039,3,0.7733686395438224
Methyltestosterone,P08235,0.435382123263,,0.705596107055961,0.9189086187850576,3,0.6716793070571492
Methyltestosterone,Q92731,0.38793103454,0.41600000000000004,0.6155717761557178,0.29403912113791775,4,0.451963607925403
Methyltestosterone,Q9UHC9,0.340526084149,,0.7445255474452555,,2,0.5829257621267533
Methyltestosterone,P37058,0.26948639931,,0.592051905920519,,2,0.46302570327631143
Methyltestosterone,P28845,0.261559713213,,0.64882400648824,,2,0.493918289178144
Methyltestosterone,Q01959,0.237888613721,0.638,0.8004866180048661,,3,0.6012043625243058
Methyltestosterone,P0DMS8,0.237888613721,,0.8004866180048661,,2,0.5754474162913197
Methyltestosterone,P27361,0.237888613721,0.526,0.8004866180048661,,3,0.555086715465482
Methyltestosterone,P31213,0.198389228663,,0.7729115977291159,,2,0.5431026501026694
Methyltestosterone,P30304,0.190502109895,,,,1,0.190502109895
Methyltestosterone,P18405,0.174646371539,,0.7031630170316302,,2,0.49175635883457813
Methyltestosterone,Q06124,0.174646371539,0.61,,,2,0.4516895896505454
Methyltestosterone,O60218,0.174646371539,,,,1,0.174646371539
Methyltestosterone,P06276,0.150981810223,0.31,0.4720194647201947,,3,0.32976729583606873
Methyltestosterone,P17706,0.150981810223,,0.4785077047850771,,2,0.34749734696024626
Methyltestosterone,P11413,0.143102156498,,0.4931062449310625,,2,0.3531046095578375
Methyltestosterone,P35398,0.135202128368,,,,1,0.135202128368
Methyltestosterone,O14684,0.135202128368,,,,1,0.135202128368
Methyltestosterone,P24723,0.135202128368,,,,1,0.135202128368
Methyltestosterone,P80365,0.127302569502,,0.64882400648824,,2,0.440215431693744
Methyltestosterone,P03372,0.127302569502,0.30799999999999994,0.6974858069748581,,3,0.40294853646218515
Methyltestosterone,Q14994,0.119403562123,,,0.5820535160550007,2,0.31768211380814315
Methyltestosterone,P18031,0.119403562123,,0.6618004866180048,,2,0.4448417168200029
Methyltestosterone,P07148,0.119403562123,,0.5725871857258719,,2,0.3913137362847231
Methyltestosterone,P56817,0.119403562123,0.118,,0.7057767216677482,3,0.24435317239251747
Methyltestosterone,P31645,0.119403562123,0.58,0.6877534468775345,,3,0.509654995868071
Methyltestosterone,P49354 P49356,0.119403562123,,0.48905109489051096,,2,0.3411920817835066
Methyltestosterone,P09917,0.119403562123,0.376,,,2,0.28269220440836357
Methyltestosterone,O00748,0.119403562123,,,,1,0.119403562123
Methyltestosterone,P23141,0.119403562123,,,,1,0.119403562123
Methyltestosterone,P29350,0.119403562123,,,,1,0.119403562123
Methyltestosterone,P35228,0.119403562123,,,,1,0.119403562123
Methyltestosterone,P48147,0.11150186548,0.15,,,2,0.13600067835636362
Methyltestosterone,Q13133,0.11150186548,,,,1,0.11150186548
Methyltestosterone,P15090,0.11150186548,,,,1,0.11150186548
Methyltestosterone,Q07869,0.11150186548,0.426,0.4922952149229522,,3,0.3753987500857478
Methyltestosterone,O14746,0.11150186548,,,,1,0.11150186548
Methyltestosterone,P05413,0.11150186548,,,,1,0.11150186548
Methyltestosterone,Q01469,0.11150186548,,,,1,0.11150186548
Methyltestosterone,Q03181,0.11150186548,0.40199999999999997,,,2,0.29636431471999997
Methyltestosterone,P04035,0.11150186548,,,,1,0.11150186548
Methyltestosterone,P37268,0.11150186548,,,,1,0.11150186548
Methyltestosterone,O00767,0.11150186548,,,,1,0.11150186548
Methyltestosterone,P14902,0.11150186548,,,,1,0.11150186548
Methyltestosterone,Q08499,0.11150186548,0.5519999999999999,,,2,0.3918188601745453
Methyltestosterone,P10586,0.11150186548,,,,1,0.11150186548
Methyltestosterone,P04054,0.11150186548,,,,1,0.11150186548
Methyltestosterone,P24666,0.11150186548,,,,1,0.11150186548
Methyltestosterone,O75469,0.11150186548,,0.6390916463909165,,2,0.4280557340265499
Methyltestosterone,P54707,0.11150186548,,,,1,0.11150186548
Methyltestosterone,P01375,0.11150186548,,,,1,0.11150186548
Methyltestosterone,P37231,0.11150186548,0.298,0.48905109489051096,0.9080087039514922,4,0.40951700715587713
Methyltestosterone,P11388,0.11150186548,0.502,,,2,0.36000067835636357
Methyltestosterone,P05231,0.11150186548,,,,1,0.11150186548
Methyltestosterone,P78536,0.11150186548,,,,1,0.11150186548
Methyltestosterone,P15104,0.11150186548,,,,1,0.11150186548
Methyltestosterone,Q8TDU6,0.11150186548,,0.7858880778588807,,2,0.5161335929073284
Methyltestosterone,P60033,0.11150186548,,,,1,0.11150186548
Methyltestosterone,Q16850,0.11150186548,,0.7850770478507705,,2,0.5156469749024623
Methyltestosterone,P30305,0.11150186548,,,,1,0.11150186548
Methyltestosterone,P08172,0.11150186548,0.842,0.4395782643957826,,3,0.5280868851938056
Methyltestosterone,P22303,0.11150186548,0.126,0.5490673154906732,,3,0.27190655028612
Methyltestosterone,P23975,0.11150186548,0.672,0.49472830494728304,,3,0.4775516053884528
Methyltestosterone,P33261,0.11150186548,,0.7591240875912408,,2,0.5000751987467446
Methyltestosterone,O14842,0.11150186548,,,,1,0.11150186548
Methyltestosterone,O00519,0.11150186548,,,,1,0.11150186548
Methyltestosterone,P06746,0.11150186548,,,,1,0.11150186548
Methyltestosterone,P52895,0.11150186548,,,0.7458841447231,2,0.3833799851556144
Methyltestosterone,Q04828,0.11150186548,,,0.5971533548975638,2,0.31963821808752735
Methyltestosterone,P11387,0.11150186548,0.508,,,2,0.3638188601745454
Methyltestosterone,P23219,0.11150186548,0.10600000000000001,,,2,0.10800067835636364
Methyltestosterone,P43116,0.11150186548,,,,1,0.11150186548
Methyltestosterone,Q12809,0.11150186548,0.152,,,2,0.13727340562909088
Methyltestosterone,P07339,0.11150186548,0.572,,,2,0.40454613290181807
Methyltestosterone,P43119,0.11150186548,,,,1,0.11150186548
Methyltestosterone,Q9UBE0 Q9UBT2,0.11150186548,,,,1,0.11150186548
Methyltestosterone,Q8NER1,0.11150186548,,,,1,0.11150186548
Methyltestosterone,P51449,0.11150186548,,,,1,0.11150186548
Methyltestosterone,Q15722,0.11150186548,,,,1,0.11150186548
Methyltestosterone,P21554,0.11150186548,,,,1,0.11150186548
Methyltestosterone,P35408,0.11150186548,,,,1,0.11150186548
Methyltestosterone,P21730,0.0,,,,1,0.0
Methyltestosterone,P35354,0.0,0.33599999999999997,,,2,0.21381818181818177
Methyltestosterone,Q12772,0.0,,,,1,0.0
Methyltestosterone,P32246,0.0,,,,1,0.0
Methyltestosterone,P20701,0.0,,,,1,0.0
Methyltestosterone,P08254,0.0,,,,1,0.0
Methyltestosterone,P14780,0.0,,,,1,0.0
Methyltestosterone,P03956,0.0,,,,1,0.0
Methyltestosterone,P49810 Q9NZ42 Q92542 Q96BI3 P49768 Q8WW43,0.0,,,,1,0.0
Methyltestosterone,P06737,0.0,,,,1,0.0
Methyltestosterone,P42330,0.0,,,0.6338425157455336,2,0.27164679246237156
Metribolone,P10275,1.0,0.702,0.896999188969992,0.7383402951940161,4,0.8255508009701
Metribolone,P08235,1.0,,0.896999188969992,0.8207401314715957,3,0.9110935021719029
Metribolone,P04150,1.0,,0.896999188969992,0.8029523825065537,3,0.906988637026124
Metribolone,P06401,1.0,,0.896999188969992,0.5365529217891356,3,0.8455118383990275
Metribolone,P04278,1.0,,0.896999188969992,,2,0.9381995133819951
Metribolone,P11511,0.171978589411,0.584,0.5620437956204379,0.4858598714406858,4,0.48028783728443425
Metribolone,P31213,0.106099949133,,0.45742092457420924,,2,0.3168925343977255
Metribolone,Q92731,0.0978745343258,0.5680000000000001,0.33495539334955393,0.5640304898501316,4,0.4034660983475459
Metribolone,P08185,0.0978745343258,,0.5409570154095702,,2,0.3637240229760621
Metribolone,P05093,0.0978745343258,,0.33333333333333337,,2,0.23914981373032002
Metribolone,Q9UJM8,0.0978745343258,,,,1,0.09787453432580001
Metribolone,Q99720,0.0978745343258,,0.41038118410381186,,2,0.2853785241926071
Metribolone,P11388,0.0978745343258,0.344,,,2,0.25449983066392723
Metribolone,Q9UHC9,0.0978745343258,,0.4395782643957826,,2,0.30289677236778956
Metribolone,P35398,0.0978745343258,,,,1,0.09787453432580001
Metribolone,P11413,0.0978745343258,,0.31630170316301703,,2,0.2289308356281302
Metribolone,P34972,0.0978745343258,,,,1,0.09787453432580001
Metribolone,Q8NER1,0.0978745343258,,,,1,0.09787453432580001
Metribolone,Q01959,0.0978745343258,0.586,0.47364152473641524,,3,0.43149101680715835
Metribolone,P0DMS8,0.0978745343258,,0.47364152473641524,,2,0.32333472857216916
Metribolone,P27361,0.0978745343258,0.556,0.47364152473641524,,3,0.4191380756306877
Metribolone,P28845,0.0978745343258,,0.34874290348742903,,2,0.24839555582277742
Metribolone,P18405,0.0978745343258,,0.3884833738848337,,2,0.2722398380612202
Metribolone,P43116,0.0978745343258,,,,1,0.09787453432580001
Metribolone,P18054,0.0978745343258,,,,1,0.09787453432580001
Metribolone,P15121,0.0978745343258,,,,1,0.09787453432580001
Metribolone,O00748,0.0978745343258,,0.2814274128142741,,2,0.20800626141888445
Metribolone,P14902,0.0978745343258,,,,1,0.09787453432580001
Metribolone,O14746,0.0978745343258,,,,1,0.09787453432580001
Metribolone,Q06124,0.0978745343258,0.384,,,2,0.2799543761184727
Metribolone,Q00613,0.0978745343258,,,,1,0.09787453432580001
Metribolone,P23458,0.0978745343258,0.42400000000000004,,,2,0.3054089215730182
Metribolone,P08254,0.0978745343258,,,,1,0.09787453432580001
Metribolone,O60674,0.0978745343258,0.542,,,2,0.3804998306639273
Metribolone,P14780,0.0978745343258,,,,1,0.09787453432580001
Metribolone,P03956,0.0978745343258,,,,1,0.09787453432580001
Metribolone,P35408,0.0978745343258,,,,1,0.09787453432580001
Metribolone,P49354 P49356,0.0978745343258,,,,1,0.09787453432580001
Metribolone,P21730,0.0978745343258,,,,1,0.09787453432580001
Metribolone,P49810 Q9NZ42 Q92542 Q96BI3 P49768 Q8WW43,0.0978745343258,,,,1,0.09787453432580001
Metribolone,P52333,0.0978745343258,0.426,,0.4411320391807575,3,0.3354924467746766
Metribolone,P29597,0.0978745343258,0.8220000000000001,,,2,0.5586816488457454
Metribolone,Q12809,0.0978745343258,0.10600000000000001,,,2,0.10304528520938182
Metribolone,P06746,0.0,,,,1,0.0
Metribolone,O60218,0.0,,,,1,0.0
Metribolone,P06737,0.0,,,,1,0.0
Metribolone,P16662,0.0,,,,1,0.0
Metribolone,P18031,0.0,,0.3690186536901865,,2,0.2214111922141119
Metribolone,P13631,0.0,,,,1,0.0
Metribolone,P10826,0.0,,,,1,0.0
Metribolone,P10276,0.0,,,,1,0.0
Metribolone,P34913,0.0,0.322,,,2,0.20490909090909087
Metribolone,P22001,0.0,,,,1,0.0
Metribolone,Q99683,0.0,,,,1,0.0
Metribolone,Q8WWL7 P06493 P14635 O95067,0.0,,,,1,0.0
Metribolone,P25101,0.0,,,,1,0.0
Metribolone,P06493,0.0,,,,1,0.0
Metribolone,P05129,0.0,,,,1,0.0
Metribolone,Q05655,0.0,,,,1,0.0
Metribolone,P05771,0.0,,,,1,0.0
Metribolone,Q02156,0.0,,,,1,0.0
Metribolone,Q04759,0.0,,,,1,0.0
Metribolone,P24723,0.0,,,,1,0.0
Metribolone,P43119,0.0,,,,1,0.0
Metribolone,P32246,0.0,,,,1,0.0
Metribolone,Q15722,0.0,,,,1,0.0
Metribolone,P37058,0.0,,0.3284671532846715,,2,0.1970802919708029
Metribolone,P01375,0.0,,,,1,0.0
Metribolone,Q07869,0.0,0.426,,,2,0.27109090909090905
Metribolone,Q03181,0.0,0.6119999999999999,,,2,0.38945454545454533
Metribolone,P43088,0.0,,,,1,0.0
Metribolone,Q4U2R8,0.0,,,,1,0.0
Metribolone,Q16572,0.0,,,,1,0.0
Metribolone,P37268,0.0,,,,1,0.0
Metribolone,P23415,0.0,,,,1,0.0
Metribolone,P48039,0.0,,,,1,0.0
Metribolone,P49286,0.0,,,,1,0.0
Metribolone,P09874,0.0,,,,1,0.0
Metribolone,P03372,0.0,0.31399999999999995,0.40551500405515006,,3,0.2724170602547588
Metribolone,P17706,0.0,,0.2871046228710462,,2,0.17226277372262772
Metribolone,Q8IV61,0.0,,,,1,0.0
Metribolone,P14625,0.0,,,,1,0.0
Metribolone,P47869 P47870 P18507,0.0,,,,1,0.0
Metribolone,P07900,0.0,0.32599999999999996,,0.7591600463905471,3,0.3256771527979744
Metribolone,P08238,0.0,,,,1,0.0
Metribolone,O60678,0.0,,,,1,0.0
Metribolone,P37231,0.0,0.31199999999999994,0.32035685320356855,0.7321346468126524,4,0.3151272529829684
Metribolone,O95267,0.0,,,,1,0.0
Metribolone,P30304,0.0,,,,1,0.0
Metribolone,Q16665,0.0,,,,1,0.0
Metribolone,P08173,0.0,,,,1,0.0
Metribolone,P08912,0.0,,,,1,0.0
Metribolone,P11229,0.0,,,,1,0.0
Metribolone,P20309,0.0,,,,1,0.0
Metribolone,P11712,0.0,0.354,,0.5897192754693065,3,0.3033684161719942
Metribolone,P49336,0.0,,,,1,0.0
Metribolone,P56817,0.0,0.278,,0.7674146475675823,3,0.30344599590733906
Metribolone,P10721,0.0,,,,1,0.0
Metribolone,P36888,0.0,0.5860000000000001,,,2,0.3729090909090909
Metribolone,P35968,0.0,0.366,,0.4542344533428663,3,0.28033595428775704
Mibolerone,P04278,1.0,,0.7712895377128953,,2,0.8627737226277372
Mibolerone,P04150,1.0,,0.7518248175182481,,2,0.8510948905109489
Mibolerone,P10275,1.0,0.9040000000000001,0.8369829683698297,0.7972233902684801,4,0.8870783990512209
Mibolerone,P11511,0.880826265859,0.536,0.6715328467153284,,3,0.6649707143369394
Mibolerone,P08185,0.85065463552,,0.6747769667477697,,2,0.7451280342566617
Mibolerone,P05093,0.79222106036,,0.5604217356042174,,2,0.6531414655065304
Mibolerone,Q99720,0.711874931841,,0.6407137064071371,,2,0.6691781965806822
Mibolerone,P06401,0.593374423267,,0.7518248175182481,0.49683244237627394,3,0.6442264557927931
Mibolerone,P08235,0.411675027982,,0.7064071370640714,0.9439415843715759,3,0.6705359759559351
Mibolerone,Q92731,0.364127942537,0.5980000000000001,0.5020275750202757,0.4038749885575751,4,0.49331510929711897
Mibolerone,Q9UHC9,0.340526084149,,0.5482562854825629,,2,0.46516420494913774
Mibolerone,P37058,0.261559713213,,0.4509326845093269,,2,0.37518349599079615
Mibolerone,P28845,0.261559713213,,0.5531224655312247,,2,0.4364973646039348
Mibolerone,P27361,0.222013735009,0.328,0.6407137064071371,,3,0.4134315987340484
Mibolerone,P30304,0.222013735009,,,,1,0.222013735009
Mibolerone,Q01959,0.222013735009,0.48600000000000004,0.6407137064071371,,3,0.4784904222634602
Mibolerone,P0DMS8,0.222013735009,,0.6407137064071371,,2,0.47323371784788226
Mibolerone,P31213,0.174646371539,,0.5287915652879157,,2,0.38713348778834944
Mibolerone,Q06124,0.174646371539,0.6199999999999999,,,2,0.45805322601418164
Mibolerone,O60218,0.174646371539,,,,1,0.174646371539
Mibolerone,P18405,0.158886033955,,0.4582319545823196,,2,0.3384935863313917
Mibolerone,P17706,0.150981810223,,,,1,0.150981810223
Mibolerone,P06276,0.150981810223,0.336,0.42416869424168696,,3,0.32358467096130134
Mibolerone,P11413,0.143102156498,,,,1,0.143102156498
Mibolerone,P24723,0.135202128368,,,,1,0.135202128368
Mibolerone,O14684,0.135202128368,,,,1,0.135202128368
Mibolerone,P35398,0.135202128368,,,,1,0.135202128368
Mibolerone,P31645,0.127302569502,0.4,0.6991078669910786,,3,0.4414033811737924
Mibolerone,P03372,0.127302569502,0.31999999999999995,0.6991078669910786,,3,0.4084622047032042
Mibolerone,P80365,0.127302569502,,0.5531224655312247,,2,0.3827945071195348
Mibolerone,P29350,0.119403562123,,,,1,0.119403562123
Mibolerone,P18031,0.119403562123,,0.5141930251419302,,2,0.3562772399343581
Mibolerone,P49354 P49356,0.119403562123,,,,1,0.119403562123
Mibolerone,Q14994,0.119403562123,,,0.6155290716571651,2,0.33202878049478507
Mibolerone,P35228,0.119403562123,,,,1,0.119403562123
Mibolerone,P07148,0.119403562123,,,,1,0.119403562123
Mibolerone,P56817,0.119403562123,0.43800000000000006,,0.6646489248277063,3,0.3955400730696514
Mibolerone,P09917,0.119403562123,0.576,,,2,0.4099649316810908
Mibolerone,P23141,0.119403562123,,,,1,0.119403562123
Mibolerone,Q8NER1,0.11150186548,,,,1,0.11150186548
Mibolerone,P01375,0.11150186548,,,,1,0.11150186548
Mibolerone,O14746,0.11150186548,,,,1,0.11150186548
Mibolerone,Q9UBE0 Q9UBT2,0.11150186548,,,,1,0.11150186548
Mibolerone,P37268,0.11150186548,,,,1,0.11150186548
Mibolerone,P10586,0.11150186548,,,,1,0.11150186548
Mibolerone,P43119,0.11150186548,,,,1,0.11150186548
Mibolerone,P35408,0.11150186548,,,,1,0.11150186548
Mibolerone,P43116,0.11150186548,,,,1,0.11150186548
Mibolerone,P48147,0.11150186548,0.368,,,2,0.27472795108363635
Mibolerone,O75469,0.11150186548,,0.46715328467153283,,2,0.3248927169949197
Mibolerone,P54707,0.11150186548,,,,1,0.11150186548
Mibolerone,P04054,0.11150186548,,,,1,0.11150186548
Mibolerone,Q08499,0.11150186548,0.598,,,2,0.42109158744727265
Mibolerone,P37231,0.11150186548,0.344,,0.14412418079651113,3,0.2347414288792524
Mibolerone,Q03181,0.11150186548,0.6040000000000001,,,2,0.42490976926545454
Mibolerone,Q07869,0.11150186548,0.202,,,2,0.1690915874472727
Mibolerone,P51449,0.11150186548,,,,1,0.11150186548
Mibolerone,P23975,0.11150186548,0.704,0.5004055150040552,,3,0.49273179717319593
Mibolerone,P08172,0.11150186548,0.8320000000000001,0.4931062449310625,,3,0.5428614665591985
Mibolerone,Q13133,0.11150186548,,,,1,0.11150186548
Mibolerone,P24666,0.11150186548,,,,1,0.11150186548
Mibolerone,Q15722,0.11150186548,,,,1,0.11150186548
Mibolerone,P05231,0.11150186548,,,,1,0.11150186548
Mibolerone,P14902,0.11150186548,,,,1,0.11150186548
Mibolerone,P04035,0.11150186548,,,,1,0.11150186548
Mibolerone,Q12809,0.11150186548,0.126,,,2,0.12072795108363635
Mibolerone,P15104,0.11150186548,,,,1,0.11150186548
Mibolerone,Q8TDU6,0.11150186548,,0.6415247364152473,,2,0.42951558804114837
Mibolerone,O14842,0.11150186548,,,,1,0.11150186548
Mibolerone,P05413,0.11150186548,,,,1,0.11150186548
Mibolerone,Q01469,0.11150186548,,,,1,0.11150186548
Mibolerone,P15090,0.11150186548,,,0.6210212110628943,2,0.3298672993012404
Mibolerone,P30305,0.11150186548,,,,1,0.11150186548
Mibolerone,P11388,0.11150186548,0.078,,,2,0.09018249653818182
Mibolerone,P11387,0.11150186548,0.08399999999999999,,,2,0.09400067835636362
Mibolerone,P06746,0.11150186548,,,,1,0.11150186548
Mibolerone,Q16850,0.11150186548,,0.6407137064071371,,2,0.42902897003628226
Mibolerone,P33261,0.11150186548,,0.6974858069748581,,2,0.4630922303769148
Mibolerone,P23219,0.11150186548,0.32599999999999996,,,2,0.24800067835636358
Mibolerone,P60033,0.11150186548,,,,1,0.11150186548
Mibolerone,P07339,0.11150186548,0.362,,,2,0.27090976926545446
Mibolerone,O00748,0.11150186548,,,,1,0.11150186548
Mibolerone,P21554,0.11150186548,,,,1,0.11150186548
Mibolerone,P21730,0.11150186548,,,,1,0.11150186548
Mibolerone,O00519,0.11150186548,,,,1,0.11150186548
Mibolerone,P52895,0.11150186548,,,0.7571541526550758,2,0.3882099885550325
Mibolerone,Q04828,0.11150186548,,,0.34237302595461633,2,0.21044664854054984
Mibolerone,P78536,0.11150186548,,,,1,0.11150186548
Mibolerone,O00767,0.11150186548,,,,1,0.11150186548
Mibolerone,P22303,0.11150186548,0.158,0.6034063260340632,,3,0.30426149518378703
Mibolerone,P22001,0.0,,,,1,0.0
Mibolerone,Q12772,0.0,,,,1,0.0
Mibolerone,P14780,0.0,,,,1,0.0
Mibolerone,P08254,0.0,,,,1,0.0
Mibolerone,P03956,0.0,,,,1,0.0
Mibolerone,P06737,0.0,,,,1,0.0
Mibolerone,P20701,0.0,,,,1,0.0
Mibolerone,P49810 Q9NZ42 Q92542 Q96BI3 P49768 Q8WW43,0.0,,,,1,0.0
Mibolerone,P35354,0.0,0.358,,,2,0.22781818181818178
Mibolerone,P32246,0.0,,,,1,0.0
Nandrolone,P10275,1.0,0.9199999999999999,0.8369829683698297,0.8292639919953668,4,0.8974844893102539
Nandrolone,P08185,1.0,,0.8369829683698297,,2,0.9021897810218978
Nandrolone,P04278,1.0,,0.8369829683698297,,2,0.9021897810218978
Nandrolone,P11511,0.896948172051,0.4739999999999999,0.7664233576642335,0.36642790679076936,4,0.6301808277280855
Nandrolone,P04150,0.896948172051,,0.767234387672344,,2,0.8191199014238064
Nandrolone,Q99720,0.896948172051,,0.7542579075425792,,2,0.8113340133459475
Nandrolone,P05093,0.5510539713,,0.656934306569343,,2,0.6145821724616058
Nandrolone,P06401,0.534712891919,,0.8369829683698297,0.4828384190029215,3,0.6622511257618263
Nandrolone,Q92731,0.444639417769,0.8560000000000001,0.7193836171938361,0.4538596462117048,4,0.6724219156437066
Nandrolone,P08235,0.354464973753,,0.6763990267639902,0.9679991888997056,3,0.644634740176543
Nandrolone,Q9UHC9,0.346270483061,,0.46147607461476076,,2,0.41539383799325647
Nandrolone,P31213,0.247942822879,,0.7915652879156528,,2,0.5741163019009917
Nandrolone,Q01959,0.231637184894,0.396,0.5823195458231955,,3,0.4230862361479514
Nandrolone,P0DMS8,0.231637184894,,0.49716139497161393,,2,0.39095171094056835
Nandrolone,P27361,0.231637184894,0.55,0.4557988645579886,,3,0.44184364276023125
Nandrolone,P28845,0.223449266359,,0.5969180859691808,,2,0.4475305581251085
Nandrolone,P18405,0.207053973629,,0.635036496350365,,2,0.46384348726181895
Nandrolone,P37058,0.190656977035,,0.454176804541768,,2,0.3487688735390608
Nandrolone,Q06124,0.17427075329,0.604,,,2,0.44773481937818177
Nandrolone,O60218,0.17427075329,,,,1,0.17427075329
Nandrolone,P30304,0.166097445484,,,,1,0.16609744548399996
Nandrolone,P06276,0.149732593856,0.524,0.48175182481751827,,3,0.42102596025465355
Nandrolone,P17706,0.149732593856,,,,1,0.149732593856
Nandrolone,P35398,0.133337961498,,,,1,0.133337961498
Nandrolone,P24723,0.133337961498,,,,1,0.133337961498
Nandrolone,O14684,0.125142648574,,,,1,0.125142648574
Nandrolone,P09917,0.125142648574,0.15,,,2,0.1409609631178182
Nandrolone,P11413,0.125142648574,,0.5206812652068127,,2,0.36246581855368765
Nandrolone,P03372,0.125142648574,0.364,0.6918085969180859,,3,0.42349542210614793
Nandrolone,P07148,0.116965063224,,,,1,0.116965063224
Nandrolone,P80365,0.116965063224,,0.5547445255474452,,2,0.3796327406180672
Nandrolone,P35228,0.108770969359,,,,1,0.108770969359
Nandrolone,P56817,0.108770969359,0.07200000000000001,,0.6862380496074819,3,0.21412843044703186
Nandrolone,P23141,0.108770969359,,,,1,0.108770969359
Nandrolone,P31645,0.108770969359,0.384,0.6034063260340632,,3,0.39667775492002233
Nandrolone,P29350,0.108770969359,,,,1,0.108770969359
Nandrolone,P49354 P49356,0.108770969359,,,,1,0.108770969359
Nandrolone,P18031,0.108770969359,,0.5117599351175994,,2,0.35056434881415965
Nandrolone,Q14994,0.108770969359,,,0.611083038124741,2,0.32404757025860326
Nandrolone,P48147,0.100578902067,0.146,,,2,0.12948323711527268
Nandrolone,Q13133,0.100578902067,,,,1,0.100578902067
Nandrolone,P15090,0.100578902067,,,,1,0.100578902067
Nandrolone,Q07869,0.100578902067,0.41,,,2,0.2974832371152727
Nandrolone,O14746,0.100578902067,,,,1,0.100578902067
Nandrolone,P05413,0.100578902067,,,,1,0.100578902067
Nandrolone,Q01469,0.100578902067,,,,1,0.100578902067
Nandrolone,Q03181,0.100578902067,0.592,,,2,0.41330141893345446
Nandrolone,P04035,0.100578902067,,,,1,0.100578902067
Nandrolone,O00767,0.100578902067,,,,1,0.100578902067
Nandrolone,Q08499,0.100578902067,0.762,,,2,0.5214832371152727
Nandrolone,P10586,0.100578902067,,,,1,0.100578902067
Nandrolone,P04054,0.100578902067,,,,1,0.100578902067
Nandrolone,P24666,0.100578902067,,,,1,0.100578902067
Nandrolone,P14902,0.100578902067,,,,1,0.100578902067
Nandrolone,P54707,0.100578902067,,,,1,0.100578902067
Nandrolone,P01375,0.100578902067,,,,1,0.100578902067
Nandrolone,O75469,0.100578902067,,0.5125709651257097,,2,0.3477741399022258
Nandrolone,P37268,0.100578902067,,,,1,0.100578902067
Nandrolone,P11388,0.100578902067,0.33799999999999997,,,2,0.2516650552970908
Nandrolone,P05231,0.100578902067,,,,1,0.100578902067
Nandrolone,P78536,0.100578902067,,,,1,0.100578902067
Nandrolone,P15104,0.100578902067,,,,1,0.100578902067
Nandrolone,Q8TDU6,0.100578902067,,0.7583130575831305,,2,0.4952193953766783
Nandrolone,O00748,0.100578902067,,,,1,0.100578902067
Nandrolone,P60033,0.100578902067,,,,1,0.100578902067
Nandrolone,P37231,0.100578902067,0.308,,0.11845634793172556,3,0.20812033229022692
Nandrolone,P23219,0.100578902067,0.312,,,2,0.23511960075163635
Nandrolone,O14842,0.100578902067,,,,1,0.100578902067
Nandrolone,Q16850,0.100578902067,,0.7542579075425792,,2,0.49278630535234746
Nandrolone,P52895,0.100578902067,,,0.8033871246389397,2,0.40178242602640274
Nandrolone,Q04828,0.100578902067,,,0.4227049670073455,2,0.23863292989857662
Nandrolone,P11387,0.100578902067,0.076,,,2,0.08493778256981818
Nandrolone,P43116,0.100578902067,,,,1,0.100578902067
Nandrolone,O00519,0.100578902067,,,,1,0.100578902067
Nandrolone,P06746,0.100578902067,,,,1,0.100578902067
Nandrolone,P07339,0.100578902067,0.608,,,2,0.4234832371152727
Nandrolone,P43119,0.100578902067,,,,1,0.100578902067
Nandrolone,Q8NER1,0.100578902067,,,,1,0.100578902067
Nandrolone,P30305,0.100578902067,,,,1,0.100578902067
Nandrolone,Q9UBE0 Q9UBT2,0.100578902067,,,,1,0.100578902067
Nandrolone,P21554,0.100578902067,,,,1,0.100578902067
Nandrolone,P22303,0.100578902067,0.29200000000000004,0.6131386861313869,,3,0.3603028073562542
Nandrolone,Q15722,0.100578902067,,,,1,0.100578902067
Nandrolone,Q12809,0.100578902067,0.194,,,2,0.16002869166072725
Nandrolone,P35408,0.100578902067,,,,1,0.100578902067
Nandrolone,P33261,0.100578902067,,0.48986212489862124,,2,0.33414883576597276
Nandrolone,P42330,0.0,,,0.7392337953805658,2,0.3168144837345282
Nandrolone,Q12772,0.0,,,,1,0.0
Nandrolone,P51449,0.0,,,,1,0.0
Nandrolone,P08172,0.0,0.624,,,2,0.39709090909090905
Nandrolone,P23975,0.0,0.5860000000000001,0.46228710462287104,,3,0.4044542722198369
Nandrolone,P20701,0.0,,,,1,0.0
Nandrolone,P35354,0.0,0.574,,,2,0.3652727272727272
Nandrolone,P06737,0.0,,,,1,0.0
Nandrolone,P51681,0.0,,,,1,0.0
Nandrolone,P21730,0.0,,,,1,0.0
Nandrolone,Q16572,0.0,,,,1,0.0
Nandrolone,Q8IV61,0.0,,,,1,0.0
Nandrolone,Q8WWL7 P06493 P14635 O95067,0.0,,,,1,0.0
Nandrolone,P06493,0.0,,,,1,0.0
Norboletone,P04278,0.784812076635,,0.9351175993511759,,2,0.8749953902647055
Norboletone,P05093,0.743195545106,,0.7412814274128143,,2,0.7420470744900887
Norboletone,P11511,0.684890460478,0.31599999999999995,0.8175182481751825,0.24841566750947364,4,0.5300959166745758
Norboletone,P10275,0.684890460478,0.7020000000000001,0.9391727493917275,0.6769973869438946,4,0.7659795249547025
Norboletone,P04150,0.684890460478,,0.9375506893755069,,2,0.8364865978165041
Norboletone,P08185,0.576544657553,,0.8337388483373884,,2,0.7308611720236331
Norboletone,P06401,0.501555860269,,0.9351175993511759,0.45387377489972136,3,0.6906577201447861
Norboletone,Q9UHC9,0.334886972392,,0.7039740470397404,,2,0.5563392171806443
Norboletone,Q01959,0.326563704219,0.6420000000000001,0.7907542579075426,,3,0.6202811979012504
Norboletone,P08235,0.318252676841,,0.8483373884833739,0.9299192756901218,3,0.7040609896411237
Norboletone,Q99720,0.309880067163,,0.7931873479318734,,2,0.599864435624324
Norboletone,P0DMS8,0.259910103952,,0.7907542579075426,,2,0.5784165963253255
Norboletone,P27361,0.259910103952,0.328,0.7858880778588807,,3,0.4735864048800756
Norboletone,P30304,0.18493005241,,,,1,0.18493005241
Norboletone,P28845,0.176593624722,,0.6958637469586375,,2,0.4881556980639825
Norboletone,Q06124,0.168264713882,0.8300000000000001,,,2,0.5893689868661818
Norboletone,O60218,0.168264713882,,,,1,0.168264713882
Norboletone,Q92731,0.151564691457,0.8119999999999999,0.7210056772100568,0.2137126424641708,4,0.5628715378240425
Norboletone,P17706,0.143269256947,,0.5190592051905921,,2,0.3687432258931552
Norboletone,P37058,0.143269256947,,0.5888077858880778,,2,0.41059237431164664
Norboletone,P03372,0.134939008937,0.5439999999999999,0.8418491484184916,,3,0.5528735838975852
Norboletone,P31645,0.134939008937,0.404,0.8856447688564477,,3,0.5106838028756874
Norboletone,P24723,0.134939008937,,,,1,0.134939008937
Norboletone,P56817,0.126610168686,0.1,,0.67735437493547,3,0.23132169996788646
Norboletone,P35398,0.126610168686,,0.5742092457420924,0.7967169291743901,3,0.4878343797476711
Norboletone,P49354 P49356,0.126610168686,,,,1,0.126610168686
Norboletone,P80365,0.118277084772,,0.6958637469586375,,2,0.46482908208398255
Norboletone,P31213,0.118277084772,,0.4639091646390916,,2,0.3256563326922549
Norboletone,O14684,0.109945769839,,,,1,0.109945769839
Norboletone,P07148,0.109945769839,,0.5620437956204379,,2,0.3812045853078627
Norboletone,P18405,0.109945769839,,0.46228710462287104,,2,0.3213505707093226
Norboletone,P37268,0.109945769839,,,,1,0.109945769839
Norboletone,P18031,0.109945769839,,0.6561232765612327,,2,0.43765227387233957
Norboletone,P23141,0.109945769839,,,,1,0.109945769839
Norboletone,P09917,0.109945769839,0.164,,,2,0.14434391630509089
Norboletone,P29350,0.109945769839,,,,1,0.109945769839
Norboletone,P06276,0.101613854776,0.13199999999999998,0.6326034063260341,,3,0.30153387394471787
Norboletone,P35228,0.101613854776,,,,1,0.101613854776
Norboletone,P04035,0.101613854776,,0.4858069748580698,,2,0.33212972682524183
Norboletone,P14902,0.101613854776,,,,1,0.101613854776
Norboletone,P11413,0.101613854776,,0.4776966747769667,,2,0.32726354677658
Norboletone,P15090,0.101613854776,,,,1,0.101613854776
Norboletone,Q07869,0.101613854776,0.646,,,2,0.44804140173672724
Norboletone,O14746,0.101613854776,,,,1,0.101613854776
Norboletone,P05413,0.101613854776,,,,1,0.101613854776
Norboletone,Q01469,0.101613854776,,,,1,0.101613854776
Norboletone,Q03181,0.101613854776,0.6,,,2,0.41876867446399996
Norboletone,Q14994,0.101613854776,,,0.6651012416762597,2,0.34310844916182565
Norboletone,Q13133,0.101613854776,,,,1,0.101613854776
Norboletone,P08172,0.101613854776,0.64,0.6504460665044606,,3,0.5170077540076919
Norboletone,P22303,0.101613854776,0.296,0.821573398215734,,3,0.435758576964612
Norboletone,P23975,0.101613854776,0.638,0.6577453365774533,,3,0.5187604375628659
Norboletone,P33261,0.101613854776,,0.8710462287104623,,2,0.5632732791366775
Norboletone,O00767,0.101613854776,,,,1,0.101613854776
Norboletone,P10586,0.101613854776,,,,1,0.101613854776
Norboletone,P04054,0.101613854776,,,,1,0.101613854776
Norboletone,P24666,0.101613854776,,,,1,0.101613854776
Norboletone,P37231,0.101613854776,0.358,,0.45641663863438126,3,0.3058360953576531
Norboletone,O75469,0.101613854776,,0.7834549878345499,,2,0.5107185346111299
Norboletone,P54707,0.101613854776,,,,1,0.101613854776
Norboletone,P01375,0.101613854776,,,,1,0.101613854776
Norboletone,P11388,0.101613854776,0.344,,,2,0.255859583554909
Norboletone,P05231,0.101613854776,,,,1,0.101613854776
Norboletone,P78536,0.101613854776,,,,1,0.101613854776
Norboletone,P15104,0.101613854776,,,,1,0.101613854776
Norboletone,P06746,0.101613854776,,,,1,0.101613854776
Norboletone,O00748,0.101613854776,,0.5709651257096513,,2,0.38322461733619073
Norboletone,P30305,0.101613854776,,,,1,0.101613854776
Norboletone,P60033,0.101613854776,,,,1,0.101613854776
Norboletone,O14842,0.101613854776,,,,1,0.101613854776
Norboletone,Q12809,0.101613854776,0.17200000000000001,,,2,0.14640503810036365
Norboletone,P21730,0.101613854776,,,,1,0.101613854776
Norboletone,O00519,0.101613854776,,,,1,0.101613854776
Norboletone,P43119,0.101613854776,,,,1,0.101613854776
Norboletone,P37059,0.101613854776,,,,1,0.101613854776
Norboletone,Q9UBE0 Q9UBT2,0.101613854776,,,,1,0.101613854776
Norboletone,P32246,0.101613854776,,,,1,0.101613854776
Norboletone,Q16850,0.101613854776,,0.7210056772100568,,2,0.47324894823643404
Norboletone,P21554,0.101613854776,,,,1,0.101613854776
Norboletone,P35354,0.101613854776,0.376,,,2,0.2762232199185454
Norboletone,Q15722,0.101613854776,,,,1,0.101613854776
Norboletone,Q8NER1,0.101613854776,,,,1,0.101613854776
Norboletone,P23219,0.101613854776,0.296,,,2,0.22531412900945452
Norboletone,P48147,0.0,0.392,,,2,0.2494545454545454
Norboletone,P42330,0.0,,,0.6956869852757509,2,0.298151565118179
Norboletone,Q16572,0.0,,,,1,0.0
Norboletone,P51449,0.0,,,,1,0.0
Norboletone,Q12772,0.0,,,,1,0.0
Norboletone,P10827,0.0,,,,1,0.0
Norboletone,P11229,0.0,,,,1,0.0
Norboletone,P20309,0.0,,,,1,0.0
Norboletone,P51681,0.0,,,,1,0.0
Norboletone,P20701,0.0,,,,1,0.0
Norboletone,P49810 Q9NZ42 Q92542 Q96BI3 P49768 Q8WW43,0.0,,,,1,0.0
Norboletone,P06737,0.0,,,,1,0.0
Norboletone,P22001,0.0,,,,1,0.0
Norboletone,P08254,0.0,,,,1,0.0
Norboletone,P14780,0.0,,,,1,0.0
Norboletone,P03956,0.0,,,,1,0.0
Norboletone,Q99683,0.0,,,,1,0.0
Norclostebol,P10275,0.171978589411,0.9019999999999999,0.8110300081103001,0.7821142522533491,4,0.7107218581532924
Norclostebol,P08185,0.171978589411,,0.7331711273317113,,2,0.5086941121634267
Norclostebol,P04278,0.171978589411,,0.8126520681265207,,2,0.5563826766403124
Norclostebol,P11511,0.147256737367,0.29000000000000004,0.8029197080291971,0.34168371340491976,4,0.4230798168928971
Norclostebol,P04150,0.139061946948,,0.789132197891322,,2,0.5291040975139932
Norclostebol,Q99720,0.139061946948,,0.659367396593674,,2,0.45124521673540446
Norclostebol,P05093,0.114337558605,,0.4720194647201947,,2,0.3289467022741168
Norclostebol,P06401,0.106099949133,,0.7356042173560422,0.44920681492596526,3,0.47581888811124223
Norclostebol,Q92731,0.106099949133,0.686,0.6958637469586375,0.4648252003901077,4,0.5398028939727073
Norclostebol,P08235,0.0978745343258,,0.43227899432278993,0.9441776494638887,3,0.4475157732024312
Norclostebol,P31213,0.0978745343258,,0.40875912408759124,,2,0.28440528818287475
Norclostebol,Q9UHC9,0.0978745343258,,0.33333333333333337,,2,0.23914981373032002
Norclostebol,P37058,0.0978745343258,,0.33738848337388483,,2,0.24158290375465089
Norclostebol,Q01959,0.0978745343258,0.268,,,2,0.2061361943002909
Norclostebol,P0DMS8,0.0978745343258,,,,1,0.09787453432580001
Norclostebol,P27361,0.0978745343258,0.34,,,2,0.2519543761184727
Norclostebol,P28845,0.0978745343258,,0.5158150851581509,,2,0.3486388648252105
Norclostebol,P18405,0.0978745343258,,0.29034874290348744,,2,0.21335905947241246
Norclostebol,Q06124,0.0978745343258,0.398,,,2,0.2888634670275636
Norclostebol,O60218,0.0978745343258,,,,1,0.09787453432580001
Norclostebol,P03372,0.0978745343258,0.426,0.6277372262773723,,3,0.4199953820569079
Norclostebol,P06276,0.0978745343258,0.5559999999999999,0.25790754257907544,,3,0.3429966701633913
Norclostebol,P17706,0.0978745343258,,,,1,0.09787453432580001
Norclostebol,P11413,0.0978745343258,,0.43065693430656937,,2,0.2975439743142616
Norclostebol,P31645,0.0978745343258,0.392,0.4047039740470398,,3,0.32727776362267286
Norclostebol,P35398,0.0978745343258,,,0.4962296464660497,2,0.2685981538144785
Norclostebol,Q12809,0.0978745343258,0.22000000000000003,,,2,0.17559073975483636
Norclostebol,P30304,0.0978745343258,,,,1,0.09787453432580001
Norclostebol,P24723,0.0978745343258,,,,1,0.09787453432580001
Norclostebol,Q9UBS5,0.0978745343258,,,,1,0.09787453432580001
Norclostebol,P23141,0.0978745343258,,,,1,0.09787453432580001
Norclostebol,P07148,0.0978745343258,,0.28953771289537716,,2,0.2128724414675463
Norclostebol,P09917,0.0,0.372,,,2,0.23672727272727268
Norclostebol,P06737,0.0,,,,1,0.0
Norclostebol,P80365,0.0,,0.4412003244120033,,2,0.264720194647202
Norclostebol,P35228,0.0,,,,1,0.0
Norclostebol,P49354 P49356,0.0,,,,1,0.0
Norclostebol,P29350,0.0,,,,1,0.0
Norclostebol,O14684,0.0,,,,1,0.0
Norclostebol,Q14994,0.0,,,,1,0.0
Norclostebol,P34913,0.0,0.48199999999999993,,,2,0.3067272727272726
Norclostebol,P34972,0.0,,,,1,0.0
Norclostebol,P43116,0.0,,,,1,0.0
Norclostebol,P56817,0.0,0.076,0.3357664233576642,0.6321926783706436,4,0.22215882876289578
Norclostebol,Q8WWL7 P06493 P14635 O95067,0.0,,,,1,0.0
Norclostebol,P08254,0.0,,,,1,0.0
Norclostebol,P06493,0.0,,,,1,0.0
Norclostebol,P14780,0.0,,,,1,0.0
Norclostebol,P03956,0.0,,,,1,0.0
Norclostebol,O60674,0.0,0.488,,,2,0.31054545454545446
Norclostebol,P48147,0.0,0.156,,,2,0.09927272727272726
Norclostebol,P35408,0.0,,,,1,0.0
Norclostebol,P43115,0.0,,,,1,0.0
Norclostebol,P22001,0.0,,,,1,0.0
Norclostebol,P35968,0.0,0.124,,0.48131383190180876,3,0.1651386782646733
Norclostebol,P49810 Q9NZ42 Q92542 Q96BI3 P49768 Q8WW43,0.0,,,,1,0.0
Norclostebol,P23458,0.0,0.40800000000000003,,,2,0.2596363636363636
Norclostebol,P47869 P47870 P18507,0.0,,,,1,0.0
Norclostebol,P05129,0.0,,,,1,0.0
Norclostebol,Q05655,0.0,,,,1,0.0
Norclostebol,P05771,0.0,,,,1,0.0
Norclostebol,Q02156,0.0,,,,1,0.0
Norclostebol,Q04759,0.0,,,,1,0.0
Norclostebol,O95267,0.0,,,,1,0.0
Norclostebol,P01375,0.0,,,,1,0.0
Norclostebol,P33261,0.0,,0.3219789132197891,,2,0.19318734793187345
Norclostebol,P00813,0.0,,,,1,0.0
Norclostebol,P21453,0.0,,,,1,0.0
Norclostebol,P15090,0.0,,,,1,0.0
Norclostebol,Q07869,0.0,0.374,,,2,0.23799999999999996
Norclostebol,O14746,0.0,,,,1,0.0
Norclostebol,P05413,0.0,,,,1,0.0
Norclostebol,Q01469,0.0,,,,1,0.0
Norclostebol,Q03181,0.0,0.5960000000000001,,,2,0.37927272727272726
Norclostebol,P18031,0.0,,0.25385239253852393,,2,0.15231143552311435
Norclostebol,P08908,0.0,,,,1,0.0
Norclostebol,P14416,0.0,0.5660000000000001,,,2,0.36018181818181816
Norclostebol,P35462,0.0,,,,1,0.0
Norclostebol,P04035,0.0,,,,1,0.0
Norclostebol,Q13133,0.0,,,,1,0.0
Norclostebol,P10721,0.0,,,,1,0.0
Norclostebol,P36888,0.0,0.79,,,2,0.5027272727272726
Norclostebol,P41143,0.0,,,,1,0.0
Norclostebol,P21730,0.0,,,,1,0.0
Norclostebol,P41145,0.0,,,,1,0.0
Norclostebol,P14618,0.0,,,,1,0.0
Norclostebol,Q16572,0.0,,,,1,0.0
Norclostebol,Q08499,0.0,0.384,,,2,0.24436363636363634
Norclostebol,P10586,0.0,,,,1,0.0
Norclostebol,P04054,0.0,,,,1,0.0
Norclostebol,P24666,0.0,,,,1,0.0
Norclostebol,P32246,0.0,,,,1,0.0
Norclostebol,P05231,0.0,,,,1,0.0
Norclostebol,P78536,0.0,,,,1,0.0
Norclostebol,P15104,0.0,,,,1,0.0
Norclostebol,Q8TDU6,0.0,,0.708029197080292,,2,0.4248175182481752
Norclostebol,P52333,0.0,0.38,,,2,0.24181818181818177
Norclostebol,P29597,0.0,0.808,,,2,0.5141818181818182
Norclostebol,O00767,0.0,,,,1,0.0
Norclostebol,P11388,0.0,0.528,,,2,0.33599999999999997
Norethandrolone,P04278,0.931454622002,,0.927007299270073,,2,0.9287862283628437
Norethandrolone,P10275,0.880826265859,0.49000000000000005,0.9367396593673967,0.7928662788665716,4,0.7476170928120047
Norethandrolone,P04150,0.872894640626,,0.9318734793187348,,2,0.908281943841641
Norethandrolone,P05093,0.837126983389,,0.7939983779399838,,2,0.8112498201195903
Norethandrolone,P11511,0.837126983389,0.514,0.8759124087591241,0.7344989947367963,4,0.7202739685160567
Norethandrolone,P08185,0.696055374994,,0.8953771289537713,,2,0.8156484273698628
Norethandrolone,P06401,0.68028359158,,0.9326845093268451,0.46221616859805087,3,0.7464530713904017
Norethandrolone,Q99720,0.530019919323,,0.8069748580697486,,2,0.696192882571049
Norethandrolone,P08235,0.506417696451,,0.8410381184103811,0.9535453315002893,3,0.7640411915974733
Norethandrolone,Q01959,0.38793103454,0.6,0.8467153284671532,,3,0.6371774181742893
Norethandrolone,P0DMS8,0.38793103454,,0.8467153284671532,,2,0.6632016108962919
Norethandrolone,P27361,0.38793103454,0.33199999999999996,0.7996755879967559,,3,0.5102222156553256
Norethandrolone,Q9UHC9,0.340526084149,,0.7469586374695865,,2,0.5843856161413519
Norethandrolone,Q92731,0.253686853584,0.642,0.7712895377128953,0.26866232404441037,4,0.5471235806373301
Norethandrolone,P28845,0.198389228663,,0.7007299270072993,,2,0.49979364766957957
Norethandrolone,P30304,0.198389228663,,,,1,0.198389228663
Norethandrolone,P37058,0.190502109895,,0.5993511759935118,,2,0.43581154955410706
Norethandrolone,Q06124,0.174646371539,0.826,,,2,0.5891441351050908
Norethandrolone,O60218,0.174646371539,,,,1,0.174646371539
Norethandrolone,P31213,0.158886033955,,0.5790754257907542,,2,0.4109996690564526
Norethandrolone,P49354 P49356,0.158886033955,,,,1,0.158886033955
Norethandrolone,P17706,0.150981810223,,0.5198702351987023,,2,0.3723148652084214
Norethandrolone,P24723,0.143102156498,,,,1,0.143102156498
Norethandrolone,P18405,0.143102156498,,0.5117599351175994,,2,0.3642968236697597
Norethandrolone,P80365,0.143102156498,,0.7007299270072993,,2,0.4776788188035796
Norethandrolone,P03372,0.143102156498,0.382,0.8759124087591241,,3,0.5001107693262791
Norethandrolone,P31645,0.143102156498,0.406,0.8799675587996756,,3,0.5114243516935326
Norethandrolone,P35398,0.135202128368,,0.5774533657745337,0.7826267554287235,3,0.4887237672619517
Norethandrolone,O14684,0.135202128368,,0.4339010543390105,,2,0.3144214839506063
Norethandrolone,P56817,0.135202128368,0.10800000000000001,,0.7485285722349996,3,0.25302815929835704
Norethandrolone,P18031,0.119403562123,,0.6585563665855636,,2,0.44289524480053816
Norethandrolone,P07148,0.119403562123,,0.6074614760746148,,2,0.4122383104939688
Norethandrolone,P11413,0.119403562123,,0.48337388483373883,,2,0.33778575574944325
Norethandrolone,P23141,0.119403562123,,,,1,0.119403562123
Norethandrolone,P29350,0.119403562123,,,,1,0.119403562123
Norethandrolone,P09917,0.119403562123,0.382,,,2,0.2865103862265454
Norethandrolone,P35228,0.119403562123,,0.4922952149229522,,2,0.3431385538029713
Norethandrolone,P37268,0.11150186548,,,,1,0.11150186548
Norethandrolone,P04035,0.11150186548,,0.48905109489051096,,2,0.3380314031263066
Norethandrolone,P06276,0.11150186548,0.146,0.6334144363341444,,3,0.3099114164661686
Norethandrolone,P14902,0.11150186548,,,,1,0.11150186548
Norethandrolone,Q14994,0.11150186548,,,,1,0.11150186548
Norethandrolone,P15090,0.11150186548,,,,1,0.11150186548
Norethandrolone,Q07869,0.11150186548,0.42400000000000004,0.44931062449310627,0.6611158991359052,4,0.4046609453143177
Norethandrolone,O14746,0.11150186548,,,,1,0.11150186548
Norethandrolone,P05413,0.11150186548,,,,1,0.11150186548
Norethandrolone,Q01469,0.11150186548,,,,1,0.11150186548
Norethandrolone,Q03181,0.11150186548,0.6040000000000001,,,2,0.42490976926545454
Norethandrolone,P08172,0.11150186548,0.6239999999999999,0.6828872668288727,,3,0.5241959448760727
Norethandrolone,P22303,0.11150186548,0.528,0.8540145985401459,,3,0.5450644148918162
Norethandrolone,P23975,0.11150186548,0.67,0.6901865369018654,,3,0.5457133343135995
Norethandrolone,P33261,0.11150186548,,0.902676399026764,,2,0.5862065856080584
Norethandrolone,O75469,0.11150186548,,0.7721005677210057,,2,0.5078610868246034
Norethandrolone,O00767,0.11150186548,,,,1,0.11150186548
Norethandrolone,P10586,0.11150186548,,,,1,0.11150186548
Norethandrolone,P04054,0.11150186548,,,,1,0.11150186548
Norethandrolone,P24666,0.11150186548,,,,1,0.11150186548
Norethandrolone,P37231,0.11150186548,0.32599999999999996,0.44931062449310627,0.4419119725769822,4,0.3374803563304792
Norethandrolone,P54707,0.11150186548,,,,1,0.11150186548
Norethandrolone,P01375,0.11150186548,,,,1,0.11150186548
Norethandrolone,Q13133,0.11150186548,,0.47364152473641524,,2,0.32878566103384915
Norethandrolone,P11388,0.11150186548,0.326,,,2,0.24800067835636364
Norethandrolone,P06746,0.11150186548,,,,1,0.11150186548
Norethandrolone,O00748,0.11150186548,,0.5750202757502028,,2,0.38961291164212164
Norethandrolone,P05231,0.11150186548,,,,1,0.11150186548
Norethandrolone,P78536,0.11150186548,,,,1,0.11150186548
Norethandrolone,P15104,0.11150186548,,,,1,0.11150186548
Norethandrolone,O00519,0.11150186548,,,,1,0.11150186548
Norethandrolone,P60033,0.11150186548,,,,1,0.11150186548
Norethandrolone,P30305,0.11150186548,,,,1,0.11150186548
Norethandrolone,Q12809,0.11150186548,0.152,,,2,0.13727340562909088
Norethandrolone,P23219,0.11150186548,0.31,,,2,0.23781886017454545
Norethandrolone,P52895,0.11150186548,,,0.7506121952106741,2,0.38540629250743175
Norethandrolone,Q04828,0.11150186548,,,0.6968927876206568,2,0.3623836892545672
Norethandrolone,Q16850,0.11150186548,,0.7347931873479319,,2,0.4854766586007591
Norethandrolone,P07339,0.11150186548,0.398,,,2,0.29381886017454545
Norethandrolone,P21730,0.11150186548,,,,1,0.11150186548
Norethandrolone,P43119,0.11150186548,,,,1,0.11150186548
Norethandrolone,P21554,0.11150186548,,,,1,0.11150186548
Norethandrolone,Q9UBE0 Q9UBT2,0.11150186548,,,,1,0.11150186548
Norethandrolone,Q8NER1,0.11150186548,,,,1,0.11150186548
Norethandrolone,P32246,0.11150186548,,,,1,0.11150186548
Norethandrolone,P37059,0.11150186548,,,,1,0.11150186548
Norethandrolone,P48147,0.11150186548,0.366,,,2,0.27345522381090903
Norethandrolone,Q15722,0.11150186548,,,,1,0.11150186548
Norethandrolone,P42330,0.11150186548,,,0.6861200447339351,2,0.35776679944597223
Norethandrolone,P51449,0.11150186548,,,,1,0.11150186548
Norethandrolone,P35354,0.11150186548,0.162,,,2,0.14363704199272725
Norethandrolone,P08254,0.11150186548,,,,1,0.11150186548
Norethandrolone,P14780,0.11150186548,,,,1,0.11150186548
Norethandrolone,P03956,0.11150186548,,,,1,0.11150186548
Norethandrolone,P51681,0.0,,,,1,0.0
Norethandrolone,Q12772,0.0,,,,1,0.0
Norethandrolone,P49810 Q9NZ42 Q92542 Q96BI3 P49768 Q8WW43,0.0,,,,1,0.0
Norethandrolone,P22001,0.0,,,,1,0.0
Norethandrolone,P23458,0.0,0.41200000000000003,,,2,0.2621818181818181
Norethandrolone,O60674,0.0,0.51,,,2,0.3245454545454545
Norethandrolone,P20701,0.0,,,,1,0.0
Norethandrolone,P06737,0.0,,,,1,0.0
Norethandrolone,P25116,0.0,,,,1,0.0
Oxabolone,P11511,0.666318839206,0.074,0.7599351175993511,,3,0.45546388602471216
Oxabolone,P10275,0.575618920504,0.89,0.6999188969991891,0.8029428891427581,4,0.7570408865719704
Oxabolone,P04278,0.567301899877,,0.7104622871046229,,2,0.6531981322135737
Oxabolone,P08185,0.246150751368,,0.6999188969991891,,2,0.5184116387467135
Oxabolone,Q92731,0.221330189598,0.9119999999999999,0.5904298459042985,0.43595549389553473,4,0.6059883157752196
Oxabolone,P05093,0.180252493891,,0.48175182481751827,,2,0.36115209244691093
Oxabolone,Q9UHC9,0.163737226168,,0.2952149229521492,,2,0.2426238442384895
Oxabolone,P04150,0.155528102326,,0.6820762368207623,,2,0.47145698302285743
Oxabolone,Q01959,0.155528102326,0.21600000000000003,0.4403892944038929,,3,0.28096753974866806
Oxabolone,P28845,0.155528102326,,0.4095701540957015,,2,0.30795333338782094
Oxabolone,P0DMS8,0.147256737367,,0.33495539334955393,,2,0.2598759309565324
Oxabolone,P03372,0.147256737367,0.48200000000000004,0.5790754257907542,,3,0.43749879436544264
Oxabolone,P06401,0.147256737367,,0.6999188969991891,0.7275532480020337,3,0.5362461596514796
Oxabolone,Q99720,0.130791955177,,0.624493106244931,,2,0.42701264581775866
Oxabolone,O14684,0.122581769115,,,,1,0.122581769115
Oxabolone,P24723,0.114337558605,,,,1,0.11433755860500001
Oxabolone,Q06124,0.114337558605,0.576,,,2,0.4081227485836363
Oxabolone,O60218,0.114337558605,,,,1,0.11433755860500001
Oxabolone,P17706,0.106099949133,,,,1,0.106099949133
Oxabolone,P35228,0.106099949133,,,,1,0.106099949133
Oxabolone,P27361,0.106099949133,0.33599999999999997,0.33495539334955393,,3,0.2815371856840779
Oxabolone,P35398,0.106099949133,,0.2781832927818329,,2,0.20934995532229975
Oxabolone,P56817,0.106099949133,0.08800000000000001,,0.7458367565635041,3,0.23413643330160805
Oxabolone,P49354 P49356,0.0978745343258,,,,1,0.09787453432580001
Oxabolone,P09917,0.0978745343258,0.166,,,2,0.14122710339119998
Oxabolone,P08235,0.0978745343258,,0.47283049472830496,0.9472570310980625,3,0.466942476843632
Oxabolone,P07148,0.0978745343258,,,,1,0.09787453432580001
Oxabolone,P30304,0.0978745343258,,,,1,0.09787453432580001
Oxabolone,P23141,0.0978745343258,,,,1,0.09787453432580001
Oxabolone,P18031,0.0978745343258,,0.28304947283049475,,2,0.20897949742861685
Oxabolone,P06276,0.0978745343258,0.54,,,2,0.37922710339119997
Oxabolone,P29350,0.0978745343258,,,,1,0.09787453432580001
Oxabolone,P31645,0.0978745343258,0.382,0.4906731549067315,,3,0.3535021803966817
Oxabolone,P14902,0.0978745343258,,,,1,0.09787453432580001
Oxabolone,P80365,0.0978745343258,,0.4030819140308191,,2,0.2809989621488115
Oxabolone,Q16850,0.0978745343258,,0.624493106244931,,2,0.41384567747727863
Oxabolone,P48147,0.0978745343258,0.13799999999999998,,,2,0.12340892157301814
Oxabolone,P11413,0.0978745343258,,0.5093268450932684,,2,0.344745920786281
Oxabolone,P15090,0.0978745343258,,,,1,0.09787453432580001
Oxabolone,O00519,0.0978745343258,,,,1,0.09787453432580001
Oxabolone,Q07869,0.0978745343258,0.38,,,2,0.2774089215730181
Oxabolone,O14746,0.0978745343258,,,,1,0.09787453432580001
Oxabolone,P05413,0.0978745343258,,,,1,0.09787453432580001
Oxabolone,Q01469,0.0978745343258,,,,1,0.09787453432580001
Oxabolone,Q03181,0.0978745343258,0.592,,,2,0.412318012482109
Oxabolone,P31213,0.0978745343258,,0.42903487429034876,,2,0.29657073830452924
Oxabolone,P05231,0.0978745343258,,,,1,0.09787453432580001
Oxabolone,P78536,0.0978745343258,,,,1,0.09787453432580001
Oxabolone,P15104,0.0978745343258,,,,1,0.09787453432580001
Oxabolone,P37231,0.0978745343258,0.5,,0.6489896366155794,3,0.4170333605107099
Oxabolone,O00767,0.0978745343258,,,,1,0.09787453432580001
Oxabolone,P51449,0.0978745343258,,,,1,0.09787453432580001
Oxabolone,Q08499,0.0978745343258,0.358,,,2,0.26340892157301815
Oxabolone,P10586,0.0978745343258,,,,1,0.09787453432580001
Oxabolone,P04054,0.0978745343258,,,,1,0.09787453432580001
Oxabolone,P30305,0.0978745343258,,,,1,0.09787453432580001
Oxabolone,P24666,0.0978745343258,,,,1,0.09787453432580001
Oxabolone,P01375,0.0978745343258,,,,1,0.09787453432580001
Oxabolone,P18405,0.0978745343258,,0.3471208434712085,,2,0.24742231981304508
Oxabolone,P52895,0.0978745343258,,,0.7246743893778997,2,0.3665030436338428
Oxabolone,Q04828,0.0978745343258,,,0.5831208297976809,2,0.3058372323851775
Oxabolone,P11388,0.0978745343258,0.13399999999999998,,,2,0.12086346702756362
Oxabolone,O75469,0.0978745343258,,,,1,0.09787453432580001
Oxabolone,P37058,0.0978745343258,,0.302514193025142,,2,0.22065832954540518
Oxabolone,P37059,0.0978745343258,,,,1,0.09787453432580001
Oxabolone,P60033,0.0978745343258,,,,1,0.09787453432580001
Oxabolone,P35354,0.0978745343258,0.554,,,2,0.3881361943002909
Oxabolone,O00748,0.0978745343258,,,,1,0.09787453432580001
Oxabolone,P37268,0.0978745343258,,,,1,0.09787453432580001
Oxabolone,P04035,0.0978745343258,,,,1,0.09787453432580001
Oxabolone,Q2M385,0.0978745343258,,,,1,0.09787453432580001
Oxabolone,P98170,0.0978745343258,,,,1,0.09787453432580001
Oxabolone,Q92831,0.0978745343258,,,,1,0.09787453432580001
Oxabolone,P41145,0.0978745343258,,,,1,0.09787453432580001
Oxabolone,P21554,0.0978745343258,,,,1,0.09787453432580001
Oxabolone,O14842,0.0978745343258,,,,1,0.09787453432580001
Oxabolone,P43116,0.0,,,,1,0.0
Oxabolone,P34995,0.0,,,,1,0.0
Oxabolone,P11387,0.0,0.302,,,2,0.19218181818181815
Oxabolone,P33261,0.0,,0.4128142741281427,,2,0.24768856447688561
Oxabolone,P11229,0.0,,,,1,0.0
Oxabolone,P43119,0.0,,,,1,0.0
Oxabolone,P07339,0.0,0.654,,,2,0.41618181818181815
Oxabolone,P20701,0.0,,,,1,0.0
Oxabolone,P06737,0.0,,,,1,0.0
Oxabolone,Q9UBE0 Q9UBT2,0.0,,,,1,0.0
Oxabolone,P08172,0.0,0.646,,,2,0.41109090909090906
Oxabolone,P23975,0.0,0.32799999999999996,,,2,0.20872727272727265
Oxabolone,Q15722,0.0,,,,1,0.0
Oxabolone,P11474,0.0,,,,1,0.0
Oxabolone,O95718,0.0,,,,1,0.0
Oxabolone,Q99527,0.0,,,,1,0.0
Oxabolone,O75762,0.0,,,,1,0.0
Oxabolone,Q8TDU6,0.0,,0.6731549067315491,,2,0.40389294403892945
Oxabolone,Q14994,0.0,,,0.5783086318667029,2,0.24784655651430126
Oxabolone,P35408,0.0,,,,1,0.0
Oxabolone,Q9UJM8,0.0,,,,1,0.0
Oxabolone,O60674,0.0,0.49400000000000005,,,2,0.31436363636363635
Oxabolone,P29475,0.0,,,,1,0.0
Oxabolone,P15538,0.0,0.654,,,2,0.41618181818181815
Oxandrolone,P30304,0.229974302009,,0.4168694241686942,,2,0.34211137530481656
Oxandrolone,P11511,0.127302569502,0.602,0.49148418491484186,0.7157233854267949,4,0.49096427718887176
Oxandrolone,P04035,0.127302569502,,0.2587185725871857,,2,0.20615217135311142
Oxandrolone,P18031,0.119403562123,,0.5093268450932684,,2,0.353357531905161
Oxandrolone,P11473,0.11150186548,,0.34793187347931875,,2,0.2533598702795913
Oxandrolone,P28845,0.11150186548,,0.38767234387672345,,2,0.27720415251803404
Oxandrolone,P37058,0.11150186548,,0.26763990267639903,,2,0.2051846877978394
Oxandrolone,P22303,0.11150186548,0.144,0.302514193025142,,3,0.19229956588652067
Oxandrolone,P10275,0.11150186548,0.726,0.8905109489051095,0.7475466061841619,4,0.6556856486951571
Oxandrolone,P41145,0.11150186548,,,,1,0.11150186548
Oxandrolone,P16662,0.11150186548,,0.17761557177615572,,2,0.15117008925769343
Oxandrolone,P05093,0.11150186548,,,,1,0.11150186548
Oxandrolone,Q12809,0.11150186548,0.33799999999999997,,,2,0.25563704199272724
Oxandrolone,P04278,0.11150186548,,0.39821573398215737,,2,0.2835301865812944
Oxandrolone,Q8IXJ6,0.11150186548,,,,1,0.11150186548
Oxandrolone,P18405,0.11150186548,,,,1,0.11150186548
Oxandrolone,Q8NER1,0.11150186548,,,,1,0.11150186548
Oxandrolone,P07477,0.11150186548,,,,1,0.11150186548
Oxandrolone,Q99895,0.11150186548,,,,1,0.11150186548
Oxandrolone,P04150,0.11150186548,,0.36009732360097324,,2,0.260659140352584
Oxandrolone,P30305,0.11150186548,,,,1,0.11150186548
Oxandrolone,P17252,0.11150186548,,0.20032441200324413,,2,0.16479539339394647
Oxandrolone,P00915,0.11150186548,0.378,,,2,0.2810915874472727
Oxandrolone,Q16790,0.11150186548,,,,1,0.11150186548
Oxandrolone,P06401,0.11150186548,,0.23357664233576642,0.8692132093053124,3,0.34270053414234886
Oxandrolone,P35372,0.11150186548,0.642,,,2,0.4490915874472727
Oxandrolone,P08235,0.11150186548,,0.22222222222222224,0.9503522673114295,3,0.356184430552894
Oxandrolone,P08254,0.11150186548,,,,1,0.11150186548
Oxandrolone,P14780,0.11150186548,,,,1,0.11150186548
Oxandrolone,P03956,0.11150186548,,,,1,0.11150186548
Oxandrolone,Q14994,0.11150186548,,,0.7809173050909035,2,0.3983941967418158
Oxandrolone,O75688,0.11150186548,,,,1,0.11150186548
Oxandrolone,P36873,0.11150186548,,,,1,0.11150186548
Oxandrolone,P08185,0.11150186548,,0.2887266828872669,,2,0.2178367559243601
Oxandrolone,Q9BPW0,0.0,,,,1,0.0
Oxandrolone,P62136,0.0,,,,1,0.0
Oxandrolone,P21730,0.0,,,,1,0.0
Oxandrolone,P0DMS8,0.0,,,,1,0.0
Oxandrolone,P23458,0.0,0.422,,,2,0.26854545454545453
Oxandrolone,O60674,0.0,0.602,,,2,0.383090909090909
Oxandrolone,P27361,0.0,0.36,,,2,0.22909090909090907
Oxandrolone,Q9HBA0,0.0,,,,1,0.0
Oxandrolone,Q99720,0.0,,,,1,0.0
Oxandrolone,P22001,0.0,,,,1,0.0
Oxandrolone,P32246,0.0,,,,1,0.0
Oxandrolone,P14902,0.0,,,,1,0.0
Oxandrolone,P19021,0.0,,,,1,0.0
Oxandrolone,P06737,0.0,,,,1,0.0
Oxandrolone,P08172,0.0,0.828,,,2,0.5269090909090908
Oxandrolone,P05771,0.0,,,,1,0.0
Oxandrolone,O95267,0.0,,,,1,0.0
Oxandrolone,P11413,0.0,,0.18085969180859693,,2,0.10851581508515816
Oxandrolone,P41143,0.0,,,,1,0.0
Oxandrolone,P56937,0.0,,,,1,0.0
Oxandrolone,P10827,0.0,,,,1,0.0
Oxandrolone,P52333,0.0,0.398,,0.7670163788552155,3,0.3633606526118319
Oxandrolone,P05129,0.0,,,,1,0.0
Oxandrolone,Q02156,0.0,,,,1,0.0
Oxandrolone,P24723,0.0,,,,1,0.0
Oxandrolone,Q04759,0.0,,,,1,0.0
Oxandrolone,P00734,0.0,0.82,,,2,0.5218181818181817
Oxandrolone,Q16572,0.0,,,,1,0.0
Oxandrolone,Q99683,0.0,,,,1,0.0
Oxandrolone,P00918,0.0,,,,1,0.0
Oxandrolone,P23219,0.0,0.32799999999999996,,,2,0.20872727272727265
Oxandrolone,O75899 Q9UBS5,0.0,,,,1,0.0
Oxandrolone,P29597,0.0,0.8140000000000001,,,2,0.5179999999999999
Oxandrolone,P25116,0.0,,,,1,0.0
Oxandrolone,Q16665,0.0,,,,1,0.0
Oxandrolone,P11940,0.0,,,,1,0.0
Oxandrolone,P35968,0.0,0.144,,0.3420997416468493,3,0.1453070874957534
Oxandrolone,P14625,0.0,,,,1,0.0
Oxandrolone,P37231,0.0,0.11200000000000002,,0.6565377530490959,3,0.19668666136766344
Oxandrolone,P07900,0.0,0.098,,0.5779783999581333,3,0.17285251427674286
Oxandrolone,P08238,0.0,,,,1,0.0
Oxandrolone,Q16584,0.0,,,,1,0.0
Oxandrolone,O43614,0.0,,,,1,0.0
Oxandrolone,O43613,0.0,0.394,,,2,0.2507272727272727
Oxandrolone,P14618,0.0,,,,1,0.0
Oxandrolone,P37268,0.0,,,,1,0.0
Oxandrolone,Q99500,0.0,,,,1,0.0
Oxandrolone,Q15910,0.0,,,,1,0.0
Oxandrolone,P00813,0.0,,,,1,0.0
Oxandrolone,P08581,0.0,0.13399999999999998,,0.5659792321325468,3,0.18828126402840287
Oxandrolone,P21917,0.0,,,,1,0.0
Oxandrolone,P21453,0.0,,,,1,0.0
Oxandrolone,Q05655,0.0,,0.18329278183292783,,2,0.10997566909975669
Oxandrolone,P49810 Q9NZ42 Q92542 Q96BI3 P49768 Q8WW43,0.0,,0.1841038118410381,,2,0.11046228710462286
Oxandrolone,P22460,0.0,,,,1,0.0
Oxandrolone,O60678,0.0,,,,1,0.0
Oxandrolone,Q03181,0.0,0.5980000000000001,,,2,0.3805454545454545
Oxandrolone,Q16539,0.0,0.33599999999999997,,,2,0.21381818181818177
Oxandrolone,P49336,0.0,,,,1,0.0
Oxandrolone,P41146,0.0,,,,1,0.0
Oxandrolone,P25103,0.0,,,,1,0.0
Oxandrolone,O95136,0.0,,,,1,0.0
Oxandrolone,Q9Y233,0.0,,,,1,0.0
Oxandrolone,P25101,0.0,,,,1,0.0
Oxandrolone,Q12908,0.0,,,,1,0.0
Oxandrolone,P42330,0.0,,0.2319545823195458,0.6719837480507502,3,0.2621291336976558
Oxymesterone,P11511,0.634859674355,0.576,0.910786699107867,0.27242494839662557,4,0.642671686862854
Oxymesterone,P04278,0.626506245743,,0.8645579886455799,,2,0.769337291484548
Oxymesterone,P10275,0.576544657553,0.8960000000000001,0.8629359286293593,0.7132704041337086,4,0.7947802707194641
Oxymesterone,P0DMS8,0.251528880603,,0.7469586374695865,,2,0.5487867347229518
Oxymesterone,P04150,0.243267208394,,0.8629359286293593,,2,0.6150684405352156
Oxymesterone,P05093,0.218248071833,,0.6601784266017843,,2,0.48340628469427055
Oxymesterone,Q92731,0.209877021734,0.44799999999999995,0.6918085969180859,0.2390872775508107,4,0.44218107505484733
Oxymesterone,P08185,0.209877021734,,0.7518248175182481,,2,0.5350456992045489
Oxymesterone,Q9UHC9,0.168264713882,,0.5231143552311436,,2,0.3811744986914861
Oxymesterone,P06401,0.151564691457,,0.8580697485806975,0.7349648078781875,3,0.6122747446882113
Oxymesterone,Q99720,0.151564691457,,0.6253041362530414,,2,0.43580835833462483
Oxymesterone,P03372,0.143269256947,0.16,0.6991078669910786,,3,0.34633671939614535
Oxymesterone,Q01959,0.134939008937,0.6519999999999999,0.7469586374695865,,3,0.5638534035626775
Oxymesterone,P28845,0.126610168686,,0.4776966747769667,,2,0.33726207234058003
Oxymesterone,O14684,0.126610168686,,,,1,0.126610168686
Oxymesterone,P24723,0.118277084772,,,,1,0.11827708477200001
Oxymesterone,Q06124,0.118277084772,0.406,,,2,0.30137348537163633
Oxymesterone,O60218,0.118277084772,,,,1,0.11827708477200001
Oxymesterone,P27361,0.118277084772,0.528,0.7469586374695865,,3,0.50887412728856
Oxymesterone,P56817,0.118277084772,0.10200000000000001,,0.701092568798885,3,0.23502757467747537
Oxymesterone,P17706,0.109945769839,,0.4030819140308191,,2,0.28582745635409146
Oxymesterone,P09917,0.109945769839,0.7979999999999999,,,2,0.5477984617596362
Oxymesterone,P35398,0.109945769839,,0.40227088402270883,,2,0.2853408383492253
Oxymesterone,P49354 P49356,0.101613854776,,0.40875912408759124,,2,0.28590101636295473
Oxymesterone,P35228,0.101613854776,,,,1,0.101613854776
Oxymesterone,P08235,0.101613854776,,0.6374695863746959,0.834600581771361,3,0.5180826678974044
Oxymesterone,P07148,0.101613854776,,0.448499594484996,,2,0.30974529860139755
Oxymesterone,P18031,0.101613854776,,0.5482562854825629,,2,0.3695993131999377
Oxymesterone,P31645,0.101613854776,0.392,0.6455798864557989,,3,0.41317263163757606
Oxymesterone,P30304,0.101613854776,,,,1,0.101613854776
Oxymesterone,P23141,0.101613854776,,,,1,0.101613854776
Oxymesterone,P06276,0.101613854776,0.31,0.41362530413625304,,3,0.29754160258361867
Oxymesterone,P29350,0.101613854776,,,,1,0.101613854776
Oxymesterone,P80365,0.101613854776,,0.464720194647202,,2,0.3194776586987212
Oxymesterone,Q16850,0.101613854776,,0.6155717761557178,,2,0.40998860760383066
Oxymesterone,P31213,0.101613854776,,0.5409570154095702,,2,0.3652197511561421
Oxymesterone,P11413,0.101613854776,,0.4509326845093269,,2,0.31120515261599613
Oxymesterone,P15090,0.101613854776,,,,1,0.101613854776
Oxymesterone,O00519,0.101613854776,,,,1,0.101613854776
Oxymesterone,Q07869,0.101613854776,0.434,,,2,0.31313231082763626
Oxymesterone,O14746,0.101613854776,,,,1,0.101613854776
Oxymesterone,P05413,0.101613854776,,,,1,0.101613854776
Oxymesterone,Q01469,0.101613854776,,,,1,0.101613854776
Oxymesterone,Q03181,0.101613854776,0.6060000000000001,,,2,0.4225868562821818
Oxymesterone,P05231,0.101613854776,,,,1,0.101613854776
Oxymesterone,P78536,0.101613854776,,,,1,0.101613854776
Oxymesterone,P15104,0.101613854776,,,,1,0.101613854776
Oxymesterone,P37231,0.101613854776,0.11000000000000001,,0.6674810168394996,3,0.22706417640160706
Oxymesterone,P37058,0.101613854776,,0.42984590429845904,,2,0.2985530844894754
Oxymesterone,P33261,0.101613854776,,0.6447688564476886,,2,0.4275068557790131
Oxymesterone,O00767,0.101613854776,,,,1,0.101613854776
Oxymesterone,P18405,0.101613854776,,,,1,0.101613854776
Oxymesterone,P51449,0.101613854776,,,,1,0.101613854776
Oxymesterone,Q08499,0.101613854776,0.556,,,2,0.39076867446399993
Oxymesterone,P10586,0.101613854776,,,,1,0.101613854776
Oxymesterone,P04054,0.101613854776,,,,1,0.101613854776
Oxymesterone,P30305,0.101613854776,,,,1,0.101613854776
Oxymesterone,P24666,0.101613854776,,,,1,0.101613854776
Oxymesterone,P01375,0.101613854776,,,,1,0.101613854776
Oxymesterone,P42330,0.101613854776,,,0.6218156756263248,2,0.3245574922832821
Oxymesterone,P52895,0.101613854776,,,0.723056529745801,2,0.3679464297630576
Oxymesterone,Q04828,0.101613854776,,,0.5998139596432159,2,0.3151281854333783
Oxymesterone,P54707,0.101613854776,,,,1,0.101613854776
Oxymesterone,P11388,0.101613854776,0.278,,,2,0.21385958355490908
Oxymesterone,P37268,0.101613854776,,,,1,0.101613854776
Oxymesterone,P37059,0.101613854776,,,,1,0.101613854776
Oxymesterone,O75469,0.101613854776,,0.44606650446066504,,2,0.308285444586799
Oxymesterone,P60033,0.101613854776,,,,1,0.101613854776
Oxymesterone,P35354,0.101613854776,0.546,,,2,0.3844050381003636
Oxymesterone,Q2M385,0.101613854776,,,,1,0.101613854776
Oxymesterone,P98170,0.101613854776,,,,1,0.101613854776
Oxymesterone,Q92831,0.101613854776,,,,1,0.101613854776
Oxymesterone,O00748,0.101613854776,,,,1,0.101613854776
Oxymesterone,O14842,0.101613854776,,,,1,0.101613854776
Oxymesterone,P04035,0.101613854776,,,,1,0.101613854776
Oxymesterone,P43116,0.0,,,,1,0.0
Oxymesterone,P34995,0.0,,,,1,0.0
Oxymesterone,P11387,0.0,0.082,,,2,0.052181818181818176
Oxymesterone,Q14994,0.0,,,,1,0.0
Oxymesterone,P43119,0.0,,,,1,0.0
Oxymesterone,P07339,0.0,0.382,,,2,0.24309090909090905
Oxymesterone,P14902,0.0,,,,1,0.0
Oxymesterone,P08172,0.0,0.8240000000000001,,,2,0.5243636363636363
Oxymesterone,P20701,0.0,,,,1,0.0
Oxymesterone,Q9UBE0 Q9UBT2,0.0,,,,1,0.0
Oxymesterone,P41145,0.0,,,,1,0.0
Oxymesterone,P11229,0.0,,,,1,0.0
Oxymesterone,P11474,0.0,,,,1,0.0
Oxymesterone,O95718,0.0,,,,1,0.0
Oxymesterone,Q99527,0.0,,,,1,0.0
Oxymesterone,Q15722,0.0,,,,1,0.0
Oxymesterone,O75762,0.0,,,,1,0.0
Oxymesterone,Q13133,0.0,,,,1,0.0
Oxymesterone,P06737,0.0,,,,1,0.0
Oxymesterone,P35408,0.0,,,,1,0.0
Oxymesterone,Q9UJM8,0.0,,,,1,0.0
Oxymesterone,P06746,0.0,,,,1,0.0
Oxymesterone,P08908,0.0,,,,1,0.0
Oxymesterone,P14416,0.0,0.596,,,2,0.3792727272727272
Oxymesterone,P21917,0.0,,,,1,0.0
Oxymetholone,P10275,0.97132508485,0.704,0.8937550689375506,0.6273418275820386,4,0.802892811788571
Oxymetholone,P11511,0.104671941128,0.132,0.49472830494728304,,3,0.25359162318798223
Oxymetholone,Q96RI1,0.104671941128,,0.3284671532846715,,2,0.23894906842200292
Oxymetholone,Q9UBE0 Q9UBT2,0.104671941128,,,,1,0.104671941128
Oxymetholone,P06746,0.104671941128,,,,1,0.104671941128
Oxymetholone,O14684,0.104671941128,,,,1,0.104671941128
Oxymetholone,O60218,0.104671941128,,,,1,0.104671941128
Oxymetholone,P10635,0.104671941128,0.398,,,2,0.29133525131927274
Oxymetholone,P11712,0.104671941128,0.18000000000000002,,0.9148487761677162,3,0.31594529235822494
Oxymetholone,P04278,0.104671941128,,0.5993511759935118,,2,0.4014794820473071
Oxymetholone,P05093,0.104671941128,,0.31954582319545827,,2,0.23359627036847497
Oxymetholone,P0DMS8,0.104671941128,,0.44363341443633414,,2,0.30804882511300047
Oxymetholone,P28845,0.104671941128,,0.39497161394971614,,2,0.2788517448210297
Oxymetholone,P11474,0.104671941128,,,,1,0.104671941128
Oxymetholone,O95718,0.104671941128,,,,1,0.104671941128
Oxymetholone,Q99527,0.104671941128,,,,1,0.104671941128
Oxymetholone,Q92731,0.104671941128,0.8300000000000001,,0.3955585480278398,3,0.52966881489968
Oxymetholone,P08842,0.104671941128,,,0.23094373923670714,2,0.15878842603173163
Oxymetholone,Q96PN6,0.104671941128,,,,1,0.104671941128
Oxymetholone,P14061,0.104671941128,,,0.9754914653243393,2,0.4778803086407169
Oxymetholone,P18031,0.104671941128,,0.3828061638280616,,2,0.27155247474803695
Oxymetholone,P04150,0.104671941128,,0.49716139497161393,,2,0.34016561343416835
Oxymetholone,P03372,0.104671941128,0.156,0.3884833738848337,,3,0.22597576516594128
Oxymetholone,P11388,0.104671941128,0.5359999999999999,,,2,0.3791534331374545
Oxymetholone,P30307,0.104671941128,,,,1,0.104671941128
Oxymetholone,P08185,0.104671941128,,0.49635036496350365,,2,0.3396789954293022
Oxymetholone,P30304,0.104671941128,,,,1,0.104671941128
Oxymetholone,P37058,0.104671941128,,0.3171127331711273,,2,0.23213641635387638
Oxymetholone,O15244,0.104671941128,,,,1,0.104671941128
Oxymetholone,Q9UHC9,0.104671941128,,0.31873479318734793,,2,0.23310965236360875
Oxymetholone,Q99720,0.104671941128,,0.38442822384428227,,2,0.2725257107577694
Oxymetholone,P29350,0.104671941128,,,,1,0.104671941128
Oxymetholone,P17706,0.104671941128,,0.3609083536090835,,2,0.2584137886166501
Oxymetholone,Q01959,0.104671941128,0.8620000000000001,0.3260340632603407,,3,0.4946407143572968
Oxymetholone,P15090,0.0,,,,1,0.0
Oxymetholone,O00519,0.0,,,,1,0.0
Oxymetholone,Q07869,0.0,0.182,,,2,0.11581818181818179
Oxymetholone,P05413,0.0,,,,1,0.0
Oxymetholone,Q01469,0.0,,,,1,0.0
Oxymetholone,Q03181,0.0,0.608,,,2,0.38690909090909087
Oxymetholone,P07148,0.0,,,,1,0.0
Oxymetholone,P33261,0.0,,0.44282238442822386,,2,0.2656934306569343
Oxymetholone,P47869 P47870 P18507,0.0,,0.2952149229521492,,2,0.1771289537712895
Oxymetholone,Q8TDU6,0.0,,0.4906731549067315,,2,0.2944038929440389
Oxymetholone,P31645,0.0,0.394,,,2,0.2507272727272727
Oxymetholone,P27361,0.0,0.34400000000000003,0.3260340632603407,,3,0.2567179046801203
Oxymetholone,P11413,0.0,,0.4071370640713707,,2,0.2442822384428224
Oxymetholone,P12821,0.0,0.534,,,2,0.3398181818181818
Oxymetholone,Q13133,0.0,,0.29927007299270075,,2,0.17956204379562044
Oxymetholone,Q16850,0.0,,0.31062449310624496,,2,0.18637469586374697
Oxymetholone,O00767,0.0,,,,1,0.0
Oxymetholone,P30556,0.0,,,,1,0.0
Oxymetholone,O00748,0.0,,,,1,0.0
Oxymetholone,P48147,0.0,0.13599999999999998,,,2,0.08654545454545452
Oxymetholone,P35354,0.0,0.546,,,2,0.3474545454545454
Oxymetholone,P49354 P49356,0.0,,0.3560421735604217,,2,0.21362530413625302
Oxymetholone,Q13547,0.0,,,,1,0.0
Oxymetholone,P80365,0.0,,0.31386861313868614,,2,0.18832116788321168
Oxymetholone,P37268,0.0,,,,1,0.0
Oxymetholone,O75582,0.0,,,,1,0.0
Oxymetholone,P24723,0.0,,,,1,0.0
Oxymetholone,Q06124,0.0,0.82,,,2,0.5218181818181817
Oxymetholone,P25103,0.0,,,,1,0.0
Oxymetholone,O75116,0.0,,,,1,0.0
Oxymetholone,P15121,0.0,,,,1,0.0
Oxymetholone,P06401,0.0,,0.5214922952149229,0.9441502359005578,3,0.45856957530701614
Oxymetholone,P34972,0.0,,,,1,0.0
Oxymetholone,P51449,0.0,,,,1,0.0
Oxymetholone,Q08499,0.0,0.592,,,2,0.37672727272727263
Oxymetholone,P10586,0.0,,,,1,0.0
Oxymetholone,P04054,0.0,,,,1,0.0
Oxymetholone,P30305,0.0,,,,1,0.0
Oxymetholone,P24666,0.0,,,,1,0.0
Oxymetholone,P06276,0.0,0.53,,,2,0.3372727272727272
Oxymetholone,P56817,0.0,0.098,,0.7528126796012223,3,0.2103170027716905
Oxymetholone,P35398,0.0,,,,1,0.0
Oxymetholone,O14842,0.0,,,,1,0.0
Oxymetholone,P11473,0.0,,0.302514193025142,,2,0.18150851581508518
Oxymetholone,P08913,0.0,,,,1,0.0
Oxymetholone,P18825,0.0,,,,1,0.0
Oxymetholone,P28223,0.0,,,,1,0.0
Oxymetholone,P21452,0.0,,,,1,0.0
Oxymetholone,P35372,0.0,0.874,,,2,0.5561818181818181
Oxymetholone,P35462,0.0,,,,1,0.0
Oxymetholone,P41145,0.0,,,,1,0.0
Oxymetholone,P20309,0.0,,,,1,0.0
Oxymetholone,P12104,0.0,,,,1,0.0
Oxymetholone,P10827,0.0,,,,1,0.0
Oxymetholone,Q9UBS5,0.0,,,,1,0.0
Oxymetholone,O14746,0.0,,,,1,0.0
Oxymetholone,Q9Y2T6,0.0,,,,1,0.0
Oxymetholone,Q14330,0.0,,,,1,0.0
Oxymetholone,P60033,0.0,,,,1,0.0
Oxymetholone,P00750,0.0,,,,1,0.0
Oxymetholone,P06870,0.0,,,,1,0.0
Oxymetholone,Q13464,0.0,,,,1,0.0
Oxymetholone,P00749,0.0,0.622,,,2,0.39581818181818174
Oxymetholone,P41143,0.0,,,,1,0.0
Oxymetholone,P32245,0.0,,,,1,0.0
Oxymetholone,Q9BY41,0.0,,,,1,0.0
Prasterone,P04278,1.0,,0.8864557988645579,,2,0.9318734793187348
Prasterone,P11413,1.0,,0.8864557988645579,,2,0.9318734793187348
Prasterone,P08185,0.99283030414,,0.8864557988645579,,2,0.9290056009747347
Prasterone,P11511,0.803389859052,0.8419999999999999,0.8142741281427414,0.7998280468154125,4,0.8196344172755342
Prasterone,Q92731,0.674468256106,0.8480000000000001,0.7550689375506894,0.5602020240501057,4,0.7422446360939227
Prasterone,Q13133,0.328395695981,,0.7534468775344688,,2,0.5834264049130813
Prasterone,P10275,0.303816094671,0.6960000000000001,0.8864557988645579,0.7141365619833687,4,0.6774204428910727
Prasterone,P04150,0.221330189598,,0.6739659367396594,,2,0.49291163788299563
Prasterone,Q99720,0.221330189598,,0.624493106244931,,2,0.4632279395861586
Prasterone,P05093,0.188420385827,,0.6480129764801298,,2,0.46417594021887787
Prasterone,P28845,0.130791955177,,0.49472830494728304,,2,0.34915376503916984
Prasterone,Q9UHC9,0.114337558605,,0.6609894566098946,,2,0.4423286974079368
Prasterone,P35398,0.114337558605,,0.48905109489051096,,2,0.33916568037630657
Prasterone,P03372,0.114337558605,0.5660000000000001,0.7518248175182481,,3,0.5253117140899699
Prasterone,P04035,0.114337558605,,0.6042173560421735,,2,0.4082654370673041
Prasterone,P29350,0.106099949133,,,,1,0.106099949133
Prasterone,P17706,0.106099949133,,,,1,0.106099949133
Prasterone,Q12772,0.106099949133,,0.48986212489862124,,2,0.33635725459237276
Prasterone,P06401,0.106099949133,,0.6001622060016221,0.7228235834949479,3,0.47644952177127503
Prasterone,P43116,0.106099949133,,,,1,0.106099949133
Prasterone,Q07869,0.106099949133,0.4,,,2,0.29312725423018177
Prasterone,Q03181,0.106099949133,0.5980000000000001,,,2,0.4191272542301818
Prasterone,O14684,0.106099949133,,,,1,0.106099949133
Prasterone,P31213,0.0978745343258,,0.5320356853203569,,2,0.35837122492253415
Prasterone,P08235,0.0978745343258,,0.5774533657745337,0.7239631256189204,3,0.4637005929851664
Prasterone,Q16850,0.0978745343258,,0.5296025952960259,,2,0.35691137090793557
Prasterone,P15090,0.0978745343258,,,,1,0.09787453432580001
Prasterone,O14746,0.0978745343258,,,,1,0.09787453432580001
Prasterone,P05413,0.0978745343258,,,,1,0.09787453432580001
Prasterone,Q01469,0.0978745343258,,,,1,0.09787453432580001
Prasterone,P07148,0.0978745343258,,,,1,0.09787453432580001
Prasterone,P37058,0.0978745343258,,0.5847526358475263,,2,0.3900013952388358
Prasterone,P35408,0.0978745343258,,,,1,0.09787453432580001
Prasterone,P43119,0.0978745343258,,,,1,0.09787453432580001
Prasterone,O00767,0.0978745343258,,,,1,0.09787453432580001
Prasterone,P18031,0.0978745343258,,0.7039740470397404,,2,0.46153424195416426
Prasterone,Q06124,0.0978745343258,0.604,,,2,0.41995437611847264
Prasterone,O60218,0.0978745343258,,,,1,0.09787453432580001
Prasterone,O00748,0.0978745343258,,,,1,0.09787453432580001
Prasterone,P10586,0.0978745343258,,,,1,0.09787453432580001
Prasterone,P04054,0.0978745343258,,,,1,0.09787453432580001
Prasterone,P24666,0.0978745343258,,,,1,0.09787453432580001
Prasterone,Q01959,0.0978745343258,0.882,,,2,0.5968634670275635
Prasterone,P0DMS8,0.0978745343258,,,,1,0.09787453432580001
Prasterone,P27361,0.0978745343258,0.122,,,2,0.11322710339119998
Prasterone,P24723,0.0978745343258,,,,1,0.09787453432580001
Prasterone,P51449,0.0978745343258,,0.5506893755068938,,2,0.36956343903445626
Prasterone,P37268,0.0978745343258,,,,1,0.09787453432580001
Prasterone,P37231,0.0978745343258,0.28,,0.670823945822287,3,0.3117121410550044
Prasterone,P11388,0.0978745343258,0.48199999999999993,,,2,0.342318012482109
Prasterone,P35354,0.0978745343258,0.5800000000000001,,,2,0.4046816488457455
Prasterone,P18405,0.0978745343258,,0.4841849148418491,,2,0.3296607626354295
Prasterone,P60033,0.0978745343258,,,,1,0.09787453432580001
Prasterone,P49354 P49356,0.0978745343258,,,,1,0.09787453432580001
Prasterone,P34995,0.0978745343258,,,,1,0.09787453432580001
Prasterone,Q8NER1,0.0978745343258,,,,1,0.09787453432580001
Prasterone,P31645,0.0978745343258,0.608,0.43876723438767234,,3,0.4282412672723079
Prasterone,P30304,0.0978745343258,,,,1,0.09787453432580001
Prasterone,O00519,0.0978745343258,,,,1,0.09787453432580001
Prasterone,P30305,0.0978745343258,,,,1,0.09787453432580001
Prasterone,P43088,0.0978745343258,,,,1,0.09787453432580001
Prasterone,P43115,0.0978745343258,,,,1,0.09787453432580001
Prasterone,O14842,0.0978745343258,,,,1,0.09787453432580001
Prasterone,Q4U2R8,0.0978745343258,,,,1,0.09787453432580001
Prasterone,P01375,0.0978745343258,,,,1,0.09787453432580001
Prasterone,P11387,0.0978745343258,0.51,,,2,0.36013619430029087
Prasterone,P21554,0.0978745343258,,,,1,0.09787453432580001
Prasterone,P14902,0.0978745343258,,,,1,0.09787453432580001
Prasterone,P23219,0.0978745343258,0.32,,,2,0.23922710339119996
Prasterone,P35228,0.0978745343258,,,,1,0.09787453432580001
Prasterone,Q14994,0.0978745343258,,,,1,0.09787453432580001
Prasterone,Q13258,0.0978745343258,,,,1,0.09787453432580001
Prasterone,Q9UBE0 Q9UBT2,0.0978745343258,,,,1,0.09787453432580001
Prasterone,P56817,0.0978745343258,0.3,,0.7564584420391356,3,0.34006239024432905
Prasterone,P33261,0.0978745343258,,,,1,0.09787453432580001
Prasterone,P22303,0.0978745343258,0.10600000000000001,0.4582319545823196,,3,0.22840528616453631
Prasterone,Q15722,0.0978745343258,,,,1,0.09787453432580001
Prasterone,P80365,0.0978745343258,,0.45174371451743717,,2,0.3101960424407823
Prasterone,P48147,0.0978745343258,0.144,,,2,0.1272271033912
Prasterone,P09917,0.0978745343258,0.5820000000000001,,,2,0.40595437611847274
Prasterone,P21453,0.0978745343258,,,,1,0.09787453432580001
Prasterone,P08172,0.0978745343258,0.8400000000000001,,,2,0.5701361943002908
Prasterone,P06746,0.0978745343258,,0.5020275750202757,,2,0.34036635874248544
Prasterone,P21730,0.0978745343258,,,,1,0.09787453432580001
Prasterone,P23975,0.0978745343258,0.68,,,2,0.468318012482109
Prasterone,P23141,0.0978745343258,,,,1,0.09787453432580001
Prasterone,Q08499,0.0978745343258,0.544,,,2,0.38177255793665454
Prasterone,P20701,0.0,,,,1,0.0
Prasterone,P11473,0.0,,0.47607461476074614,,2,0.2856447688564477
Prasterone,Q12809,0.0,0.254,,,2,0.1616363636363636
Prasterone,P06737,0.0,,,,1,0.0
Prasterone,Q8WWL7 P06493 P14635 O95067,0.0,,,,1,0.0
Prasterone,P06493,0.0,,,,1,0.0
Prasterone,P22001,0.0,,,,1,0.0
Prasterone,Q16572,0.0,,,,1,0.0
Prasterone,P05129,0.0,,,,1,0.0
Prasterone,P08254,0.0,,,,1,0.0
Prasterone,O60674,0.0,0.294,,,2,0.18709090909090906
Prasterone,P14780,0.0,,,,1,0.0
Prasterone,P03956,0.0,,,,1,0.0
Prostanozol,P10275,0.0,0.694,0.43552311435523117,0.7327715346536077,4,0.48347266450461046
Prostanozol,P03372,0.0,0.344,0.43146796431467965,,3,0.2939298697581222
Prostanozol,P10635,0.0,0.8699999999999999,0.49472830494728304,,3,0.532845284099041
Prostanozol,P11712,0.0,0.82,0.49472830494728304,,3,0.5122570488049234
Prostanozol,P33261,0.0,0.6839999999999999,0.49472830494728304,,3,0.4562570488049234
Prostanozol,P0DMS8,0.0,,0.43146796431467965,,2,0.25888077858880776
Prostanozol,P04150,0.0,,,,1,0.0
Prostanozol,Q01959,0.0,0.828,,,2,0.5269090909090908
Prostanozol,P06401,0.0,,0.43146796431467965,0.8998717149606519,3,0.4068017639053872
Prostanozol,P30559,0.0,,,,1,0.0
Prostanozol,P32246,0.0,,,,1,0.0
Prostanozol,P28845,0.0,,0.0016220600162205926,,2,0.0009732360097323555
Prostanozol,Q13133,0.0,,0.03730738037307379,,2,0.02238442822384427
Prostanozol,P55055,0.0,,,,1,0.0
Prostanozol,P07900,0.0,0.598,,0.6199139491445153,3,0.4318387033881104
Prostanozol,P15104,0.0,,,,1,0.0
Prostanozol,O60885,0.0,,,,1,0.0
Prostanozol,P25440,0.0,,,,1,0.0
Prostanozol,Q15059,0.0,,,,1,0.0
Prostanozol,P14061,0.0,,0.0681265206812652,0.912892091117372,3,0.2421104151876698
Prostanozol,P49841,0.0,0.378,,,2,0.24054545454545453
Prostanozol,Q8NER1,0.0,,,,1,0.0
Prostanozol,O75116,0.0,,,,1,0.0
Prostanozol,P56373,0.0,,,,1,0.0
Prostanozol,Q13085,0.0,,,,1,0.0
Prostanozol,P04035,0.0,,,,1,0.0
Prostanozol,O00763,0.0,,,,1,0.0
Prostanozol,P30536,0.0,,,,1,0.0
Prostanozol,Q96GD4,0.0,0.43200000000000005,,,2,0.2749090909090909
Prostanozol,P78368,0.0,,,,1,0.0
Prostanozol,P48729,0.0,,,,1,0.0
Prostanozol,P35968,0.0,0.636,,0.8426421684334324,3,0.49856617895002125
Prostanozol,P48730,0.0,,,,1,0.0
Prostanozol,Q02763,0.0,,,,1,0.0
Prostanozol,O14965,0.0,,,,1,0.0
Prostanozol,P47871,0.0,,,,1,0.0
Prostanozol,Q16539,0.0,0.36,,,2,0.22909090909090907
Prostanozol,Q15858,0.0,,,,1,0.0
Prostanozol,P49682,0.0,,,,1,0.0
Prostanozol,Q9UM73,0.0,,,,1,0.0
Prostanozol,P56817,0.0,0.42400000000000004,,0.5974460832621049,3,0.34002416069902247
Prostanozol,Q12809,0.0,0.876,,,2,0.5574545454545454
Prostanozol,P25103,0.0,,,,1,0.0
Prostanozol,P06737,0.0,,,,1,0.0
Prostanozol,P37058,0.0,,0.05352798053527981,,2,0.032116788321167884
Prostanozol,P00734,0.0,0.6399999999999999,,,2,0.4072727272727271
Prostanozol,P35354,0.0,0.63,,,2,0.4009090909090908
Prostanozol,P48449,0.0,,,,1,0.0
Prostanozol,Q99500,0.0,,,,1,0.0
Prostanozol,P22460,0.0,,,,1,0.0
Prostanozol,P22001,0.0,,0.0008110300081103008,,2,0.00048661800486618045
Prostanozol,P32245,0.0,,,,1,0.0
Prostanozol,P25116,0.0,,,,1,0.0
Prostanozol,Q99572,0.0,,,,1,0.0
Prostanozol,P21730,0.0,,,,1,0.0
Prostanozol,P05067,0.0,,,,1,0.0
Prostanozol,Q9Y2T6,0.0,,,,1,0.0
Prostanozol,P08235,0.0,,,0.8587006882082674,2,0.36801458066068604
Prostanozol,P09874,0.0,,,,1,0.0
Prostanozol,P41594,0.0,,,,1,0.0
Prostanozol,P49146,0.0,,,,1,0.0
Prostanozol,Q15761,0.0,,,,1,0.0
Prostanozol,Q9H2K2,0.0,,,,1,0.0
Prostanozol,O95271,0.0,,,,1,0.0
Prostanozol,P43116,0.0,,,,1,0.0
Prostanozol,P30556,0.0,,,,1,0.0
Prostanozol,Q13464,0.0,,,,1,0.0
Prostanozol,P30518,0.0,,,,1,0.0
Prostanozol,P10827,0.0,,,,1,0.0
Prostanozol,P37288,0.0,,,,1,0.0
Prostanozol,P30542,0.0,,,,1,0.0
Prostanozol,P29274,0.0,0.592,,,2,0.37672727272727263
Prostanozol,P43115,0.0,,,,1,0.0
Prostanozol,P61586,0.0,,,,1,0.0
Prostanozol,P15428,0.0,,,,1,0.0
Prostanozol,P18405,0.0,,,,1,0.0
Prostanozol,O95136,0.0,,,,1,0.0
Prostanozol,P51449,0.0,,0.03730738037307379,,2,0.02238442822384427
Prostanozol,P34913,0.0,0.314,,,2,0.1998181818181818
Prostanozol,P07333,0.0,,,,1,0.0
Prostanozol,P17948,0.0,,,,1,0.0
Prostanozol,P35916,0.0,,,,1,0.0
Prostanozol,P21554,0.0,,,,1,0.0
Prostanozol,P34972,0.0,,,,1,0.0
Prostanozol,P11511,0.0,0.812,0.28548256285482565,0.5006241121758641,4,0.4449383856828273
Prostanozol,P43220,0.0,,,,1,0.0
Prostanozol,P48067,0.0,,,,1,0.0
Prostanozol,P78527,0.0,0.378,,,2,0.24054545454545453
Prostanozol,P80365,0.0,,,,1,0.0
Prostanozol,P00519,0.0,0.388,,,2,0.24690909090909088
Prostanozol,P10721,0.0,,,,1,0.0
Prostanozol,P08069,0.0,,,,1,0.0
Prostanozol,P06213,0.0,,,,1,0.0
Prostanozol,P49810 Q9NZ42 Q92542 Q96BI3 P49768 Q8WW43,0.0,,,,1,0.0
Prostanozol,P42574,0.0,,,,1,0.0
Prostanozol,P12931,0.0,0.392,,,2,0.2494545454545454
Prostanozol,P08581,0.0,0.538,,,2,0.3423636363636363
Prostanozol,P21802,0.0,,,,1,0.0
Prostanozol,P29466,0.0,,,,1,0.0
Prostanozol,Q14416,0.0,,,,1,0.0
Quinbolone,P11511,0.109339753231,0.5399999999999999,0.805352798053528,0.6753604371915918,4,0.5537778556409971
Quinbolone,P18405,0.109339753231,,0.24574209245742093,,2,0.19118115676685254
Quinbolone,O75469,0.109339753231,,0.38037307380373075,,2,0.2719597455746384
Quinbolone,P41145,0.109339753231,,,,1,0.109339753231
Quinbolone,Q00987,0.109339753231,,,,1,0.109339753231
Quinbolone,P52732,0.109339753231,,,,1,0.109339753231
Quinbolone,P21980,0.109339753231,,,,1,0.109339753231
Quinbolone,P21730,0.0,,,,1,0.0
Quinbolone,Q07343,0.0,0.41400000000000003,,,2,0.26345454545454544
Quinbolone,P35367,0.0,,,,1,0.0
Quinbolone,Q12809,0.0,0.29400000000000004,,,2,0.18709090909090909
Quinbolone,O15151,0.0,,,,1,0.0
Quinbolone,Q9Y233,0.0,,,,1,0.0
Quinbolone,P48039,0.0,,,,1,0.0
Quinbolone,P49286,0.0,,,,1,0.0
Quinbolone,P21452,0.0,,,,1,0.0
Quinbolone,P25103,0.0,,,,1,0.0
Quinbolone,P29371,0.0,,,,1,0.0
Quinbolone,O60885,0.0,,,,1,0.0
Quinbolone,P25440,0.0,,,,1,0.0
Quinbolone,Q15059,0.0,,,,1,0.0
Quinbolone,Q9NUW8,0.0,,,,1,0.0
Quinbolone,Q96PN6,0.0,,,,1,0.0
Quinbolone,Q99835,0.0,,,,1,0.0
Quinbolone,P43490,0.0,,,,1,0.0
Quinbolone,P51681,0.0,,,,1,0.0
Quinbolone,P22460,0.0,,,,1,0.0
Quinbolone,Q92793,0.0,,,,1,0.0
Quinbolone,P43681 P17787,0.0,,,,1,0.0
Quinbolone,P36544,0.0,0.384,,,2,0.24436363636363634
Quinbolone,O60725,0.0,,,,1,0.0
Quinbolone,P24863 P49336,0.0,,,,1,0.0
Quinbolone,P42336,0.0,0.45199999999999996,,,2,0.2876363636363636
Quinbolone,O43614,0.0,,,,1,0.0
Quinbolone,O43613,0.0,0.616,,,2,0.39199999999999996
Quinbolone,P49336,0.0,,,,1,0.0
Quinbolone,P08246,0.0,0.144,,,2,0.09163636363636361
Quinbolone,P25100,0.0,,,,1,0.0
Quinbolone,P35348,0.0,,,,1,0.0
Quinbolone,Q16539,0.0,0.348,,,2,0.2214545454545454
Quinbolone,P22303,0.0,0.37,,,2,0.23545454545454544
Quinbolone,Q9UHF0,0.0,,,,1,0.0
Quinbolone,P34998,0.0,,,,1,0.0
Quinbolone,P09874,0.0,,,,1,0.0
Quinbolone,Q15761,0.0,,,,1,0.0
Quinbolone,P14416,0.0,0.62,,,2,0.39454545454545453
Quinbolone,P35462,0.0,,,,1,0.0
Quinbolone,P62942,0.0,,,,1,0.0
Quinbolone,P04626,0.0,,,,1,0.0
Quinbolone,P00533,0.0,0.542,,,2,0.3449090909090909
Quinbolone,P48067,0.0,,,,1,0.0
Quinbolone,P50406,0.0,,,,1,0.0
Quinbolone,P24941 P78396 P20248,0.0,,,,1,0.0
Quinbolone,Q08499,0.0,0.5599999999999999,,,2,0.35636363636363627
Quinbolone,Q13946,0.0,0.916,,,2,0.5829090909090908
Quinbolone,Q99685,0.0,,,,1,0.0
Quinbolone,P22001,0.0,,,,1,0.0
Quinbolone,P34949,0.0,,,,1,0.0
Quinbolone,P30411,0.0,,,,1,0.0
Quinbolone,O14920,0.0,,,,1,0.0
Quinbolone,P21917,0.0,,,,1,0.0
Quinbolone,P20309,0.0,,,,1,0.0
Quinbolone,P30419,0.0,,,,1,0.0
Quinbolone,Q9UNQ0,0.0,,,,1,0.0
Quinbolone,P05093,0.0,,0.6277372262773723,,2,0.37664233576642336
Quinbolone,P47901,0.0,,,,1,0.0
Quinbolone,P42345,0.0,0.178,,,2,0.11327272727272725
Quinbolone,Q9Y5Y4,0.0,,,,1,0.0
Quinbolone,O00767,0.0,,,,1,0.0
Quinbolone,P30536,0.0,,,,1,0.0
Quinbolone,P54289,0.0,,,,1,0.0
Quinbolone,P27815,0.0,,,,1,0.0
Quinbolone,Q08493,0.0,,,,1,0.0
Quinbolone,Q16581,0.0,,,,1,0.0
Quinbolone,P63316 P45379 P19429,0.0,,,,1,0.0
Quinbolone,Q13255,0.0,,,,1,0.0
Quinbolone,P07711,0.0,,,,1,0.0
Quinbolone,Q99572,0.0,,,,1,0.0
Quinbolone,P15538,0.0,0.636,,,2,0.40472727272727266
Quinbolone,P30559,0.0,,,,1,0.0
Quinbolone,P19099,0.0,,,,1,0.0
Quinbolone,P36507,0.0,,,,1,0.0
Quinbolone,Q16602,0.0,,,,1,0.0
Quinbolone,P35557,0.0,,,,1,0.0
Quinbolone,P08183,0.0,,0.5004055150040552,,2,0.30024330900243307
Quinbolone,O14746,0.0,,,,1,0.0
Quinbolone,O14649,0.0,,,,1,0.0
Quinbolone,P10275,0.0,0.8699999999999999,0.45904298459042986,0.7144995984921384,4,0.5493878351509496
Quinbolone,P34913,0.0,0.342,,,2,0.21763636363636363
Quinbolone,P41594,0.0,,,,1,0.0
Quinbolone,P51449,0.0,,,,1,0.0
Quinbolone,P43405,0.0,,,,1,0.0
Quinbolone,O15382,0.0,,,,1,0.0
Quinbolone,P24385 P11802,0.0,,,,1,0.0
Quinbolone,Q14524,0.0,0.33199999999999996,,,2,0.21127272727272722
Quinbolone,P00742,0.0,0.536,,,2,0.34109090909090906
Quinbolone,P29274,0.0,0.5880000000000001,,,2,0.37418181818181817
Quinbolone,P43235,0.0,,,,1,0.0
Quinbolone,Q9UBN7,0.0,,,,1,0.0
Quinbolone,P09668,0.0,,,,1,0.0
Stanozolol,P10275,0.97132508485,0.9259999999999999,0.9034874290348743,0.6178550745256192,4,0.8820895068593051
Stanozolol,P03372,0.97132508485,0.382,0.9034874290348743,,3,0.7047191125652499
Stanozolol,P0DMS8,0.97132508485,,0.9034874290348743,,2,0.9306224913609247
Stanozolol,P10635,0.97132508485,0.9339999999999999,0.9034874290348743,,3,0.9320132302123085
Stanozolol,P11712,0.97132508485,0.635,0.9034874290348743,,3,0.8088955831534851
Stanozolol,P33261,0.97132508485,,0.9034874290348743,,2,0.9306224913609247
Stanozolol,P11511,0.128898633299,0.53,0.44931062449310627,0.3381205390242244,4,0.39679099486136554
Stanozolol,P14061,0.104671941128,,0.2935928629359286,0.9708749769585825,3,0.39175922100025523
Stanozolol,P17706,0.104671941128,,0.16058394160583941,,2,0.13821914141470365
Stanozolol,P05093,0.104671941128,,0.31143552311435524,,2,0.22873009031981312
Stanozolol,Q12908,0.104671941128,,0.28629359286293593,,2,0.21364493216896158
Stanozolol,Q14973,0.104671941128,,0.3471208434712085,,2,0.2501412825339251
Stanozolol,Q9UBS5,0.0,,,,1,0.0
Stanozolol,Q8TDS4,0.0,,,,1,0.0
Stanozolol,P06401,0.0,,0.9034874290348743,0.8183680815907899,3,0.6058483706908935
Stanozolol,P14416,0.0,0.602,,,2,0.383090909090909
Stanozolol,P15121,0.0,,,,1,0.0
Stanozolol,P21728,0.0,,,,1,0.0
Stanozolol,P21917,0.0,,,,1,0.0
Stanozolol,P18031,0.0,,0.24979724249797242,,2,0.14987834549878346
Stanozolol,O15244,0.0,,,,1,0.0
Stanozolol,P23975,0.0,0.634,0.060827250608272494,,3,0.2825272649205668
Stanozolol,Q01959,0.0,0.65,,,2,0.4136363636363636
Stanozolol,Q14994,0.0,,,0.7030708268403928,2,0.3013160686458827
Stanozolol,P08913,0.0,,,,1,0.0
Stanozolol,P18825,0.0,,,,1,0.0
Stanozolol,P09917,0.0,0.42200000000000004,,,2,0.26854545454545453
Stanozolol,P21452,0.0,,,,1,0.0
Stanozolol,P35372,0.0,0.65,,,2,0.4136363636363636
Stanozolol,P41145,0.0,,0.060827250608272494,,2,0.036496350364963494
Stanozolol,P20309,0.0,,,,1,0.0
Stanozolol,P21554,0.0,,,,1,0.0
Stanozolol,P34972,0.0,,,,1,0.0
Stanozolol,P35462,0.0,,0.11273317112733172,,2,0.06763990267639904
Stanozolol,P54707,0.0,,0.07542579075425791,,2,0.04525547445255475
Stanozolol,O75116,0.0,,,,1,0.0
Stanozolol,P10827,0.0,,,,1,0.0
Stanozolol,P05186,0.0,,,,1,0.0
Stanozolol,P41143,0.0,,,,1,0.0
Stanozolol,P28845,0.0,,,,1,0.0
Stanozolol,Q8NER1,0.0,,,,1,0.0
Stanozolol,Q13547,0.0,,,,1,0.0
Stanozolol,P35354,0.0,0.368,,,2,0.23418181818181816
Stanozolol,P15538,0.0,0.876,,,2,0.5574545454545454
Stanozolol,P08684,0.0,,,,1,0.0
Stanozolol,Q9Y2T6,0.0,,,,1,0.0
Stanozolol,Q14330,0.0,,,,1,0.0
Stanozolol,P30556,0.0,,,,1,0.0
Stanozolol,P08235,0.0,,0.17842660178426603,0.9503857564149607,3,0.3016705292269599
Stanozolol,O75582,0.0,,,,1,0.0
Stanozolol,Q99720,0.0,,,,1,0.0
Stanozolol,P31213,0.0,,,,1,0.0
Stanozolol,P11413,0.0,,0.1492295214922952,,2,0.08953771289537713
Stanozolol,P37231,0.0,0.352,,,2,0.22399999999999998
Stanozolol,Q13464,0.0,,,,1,0.0
Stanozolol,P31645,0.0,0.41600000000000004,,,2,0.2647272727272727
Stanozolol,Q92731,0.0,0.818,0.12489862124898621,0.7007886156449734,4,0.42888787872144185
Stanozolol,P04278,0.0,,0.23682076236820762,,2,0.14209245742092458
Stanozolol,O60885,0.0,,,,1,0.0
Stanozolol,P35557,0.0,,,,1,0.0
Stanozolol,P16662,0.0,,,,1,0.0
Stanozolol,P07333,0.0,,,,1,0.0
Stanozolol,P24941 P78396 P20248,0.0,,,,1,0.0
Stanozolol,P00747,0.0,0.5559999999999999,,,2,0.35381818181818175
Stanozolol,P00750,0.0,,,,1,0.0
Stanozolol,P07477,0.0,,,,1,0.0
Stanozolol,P06870,0.0,,,,1,0.0
Stanozolol,P00749,0.0,0.818,,,2,0.5205454545454544
Stanozolol,P11473,0.0,,0.07623682076236821,,2,0.045742092457420926
Stanozolol,P11474,0.0,,,,1,0.0
Stanozolol,O95718,0.0,,,,1,0.0
Stanozolol,Q99527,0.0,,,,1,0.0
Stanozolol,P27487,0.0,,,,1,0.0
Stanozolol,P32245,0.0,,,,1,0.0
Stanozolol,P32246,0.0,,,,1,0.0
Stanozolol,O75469,0.0,,,,1,0.0
Stanozolol,P30304,0.0,,,,1,0.0
Stanozolol,P30305,0.0,,,,1,0.0
Stanozolol,P49810 Q9NZ42 Q92542 Q96BI3 P49768 Q8WW43,0.0,,,,1,0.0
Stanozolol,P34913,0.0,0.304,,,2,0.19345454545454543
Stanozolol,O14746,0.0,,,,1,0.0
Stanozolol,P42336,0.0,0.4,,,2,0.2545454545454545
Stanozolol,P11229,0.0,,,,1,0.0
Stanozolol,P52333,0.0,0.43,,0.8049414858065929,3,0.38748746124426997
Stanozolol,P29475,0.0,,,,1,0.0
Stanozolol,P37059,0.0,,,,1,0.0
Stanozolol,P03951,0.0,,,,1,0.0
Stanozolol,P17252,0.0,,,,1,0.0
Stanozolol,P08069,0.0,,,,1,0.0
Stanozolol,P12931,0.0,0.166,,,2,0.10563636363636363
Stanozolol,P35968,0.0,0.5740000000000001,,0.3217711913072549,3,0.3559509695658404
Stanozolol,Q9UM73,0.0,,,,1,0.0
Stanozolol,Q00987,0.0,,,,1,0.0
Stanozolol,Q96RI1,0.0,,0.45012165450121655,,2,0.27007299270072993
Stanozolol,P08185,0.0,,0.16788321167883213,,2,0.10072992700729928
Stanozolol,O00329,0.0,0.558,,,2,0.35509090909090907
Stanozolol,P42338,0.0,0.334,,,2,0.21254545454545454
Stanozolol,Q8TDU6,0.0,,0.19383617193836172,,2,0.11630170316301702
Stanozolol,P23219,0.0,0.354,,,2,0.22527272727272724
Stanozolol,Q13133,0.0,,,,1,0.0
Stenbolone,P04278,1.0,,0.9002433090024331,,2,0.9401459854014599
Stenbolone,P10275,0.837126983389,0.906,0.9042984590429846,0.7935601084187025,4,0.8748489506535009
Stenbolone,P11511,0.781363560497,0.306,0.8815896188158961,0.45857219376999225,4,0.5966354268096676
Stenbolone,P08185,0.781363560497,,0.8751013787510139,,2,0.8376062514494083
Stenbolone,P05093,0.745556242729,,0.7445255474452555,,2,0.7449378255587533
Stenbolone,P04150,0.727626876079,,0.878345498783455,,2,0.818058049701673
Stenbolone,Q99720,0.727626876079,,0.8102189781021898,,2,0.7771821372929139
Stenbolone,Q92731,0.435382123263,0.874,0.8142741281427414,0.5374054825517489,4,0.7178694854781847
Stenbolone,Q9UHC9,0.340526084149,,0.6155717761557178,,2,0.5055534993530306
Stenbolone,P06401,0.32477568738,,0.878345498783455,0.41510641880093224,3,0.6011149998941174
Stenbolone,P28845,0.285287513408,,0.767234387672344,,2,0.5744556379666064
Stenbolone,P08235,0.20626523333,,0.8337388483373884,0.8941537338358689,3,0.6546119403732259
Stenbolone,P37058,0.182601416737,,0.5239253852392538,,2,0.3873957978383523
Stenbolone,P30304,0.174646371539,,,,1,0.174646371539
Stenbolone,Q06124,0.174646371539,0.8240000000000001,,,2,0.5878714078323636
Stenbolone,O60218,0.174646371539,,0.5587996755879967,,2,0.40513835396839804
Stenbolone,Q01959,0.174646371539,0.634,0.6285482562854826,,3,0.5239926484628763
Stenbolone,P0DMS8,0.174646371539,,0.6285482562854826,,2,0.44698750238688956
Stenbolone,P27361,0.174646371539,0.338,0.6236820762368207,,3,0.40039282021040734
Stenbolone,P11413,0.16679877234,,0.5523114355231143,,2,0.3981063702498686
Stenbolone,P31213,0.158886033955,,0.5815085158150851,,2,0.41245952307105105
Stenbolone,P06276,0.150981810223,0.33799999999999997,0.592051905920519,,3,0.38366109861265374
Stenbolone,P17706,0.150981810223,,,,1,0.150981810223
Stenbolone,P18405,0.143102156498,,,,1,0.143102156498
Stenbolone,P35398,0.135202128368,,0.5896188158961881,,2,0.40785214088491284
Stenbolone,P03372,0.135202128368,0.42200000000000004,0.7299270072992701,,3,0.46319826807456593
Stenbolone,O14684,0.135202128368,,,,1,0.135202128368
Stenbolone,P24723,0.127302569502,,,,1,0.127302569502
Stenbolone,P09917,0.127302569502,0.184,,,2,0.16338275254618181
Stenbolone,P07148,0.119403562123,,0.5474452554744526,,2,0.3762285781338715
Stenbolone,P31645,0.119403562123,0.6039999999999999,0.5547445255474452,,3,0.4725930236339218
Stenbolone,Q13133,0.119403562123,,,,1,0.119403562123
Stenbolone,P35228,0.119403562123,,,,1,0.119403562123
Stenbolone,Q14994,0.119403562123,,,0.5735600306312005,2,0.3140420486265146
Stenbolone,P56817,0.119403562123,0.084,,0.6946653859336063,3,0.22497217187805849
Stenbolone,P23141,0.119403562123,,,,1,0.119403562123
Stenbolone,P29350,0.119403562123,,,,1,0.119403562123
Stenbolone,P80365,0.119403562123,,0.767234387672344,,2,0.5081020574526064
Stenbolone,P18031,0.11150186548,,0.7388483373884833,,2,0.48790974862508996
Stenbolone,P04035,0.11150186548,,0.5774533657745337,,2,0.39107276565672017
Stenbolone,P48147,0.11150186548,0.13799999999999998,,,2,0.12836431471999998
Stenbolone,P49354 P49356,0.11150186548,,,,1,0.11150186548
Stenbolone,P06746,0.11150186548,,,,1,0.11150186548
Stenbolone,P15090,0.11150186548,,,,1,0.11150186548
Stenbolone,Q07869,0.11150186548,0.42400000000000004,,,2,0.31036431472
Stenbolone,O14746,0.11150186548,,,,1,0.11150186548
Stenbolone,P05413,0.11150186548,,,,1,0.11150186548
Stenbolone,Q01469,0.11150186548,,,,1,0.11150186548
Stenbolone,Q03181,0.11150186548,0.6119999999999999,,,2,0.4300006783563635
Stenbolone,P37268,0.11150186548,,,,1,0.11150186548
Stenbolone,O00767,0.11150186548,,,,1,0.11150186548
Stenbolone,P51449,0.11150186548,,,,1,0.11150186548
Stenbolone,Q08499,0.11150186548,0.782,,,2,0.5381824965381818
Stenbolone,P10586,0.11150186548,,,,1,0.11150186548
Stenbolone,P04054,0.11150186548,,,,1,0.11150186548
Stenbolone,P24666,0.11150186548,,,,1,0.11150186548
Stenbolone,P54707,0.11150186548,,,,1,0.11150186548
Stenbolone,P01375,0.11150186548,,,,1,0.11150186548
Stenbolone,P21554,0.11150186548,,,,1,0.11150186548
Stenbolone,P05231,0.11150186548,,,,1,0.11150186548
Stenbolone,P78536,0.11150186548,,,,1,0.11150186548
Stenbolone,P15104,0.11150186548,,,,1,0.11150186548
Stenbolone,Q8TDU6,0.11150186548,,0.8759124087591241,,2,0.5701481914474745
Stenbolone,O75469,0.11150186548,,0.6334144363341444,,2,0.4246494079924866
Stenbolone,O00748,0.11150186548,,,,1,0.11150186548
Stenbolone,Q16850,0.11150186548,,0.8102189781021898,,2,0.5307321330533139
Stenbolone,P51681,0.11150186548,,,,1,0.11150186548
Stenbolone,P60033,0.11150186548,,,,1,0.11150186548
Stenbolone,O14842,0.11150186548,,,,1,0.11150186548
Stenbolone,P30305,0.11150186548,,,,1,0.11150186548
Stenbolone,P23219,0.11150186548,0.31999999999999995,,,2,0.24418249653818178
Stenbolone,P52895,0.11150186548,,,0.7773414035586426,2,0.39686166751370394
Stenbolone,Q04828,0.11150186548,,,0.6721060703545021,2,0.35176081042621515
Stenbolone,P11387,0.11150186548,0.10200000000000001,,,2,0.10545522381090909
Stenbolone,P43116,0.11150186548,,,,1,0.11150186548
Stenbolone,P14902,0.11150186548,,,,1,0.11150186548
Stenbolone,P37231,0.11150186548,0.53,,0.669107901712868,3,0.4402379405041861
Stenbolone,P07339,0.11150186548,0.6020000000000001,,,2,0.4236370419927273
Stenbolone,O00519,0.11150186548,,,,1,0.11150186548
Stenbolone,P43119,0.11150186548,,,,1,0.11150186548
Stenbolone,P33261,0.11150186548,,0.6317923763179238,,2,0.4236761719827543
Stenbolone,Q8NER1,0.11150186548,,,,1,0.11150186548
Stenbolone,Q9UBE0 Q9UBT2,0.11150186548,,,,1,0.11150186548
Stenbolone,P21730,0.11150186548,,,,1,0.11150186548
Stenbolone,P42330,0.11150186548,,,0.6152355798886335,2,0.3273877430837001
Stenbolone,P35354,0.11150186548,0.592,,,2,0.4172734056290908
Stenbolone,Q12809,0.11150186548,0.22400000000000003,,,2,0.18309158744727272
Stenbolone,Q15722,0.11150186548,,,,1,0.11150186548
Stenbolone,P35408,0.11150186548,,,,1,0.11150186548
Stenbolone,P21453,0.11150186548,,,,1,0.11150186548
Stenbolone,Q12772,0.0,,,,1,0.0
Stenbolone,P08172,0.0,0.828,,,2,0.5269090909090908
Stenbolone,P20701,0.0,,,,1,0.0
Stenbolone,P22303,0.0,0.094,0.659367396593674,,3,0.27142378703306147
Stenbolone,P14416,0.0,0.6199999999999999,,,2,0.3945454545454544
Stenbolone,P49810 Q9NZ42 Q92542 Q96BI3 P49768 Q8WW43,0.0,,,,1,0.0
Stenbolone,P23975,0.0,0.64,,,2,0.4072727272727272
Stenbolone,P06737,0.0,,,,1,0.0
Stenbolone,Q16572,0.0,,,,1,0.0
Stenbolone,Q8IV61,0.0,,,,1,0.0
Testosterone,P10275,1.0,0.944,0.8921330089213301,0.7879930144381853,4,0.9162388548421267
Testosterone,P11511,1.0,0.292,0.8921330089213301,0.6424831277527612,4,0.6662123718393133
Testosterone,P04150,1.0,,0.8921330089213301,,2,0.9352798053527981
Testosterone,P08185,1.0,,0.8921330089213301,,2,0.9352798053527981
Testosterone,Q99720,1.0,,0.8921330089213301,,2,0.9352798053527981
Testosterone,P04278,1.0,,0.8921330089213301,,2,0.9352798053527981
Testosterone,P05093,0.608446264357,,0.8134630981346309,,2,0.7314563646235785
Testosterone,Q92731,0.559164811121,0.8480000000000001,0.7688564476885645,0.6510216472078637,4,0.7369431436119489
Testosterone,P06401,0.452076479938,,0.8921330089213301,0.730277707569305,3,0.7193797766144535
Testosterone,Q9UHC9,0.320218721084,,0.748580697485807,,2,0.5772359069250842
Testosterone,P08235,0.295453304889,,0.7291159772911597,0.9083547624207505,3,0.637044105428093
Testosterone,P37058,0.246150751368,,0.5985401459854015,,2,0.4575843881384409
Testosterone,P31213,0.21312592269,,0.821573398215734,,2,0.5781944080054404
Testosterone,P28845,0.204881979723,,0.7015409570154096,,2,0.5028773660984458
Testosterone,Q01959,0.188420385827,0.41,0.6585563665855636,,3,0.4455893966365519
Testosterone,P0DMS8,0.188420385827,,0.6585563665855636,,2,0.4705019742821382
Testosterone,P27361,0.188420385827,0.13,0.6585563665855636,,3,0.330295278989493
Testosterone,P18405,0.180252493891,,0.7356042173560422,,2,0.5134635279700254
Testosterone,Q06124,0.163737226168,0.41000000000000003,,,2,0.3204499004247272
Testosterone,O60218,0.163737226168,,,,1,0.163737226168
Testosterone,P30304,0.147256737367,,,,1,0.147256737367
Testosterone,P06276,0.139061946948,0.302,0.5750202757502028,,3,0.36002173189960096
Testosterone,P17706,0.139061946948,,0.45660989456609896,,2,0.3295907155188594
Testosterone,P11413,0.139061946948,,0.5409570154095702,,2,0.3801989880249421
Testosterone,P03372,0.130791955177,0.5900000000000001,0.7396593673965937,,3,0.534772001475739
Testosterone,P35398,0.130791955177,,0.6001622060016221,,2,0.4124141056717733
Testosterone,P24723,0.122581769115,,,,1,0.122581769115
Testosterone,O14684,0.114337558605,,0.4639091646390916,,2,0.3240805222254549
Testosterone,P31645,0.114337558605,0.5940000000000001,0.5450121654501217,,3,0.46384842512474883
Testosterone,P09917,0.114337558605,0.35,,,2,0.2643045667654545
Testosterone,P07148,0.106099949133,,0.6009732360097324,,2,0.40302392125903946
Testosterone,Q14994,0.106099949133,,,0.7326853661680987,2,0.3746365564337566
Testosterone,P80365,0.106099949133,,0.7015409570154096,,2,0.4633645538624458
Testosterone,O00748,0.106099949133,,0.43227899432278993,,2,0.301807376246874
Testosterone,P23141,0.106099949133,,,,1,0.106099949133
Testosterone,P56817,0.106099949133,0.092,0.4785077047850771,0.7111627652277067,4,0.30364671604627913
Testosterone,P29350,0.106099949133,,,,1,0.106099949133
Testosterone,P35228,0.106099949133,,0.48905109489051096,,2,0.3358706365875066
Testosterone,P18031,0.106099949133,,0.6763990267639902,,2,0.44827939571159414
Testosterone,P49354 P49356,0.0978745343258,,,,1,0.09787453432580001
Testosterone,Q13133,0.0978745343258,,0.4639091646390916,,2,0.31749531251377494
Testosterone,P48147,0.0978745343258,0.162,,,2,0.13868164884574544
Testosterone,P15090,0.0978745343258,,,,1,0.09787453432580001
Testosterone,Q07869,0.0978745343258,0.418,0.5523114355231143,,3,0.3900803970848168
Testosterone,O14746,0.0978745343258,,,,1,0.09787453432580001
Testosterone,P05413,0.0978745343258,,,,1,0.09787453432580001
Testosterone,Q01469,0.0978745343258,,,,1,0.09787453432580001
Testosterone,Q03181,0.0978745343258,0.40199999999999997,,,2,0.2914089215730181
Testosterone,O00767,0.0978745343258,,,,1,0.09787453432580001
Testosterone,P04035,0.0978745343258,,0.5490673154906732,,2,0.36859020302472395
Testosterone,Q08499,0.0978745343258,0.5800000000000001,,,2,0.4046816488457455
Testosterone,P10586,0.0978745343258,,,,1,0.09787453432580001
Testosterone,P04054,0.0978745343258,,,,1,0.09787453432580001
Testosterone,P24666,0.0978745343258,,,,1,0.09787453432580001
Testosterone,P54707,0.0978745343258,,,,1,0.09787453432580001
Testosterone,P01375,0.0978745343258,,,,1,0.09787453432580001
Testosterone,P11388,0.0978745343258,0.522,,,2,0.36777255793665453
Testosterone,P37268,0.0978745343258,,,,1,0.09787453432580001
Testosterone,P05231,0.0978745343258,,,,1,0.09787453432580001
Testosterone,P78536,0.0978745343258,,,,1,0.09787453432580001
Testosterone,P15104,0.0978745343258,,,,1,0.09787453432580001
Testosterone,Q8TDU6,0.0978745343258,,0.8921330089213301,,2,0.5744296190831181
Testosterone,O75469,0.0978745343258,,0.6699107866991079,,2,0.4410962857497847
Testosterone,P14902,0.0978745343258,,,,1,0.09787453432580001
Testosterone,P60033,0.0978745343258,,,,1,0.09787453432580001
Testosterone,O14842,0.0978745343258,,,,1,0.09787453432580001
Testosterone,Q16850,0.0978745343258,,0.8921330089213301,,2,0.5744296190831181
Testosterone,Q8NER1,0.0978745343258,,,,1,0.09787453432580001
Testosterone,P37231,0.0978745343258,0.31799999999999995,0.5490673154906732,0.7106983165298644,4,0.4021998489918416
Testosterone,P52895,0.0978745343258,,,0.7273407048505168,2,0.3676457502649644
Testosterone,Q04828,0.0978745343258,,,0.5934603643468773,2,0.31026846147769027
Testosterone,P11387,0.0978745343258,0.516,,,2,0.36395437611847264
Testosterone,P43116,0.0978745343258,,,,1,0.09787453432580001
Testosterone,P23219,0.0978745343258,0.118,,,2,0.11068164884574544
Testosterone,P33261,0.0978745343258,,0.6009732360097324,,2,0.39973375533615946
Testosterone,P07339,0.0978745343258,0.624,,,2,0.4326816488457454
Testosterone,P43119,0.0978745343258,,,,1,0.09787453432580001
Testosterone,P30305,0.0978745343258,,,,1,0.09787453432580001
Testosterone,Q9UBE0 Q9UBT2,0.0978745343258,,,,1,0.09787453432580001
Testosterone,O00519,0.0978745343258,,,,1,0.09787453432580001
Testosterone,P21554,0.0978745343258,,,,1,0.09787453432580001
Testosterone,P06746,0.0978745343258,,,,1,0.09787453432580001
Testosterone,Q15722,0.0978745343258,,,,1,0.09787453432580001
Testosterone,Q12809,0.0978745343258,0.33799999999999997,,,2,0.25068164884574534
Testosterone,P35408,0.0978745343258,,,,1,0.09787453432580001
Testosterone,P22303,0.0978745343258,0.078,0.6536901865369019,,3,0.28586113273674185
Testosterone,P42330,0.0,,,0.6221168697506761,2,0.26662151560743264
Testosterone,Q12772,0.0,,,,1,0.0
Testosterone,P21730,0.0,,,,1,0.0
Testosterone,P20701,0.0,,,,1,0.0
Testosterone,P51449,0.0,,,,1,0.0
Testosterone,P08172,0.0,0.8560000000000001,,,2,0.5447272727272727
Testosterone,P23975,0.0,0.57,,,2,0.3627272727272727
Testosterone,P35354,0.0,0.352,,,2,0.22399999999999998
Testosterone,Q8IV61,0.0,,,,1,0.0
Testosterone,P06737,0.0,,,,1,0.0
Testosterone,Q9UJM8,0.0,,,,1,0.0
Testosterone,Q16572,0.0,,,,1,0.0
Testosterone,P49810 Q9NZ42 Q92542 Q96BI3 P49768 Q8WW43,0.0,,,,1,0.0
Testosterone,P08254,0.0,,,,1,0.0
Tetrahydrogestrinone,P04278,0.751504378688,,0.8313057583130575,,2,0.7993852064630345
Tetrahydrogestrinone,P10275,0.693214570685,0.6699999999999999,0.896999188969992,0.6900942578120062,4,0.7457568094997985
Tetrahydrogestrinone,P08235,0.693214570685,,0.8094079480940796,0.4543836965700112,3,0.6917274662318853
Tetrahydrogestrinone,P04150,0.693214570685,,0.8183292781832928,0.8823204438054141,3,0.7945996371735383
Tetrahydrogestrinone,P06401,0.693214570685,,0.8118410381184104,0.44943024546597515,3,0.6917073267575682
Tetrahydrogestrinone,P11511,0.143269256947,0.5720000000000001,0.5409570154095702,,3,0.46016583060267185
Tetrahydrogestrinone,P05093,0.101613854776,,0.39902676399026765,,2,0.28006160030456057
Tetrahydrogestrinone,Q9UJM8,0.101613854776,,,,1,0.101613854776
Tetrahydrogestrinone,P31213,0.101613854776,,0.31062449310624496,,2,0.22702023777414698
Tetrahydrogestrinone,P11388,0.101613854776,0.372,,,2,0.27367776537309085
Tetrahydrogestrinone,Q9UHC9,0.101613854776,,0.4395782643957826,,2,0.30439250054786954
Tetrahydrogestrinone,P35398,0.101613854776,,0.33738848337388483,0.8527167719096312,3,0.3837643565443233
Tetrahydrogestrinone,P08185,0.101613854776,,0.48905109489051096,,2,0.3340761988447066
Tetrahydrogestrinone,Q92731,0.101613854776,0.77,0.39983779399837793,0.6851818269306962,4,0.5125513831943178
Tetrahydrogestrinone,P21730,0.101613854776,,,,1,0.101613854776
Tetrahydrogestrinone,P34972,0.101613854776,,,,1,0.101613854776
Tetrahydrogestrinone,Q01959,0.101613854776,0.602,0.47283049472830496,,3,0.43867284632199
Tetrahydrogestrinone,Q8NER1,0.101613854776,,,,1,0.101613854776
Tetrahydrogestrinone,P14902,0.101613854776,,,,1,0.101613854776
Tetrahydrogestrinone,P0DMS8,0.101613854776,,0.47283049472830496,,2,0.32434383874738293
Tetrahydrogestrinone,P27361,0.101613854776,0.5439999999999999,0.47283049472830496,,3,0.4147904933808135
Tetrahydrogestrinone,P28845,0.101613854776,,0.34306569343065696,,2,0.2464849579687942
Tetrahydrogestrinone,O00748,0.101613854776,,0.27899432278994324,,2,0.20804213558436596
Tetrahydrogestrinone,Q12809,0.101613854776,0.148,,,2,0.13113231082763635
Tetrahydrogestrinone,P18054,0.101613854776,,,,1,0.101613854776
Tetrahydrogestrinone,P32246,0.101613854776,,,,1,0.101613854776
Tetrahydrogestrinone,P37268,0.101613854776,,,,1,0.101613854776
Tetrahydrogestrinone,Q99720,0.101613854776,,0.3974047039740471,,2,0.27908836429482825
Tetrahydrogestrinone,P23458,0.101613854776,0.418,,,2,0.30295049264581814
Tetrahydrogestrinone,O60674,0.101613854776,0.5740000000000001,,,2,0.4022232199185454
Tetrahydrogestrinone,Q06124,0.101613854776,0.8140000000000001,,,2,0.5549504926458182
Tetrahydrogestrinone,Q9NR96,0.101613854776,,,,1,0.101613854776
Tetrahydrogestrinone,Q00613,0.101613854776,,,,1,0.101613854776
Tetrahydrogestrinone,P49354 P49356,0.101613854776,,,,1,0.101613854776
Tetrahydrogestrinone,P49810 Q9NZ42 Q92542 Q96BI3 P49768 Q8WW43,0.101613854776,,,,1,0.101613854776
Tetrahydrogestrinone,P16662,0.101613854776,,,,1,0.101613854776
Tetrahydrogestrinone,P11413,0.101613854776,,0.30575831305758316,,2,0.2241005297449499
Tetrahydrogestrinone,O60218,0.0,,,,1,0.0
Tetrahydrogestrinone,P06746,0.0,,,,1,0.0
Tetrahydrogestrinone,P08254,0.0,,,,1,0.0
Tetrahydrogestrinone,P14780,0.0,,,,1,0.0
Tetrahydrogestrinone,P03956,0.0,,,,1,0.0
Tetrahydrogestrinone,P22001,0.0,,,,1,0.0
Tetrahydrogestrinone,Q16572,0.0,,,,1,0.0
Tetrahydrogestrinone,P52333,0.0,0.41400000000000003,,0.41753955384155844,3,0.2964727615374768
Tetrahydrogestrinone,P06737,0.0,,,,1,0.0
Tetrahydrogestrinone,P29597,0.0,0.8160000000000001,,,2,0.5192727272727272
Tetrahydrogestrinone,P56817,0.0,0.166,,0.5250702089027208,3,0.19551504476486875
Tetrahydrogestrinone,P18031,0.0,,0.35766423357664234,,2,0.2145985401459854
Tetrahydrogestrinone,Q99683,0.0,,,,1,0.0
Tetrahydrogestrinone,P05067,0.0,,,,1,0.0
Tetrahydrogestrinone,P13631,0.0,,,,1,0.0
Tetrahydrogestrinone,P10826,0.0,,,,1,0.0
Tetrahydrogestrinone,P10276,0.0,,,,1,0.0
Tetrahydrogestrinone,P11229,0.0,,,,1,0.0
Tetrahydrogestrinone,P20309,0.0,,,,1,0.0
Tetrahydrogestrinone,P05129,0.0,,,,1,0.0
Tetrahydrogestrinone,Q05655,0.0,,,,1,0.0
Tetrahydrogestrinone,P05771,0.0,,,,1,0.0
Tetrahydrogestrinone,Q02156,0.0,,,,1,0.0
Tetrahydrogestrinone,Q04759,0.0,,,,1,0.0
Tetrahydrogestrinone,O95267,0.0,,,,1,0.0
Tetrahydrogestrinone,P24723,0.0,,,,1,0.0
Tetrahydrogestrinone,P32247,0.0,,,,1,0.0
Tetrahydrogestrinone,Q16665,0.0,,,,1,0.0
Tetrahydrogestrinone,P08173,0.0,,,,1,0.0
Tetrahydrogestrinone,P08912,0.0,,,,1,0.0
Tetrahydrogestrinone,P11712,0.0,0.596,,0.7288207943386509,3,0.4541758845011395
Tetrahydrogestrinone,P14625,0.0,,,,1,0.0
Tetrahydrogestrinone,P10827,0.0,,,,1,0.0
Tetrahydrogestrinone,Q9BV23,0.0,,,,1,0.0
Tetrahydrogestrinone,P34913,0.0,0.296,,,2,0.18836363636363632
Tetrahydrogestrinone,P07900,0.0,0.742,,,2,0.4721818181818181
Tetrahydrogestrinone,P08238,0.0,,,,1,0.0
Tetrahydrogestrinone,P43119,0.0,,,,1,0.0
Tetrahydrogestrinone,P37231,0.0,0.364,,0.10691286450314376,3,0.20490989953638794
Tetrahydrogestrinone,Q15722,0.0,,,,1,0.0
Tetrahydrogestrinone,Q9Y233,0.0,,,,1,0.0
Tetrahydrogestrinone,P49336,0.0,,,,1,0.0
Tetrahydrogestrinone,P11940,0.0,,,,1,0.0
Tetrahydrogestrinone,P25116,0.0,,,,1,0.0
Tetrahydrogestrinone,Q13133,0.0,,,,1,0.0
Tetrahydrogestrinone,P01375,0.0,,,,1,0.0
Tetrahydrogestrinone,P30518,0.0,,,,1,0.0
Tetrahydrogestrinone,P37288,0.0,,,,1,0.0
Tetrahydrogestrinone,Q07869,0.0,0.42800000000000005,,0.5763374318992084,3,0.3375008782641161
Tetrahydrogestrinone,Q03181,0.0,0.608,,,2,0.38690909090909087
Tetrahydrogestrinone,P48039,0.0,,,,1,0.0
Tetrahydrogestrinone,P49286,0.0,,,,1,0.0
Tetrahydrogestrinone,P43088,0.0,,,,1,0.0
Tetrahydrogestrinone,Q4U2R8,0.0,,,,1,0.0
Tetrahydrogestrinone,Q16584,0.0,,,,1,0.0
Tetrahydrogestrinone,P25774,0.0,,,,1,0.0
Tetrahydrogestrinone,P09874,0.0,,,,1,0.0
Tetrahydrogestrinone,P23415,0.0,,,,1,0.0
Tetrahydrogestrinone,P80365,0.0,,0.3422546634225466,,2,0.20535279805352796
Tetrahydrogestrinone,P03372,0.0,0.5080000000000001,0.34955393349553937,,3,0.3325484471160728
Tetrahydrogestrinone,P35968,0.0,0.33199999999999996,,0.8183442976969755,3,0.3413594923636376
Tetrahydrogestrinone,P22460,0.0,,,,1,0.0
Tetrahydrogestrinone,P31645,0.0,0.42400000000000004,0.41038118410381186,,3,0.31942865321311004
Tibolone,P10275,1.0,0.47400000000000003,0.8896999188969993,0.7501664089330276,4,0.745334937009054
Tibolone,P03372,1.0,0.20800000000000002,0.8896999188969993,,3,0.6349529125518821
Tibolone,P31645,1.0,0.388,0.8896999188969993,,3,0.7090705596107056
Tibolone,P33261,1.0,,0.8896999188969993,,2,0.9338199513381996
Tibolone,P04278,0.234886157898,,0.6918085969180859,,2,0.5090396213100515
Tibolone,P04150,0.18493005241,,0.6090835360908353,,2,0.4394221426185012
Tibolone,P06401,0.159936683278,,0.8896999188969993,0.7052433874380067,3,0.622590492985232
Tibolone,P11511,0.101613854776,0.382,0.3446877534468775,,3,0.3028577611638391
Tibolone,Q92731,0.101613854776,0.638,0.3828061638280616,,3,0.42172308247484525
Tibolone,Q16850,0.101613854776,,0.3171127331711273,,2,0.2309131818130764
Tibolone,P30304,0.101613854776,,,,1,0.101613854776
Tibolone,Q08499,0.101613854776,0.37,,,2,0.2724050381003636
Tibolone,P10586,0.101613854776,,,,1,0.101613854776
Tibolone,P17706,0.101613854776,,0.2635847526358475,,2,0.19879639349190853
Tibolone,P04054,0.101613854776,,,,1,0.101613854776
Tibolone,P24666,0.101613854776,,,,1,0.101613854776
Tibolone,O60218,0.101613854776,,,,1,0.101613854776
Tibolone,P29350,0.101613854776,,,,1,0.101613854776
Tibolone,P04035,0.101613854776,,0.26601784266017847,,2,0.20025624750650708
Tibolone,P08185,0.101613854776,,0.38605028386050283,,2,0.27227571222670166
Tibolone,O14684,0.101613854776,,,,1,0.101613854776
Tibolone,P05093,0.101613854776,,0.3146796431467964,,2,0.22945332779847785
Tibolone,P60033,0.101613854776,,,,1,0.101613854776
Tibolone,P48147,0.101613854776,0.43599999999999994,,,2,0.3144050381003635
Tibolone,Q9UHC9,0.101613854776,,0.2725060827250608,,2,0.2041491915454365
Tibolone,P28845,0.101613854776,,0.26763990267639903,,2,0.20122948351623943
Tibolone,P15090,0.101613854776,,,0.5884239798377631,2,0.3102467655167556
Tibolone,Q07869,0.101613854776,0.40800000000000003,,,2,0.2965868562821818
Tibolone,P07339,0.101613854776,0.384,,,2,0.2813141290094545
Tibolone,O14746,0.101613854776,,,,1,0.101613854776
Tibolone,P05413,0.101613854776,,,,1,0.101613854776
Tibolone,Q01469,0.101613854776,,,,1,0.101613854776
Tibolone,Q03181,0.101613854776,0.6040000000000001,,,2,0.42131412900945453
Tibolone,P07148,0.101613854776,,0.22546634225466344,,2,0.17592534726319808
Tibolone,P43116,0.0,,,,1,0.0
Tibolone,Q9UBS5,0.0,,,,1,0.0
Tibolone,Q99720,0.0,,0.31792376317923765,,2,0.19075425790754258
Tibolone,O00767,0.0,,,,1,0.0
Tibolone,P11413,0.0,,0.3098134630981347,,2,0.1858880778588808
Tibolone,P35354,0.0,0.5900000000000001,,,2,0.37545454545454543
Tibolone,P43119,0.0,,,,1,0.0
Tibolone,P35968,0.0,0.31799999999999995,,0.6029846989745428,3,0.28821100692311624
Tibolone,P24723,0.0,,,,1,0.0
Tibolone,Q06124,0.0,0.744,,,2,0.47345454545454535
Tibolone,P10721,0.0,,,,1,0.0
Tibolone,P36888,0.0,0.592,,,2,0.37672727272727263
Tibolone,P30305,0.0,,,,1,0.0
Tibolone,P18031,0.0,,0.2749391727493917,,2,0.16496350364963502
Tibolone,Q12809,0.0,0.33999999999999997,,,2,0.2163636363636363
Tibolone,P06276,0.0,0.11800000000000002,,,2,0.0750909090909091
Tibolone,O75582,0.0,,,,1,0.0
Tibolone,Q13133,0.0,,0.26034063260340634,,2,0.1562043795620438
Tibolone,P11388,0.0,0.476,,,2,0.30290909090909085
Tibolone,P34995,0.0,,,,1,0.0
Tibolone,P35408,0.0,,,,1,0.0
Tibolone,O14842,0.0,,,,1,0.0
Tibolone,P35398,0.0,,,0.6680405383831287,2,0.28630308787848374
Tibolone,P21554,0.0,,,,1,0.0
Tibolone,P49354 P49356,0.0,,,,1,0.0
Tibolone,P51449,0.0,,,,1,0.0
Tibolone,P14780,0.0,,,,1,0.0
Tibolone,P03956,0.0,,,,1,0.0
Tibolone,P50281,0.0,,,,1,0.0
Tibolone,P20701,0.0,,,,1,0.0
Tibolone,Q9UBN7,0.0,,,,1,0.0
Tibolone,P35372,0.0,0.51,,,2,0.3245454545454545
Tibolone,Q16539,0.0,0.368,,,2,0.23418181818181816
Tibolone,P01375,0.0,,,,1,0.0
Tibolone,P06737,0.0,,,,1,0.0
Tibolone,P08913,0.0,,,,1,0.0
Tibolone,P18825,0.0,,,,1,0.0
Tibolone,P28223,0.0,,,,1,0.0
Tibolone,P21452,0.0,,,,1,0.0
Tibolone,P35462,0.0,,,,1,0.0
Tibolone,P41145,0.0,,,,1,0.0
Tibolone,P20309,0.0,,,,1,0.0
Tibolone,P11712,0.0,0.386,,,2,0.24563636363636362
Tibolone,Q8NE63,0.0,,,,1,0.0
Tibolone,Q14004,0.0,,,,1,0.0
Tibolone,P07333,0.0,,,,1,0.0
Tibolone,P00519,0.0,0.568,,,2,0.36145454545454536
Tibolone,P17948,0.0,,,,1,0.0
Tibolone,P09619,0.0,,,,1,0.0
Tibolone,P35916,0.0,,,,1,0.0
Tibolone,P16234,0.0,,,,1,0.0
Tibolone,P00533,0.0,0.292,,,2,0.18581818181818177
Tibolone,P07949,0.0,,,,1,0.0
Tibolone,Q96GD4,0.0,0.344,,,2,0.21890909090909086
Tibolone,P53779,0.0,,,,1,0.0
Tibolone,Q04912,0.0,,,,1,0.0
Tibolone,Q9H1R3,0.0,,,,1,0.0
Tibolone,P04629,0.0,0.322,,,2,0.20490909090909087
Tibolone,O75116,0.0,,,,1,0.0
Tibolone,P50613,0.0,,,,1,0.0
Tibolone,P06493,0.0,,,,1,0.0
Tibolone,P50750,0.0,,,,1,0.0
Tibolone,O75676,0.0,,,,1,0.0
Tibolone,P29323,0.0,,,,1,0.0
Tibolone,P08581,0.0,0.33199999999999996,,,2,0.21127272727272722
Tibolone,O00444,0.0,,,,1,0.0
Trenbolone,P10275,0.921528282085,0.696,0.896999188969992,0.6919584001245819,4,0.8007991731266847
Trenbolone,P04278,0.90504771008,,0.7753446877534469,,2,0.8272258966840681
Trenbolone,P04150,0.878692827029,,0.8110300081103001,,2,0.8380951356777802
Trenbolone,P08235,0.673980204067,,0.7915652879156528,0.9237553489601202,3,0.7858906608186368
Trenbolone,P06401,0.673980204067,,0.7761557177615572,0.7830347715548964,3,0.7463045721155409
Trenbolone,P11511,0.215238178243,0.358,0.5685320356853203,0.6716867714151422,4,0.43966026206646747
Trenbolone,P31213,0.116965063224,,0.5231143552311436,,2,0.36065463842828616
Trenbolone,P08185,0.100578902067,,0.5660989456609895,,2,0.3798909282233937
Trenbolone,Q92731,0.100578902067,0.768,0.4955393349553934,0.40097554097671695,4,0.4977239120465255
Trenbolone,Q99720,0.100578902067,,0.5466342254663422,,2,0.3682120961066053
Trenbolone,Q9UJM8,0.100578902067,,,,1,0.100578902067
Trenbolone,P05093,0.100578902067,,0.3398215733982158,,2,0.24412450486572945
Trenbolone,P11388,0.100578902067,0.32799999999999996,,,2,0.24530141893345447
Trenbolone,Q9UHC9,0.100578902067,,0.3592862935928629,,2,0.2558033369825177
Trenbolone,P35398,0.100578902067,,0.3527980535279805,,2,0.2519103929435883
Trenbolone,P11413,0.100578902067,,0.32278994322789945,,2,0.23390552676353965
Trenbolone,P18405,0.100578902067,,0.29764801297648014,,2,0.21882036861268805
Trenbolone,P28845,0.100578902067,,0.33657745336577455,,2,0.2421780328462647
Trenbolone,O00748,0.100578902067,,,,1,0.100578902067
Trenbolone,Q8NER1,0.100578902067,,,,1,0.100578902067
Trenbolone,P43116,0.100578902067,,,,1,0.100578902067
Trenbolone,P34972,0.100578902067,,,,1,0.100578902067
Trenbolone,P18054,0.100578902067,,,,1,0.100578902067
Trenbolone,P15121,0.100578902067,,,,1,0.100578902067
Trenbolone,Q01959,0.100578902067,0.5900000000000001,0.24330900243309003,,3,0.352480566050973
Trenbolone,P0DMS8,0.100578902067,,,,1,0.100578902067
Trenbolone,P27361,0.100578902067,0.538,,,2,0.37893778256981814
Trenbolone,P16662,0.100578902067,,,,1,0.100578902067
Trenbolone,Q8WWL7 P06493 P14635 O95067,0.100578902067,,,,1,0.100578902067
Trenbolone,P06493,0.100578902067,,,,1,0.100578902067
Trenbolone,O14746,0.100578902067,,,,1,0.100578902067
Trenbolone,Q06124,0.100578902067,0.584,,,2,0.40821050984254537
Trenbolone,Q00613,0.100578902067,,,,1,0.100578902067
Trenbolone,P35408,0.100578902067,,,,1,0.100578902067
Trenbolone,P34913,0.100578902067,0.506,,,2,0.3585741462061818
Trenbolone,P23458,0.100578902067,0.41600000000000004,,,2,0.3013014189334545
Trenbolone,O60674,0.100578902067,0.5479999999999999,,,2,0.3853014189334545
Trenbolone,P49810 Q9NZ42 Q92542 Q96BI3 P49768 Q8WW43,0.100578902067,,,,1,0.100578902067
Trenbolone,P18031,0.100578902067,,0.2960259529602596,,2,0.21784713260295574
Trenbolone,P06737,0.100578902067,,,,1,0.100578902067
Trenbolone,O60218,0.0,,,,1,0.0
Trenbolone,P52333,0.0,0.4119999999999999,,0.794632714352305,3,0.37627843878977957
Trenbolone,P29597,0.0,0.808,,,2,0.5141818181818182
Trenbolone,Q16572,0.0,,,,1,0.0
Trenbolone,P08254,0.0,,,,1,0.0
Trenbolone,P14780,0.0,,,,1,0.0
Trenbolone,P03956,0.0,,,,1,0.0
Trenbolone,P13631,0.0,,,,1,0.0
Trenbolone,P10826,0.0,,,,1,0.0
Trenbolone,P10276,0.0,,,,1,0.0
Trenbolone,P05129,0.0,,,,1,0.0
Trenbolone,P24723,0.0,,,,1,0.0
Trenbolone,P25101,0.0,,,,1,0.0
Trenbolone,Q05655,0.0,,,,1,0.0
Trenbolone,P05771,0.0,,,,1,0.0
Trenbolone,Q02156,0.0,,,,1,0.0
Trenbolone,Q04759,0.0,,,,1,0.0
Trenbolone,O95267,0.0,,,,1,0.0
Trenbolone,P21453,0.0,,,,1,0.0
Trenbolone,P45983,0.0,0.386,,,2,0.24563636363636362
Trenbolone,P45984,0.0,,,,1,0.0
Trenbolone,P21730,0.0,,,,1,0.0
Trenbolone,P22001,0.0,,,,1,0.0
Trenbolone,P14902,0.0,,,,1,0.0
Trenbolone,P15538,0.0,0.86,,,2,0.5472727272727272
Trenbolone,P19099,0.0,,,,1,0.0
Trenbolone,P48039,0.0,,,,1,0.0
Trenbolone,P49286,0.0,,,,1,0.0
Trenbolone,P43119,0.0,,,,1,0.0
Trenbolone,P47869 P47870 P18507,0.0,,,,1,0.0
Trenbolone,P06746,0.0,,,,1,0.0
Trenbolone,Q15722,0.0,,,,1,0.0
Trenbolone,P30304,0.0,,,,1,0.0
Trenbolone,Q13946,0.0,0.716,,,2,0.45563636363636356
Trenbolone,P01375,0.0,,,,1,0.0
Trenbolone,Q07869,0.0,0.434,,,2,0.27618181818181814
Trenbolone,Q03181,0.0,0.61,,,2,0.38818181818181813
Trenbolone,Q12809,0.0,0.154,,,2,0.09799999999999999
Trenbolone,P09874,0.0,,,,1,0.0
Trenbolone,P43088,0.0,,,,1,0.0
Trenbolone,Q4U2R8,0.0,,,,1,0.0
Trenbolone,Q99683,0.0,,,,1,0.0
Trenbolone,P37231,0.0,0.546,,0.7526526110649938,3,0.4342827023710701
Trenbolone,O60678,0.0,,,,1,0.0
Trenbolone,P09917,0.0,0.39,,,2,0.24818181818181814
Trenbolone,P23415,0.0,,,,1,0.0
Trenbolone,P32246,0.0,,,,1,0.0
Trenbolone,P41143,0.0,,,,1,0.0
Trenbolone,P41145,0.0,,,,1,0.0
Trenbolone,P22460,0.0,,,,1,0.0
Trenbolone,P17706,0.0,,,,1,0.0
Trenbolone,P37058,0.0,,0.3154906731549067,,2,0.18929440389294402
Trenbolone,P49354 P49356,0.0,,,,1,0.0
Trenbolone,O14757,0.0,,,0.7228626499792364,2,0.3097982785625299
Trenbolone,Q8IV61,0.0,,,,1,0.0
Trenbolone,P10145,0.0,,,,1,0.0
Trenbolone,P08173,0.0,,,,1,0.0
Trenbolone,Q15078 Q00535,0.0,,,,1,0.0
Trenbolone,P08912,0.0,,,,1,0.0
Trenbolone,P11229,0.0,,,,1,0.0
Trestolone,P10275,1.0,0.924,0.7842660178426601,0.7860032332991976,4,0.8765802903476777
Trestolone,P11511,1.0,0.31599999999999995,0.7412814274128143,0.3607475593526083,4,0.5870965621267356
Trestolone,P04150,1.0,,0.7396593673965937,,2,0.8437956204379562
Trestolone,P08185,1.0,,0.7842660178426601,,2,0.8705596107055961
Trestolone,Q99720,1.0,,0.6974858069748581,,2,0.8184914841849149
Trestolone,P04278,1.0,,0.789132197891322,,2,0.8734793187347932
Trestolone,P05093,0.666318839206,,0.6553122465531225,,2,0.6597148836142734
Trestolone,P06401,0.575618920504,,0.7842660178426601,0.4812928113352507,3,0.650150017159824
Trestolone,Q92731,0.534504956631,0.852,0.6958637469586375,0.35991939733449824,4,0.667848025013966
Trestolone,P08235,0.394383191906,,0.6828872668288727,0.9424826028789877,3,0.6540233982487845
Trestolone,Q9UHC9,0.320218721084,,0.46553122465531227,,2,0.4074062232267874
Trestolone,P37058,0.254289911931,,0.4509326845093269,,2,0.37227557547799617
Trestolone,P31213,0.237885167579,,0.7242497972424979,,2,0.5297039453770988
Trestolone,P28845,0.221330189598,,0.6204379562043796,,2,0.4607948495618277
Trestolone,P18405,0.204881979723,,0.6374695863746959,,2,0.46443454371401754
Trestolone,Q01959,0.196657136121,0.43200000000000005,0.5628548256285483,,3,0.42280926460325235
Trestolone,P0DMS8,0.196657136121,,0.4776966747769667,,2,0.36528085931458
Trestolone,P27361,0.196657136121,0.13599999999999998,0.4776966747769667,,3,0.27087109371445883
Trestolone,P30304,0.171978589411,,,,1,0.171978589411
Trestolone,Q06124,0.163737226168,0.734,,,2,0.5266317186065453
Trestolone,O60218,0.163737226168,,,,1,0.163737226168
Trestolone,P11413,0.139061946948,,0.5093268450932684,,2,0.36122088583516104
Trestolone,P06276,0.139061946948,0.32399999999999995,0.44931062449310627,,3,0.32471244322062576
Trestolone,P17706,0.139061946948,,,,1,0.139061946948
Trestolone,P35398,0.130791955177,,,,1,0.130791955177
Trestolone,P03372,0.122581769115,0.382,0.6707218167072181,,3,0.42286223392372396
Trestolone,P24723,0.122581769115,,,,1,0.122581769115
Trestolone,O14684,0.114337558605,,,,1,0.11433755860500001
Trestolone,P31645,0.114337558605,0.38,0.5823195458231955,,3,0.3888980887858337
Trestolone,P07148,0.106099949133,,0.4444444444444445,,2,0.3091066463198667
Trestolone,P09917,0.106099949133,0.16,,,2,0.14039998150290908
Trestolone,P80365,0.106099949133,,0.6204379562043796,,2,0.41470275337582774
Trestolone,Q14994,0.106099949133,,,0.5928961633753683,2,0.31472689809401505
Trestolone,P56817,0.106099949133,0.31999999999999995,0.4339010543390105,0.634311434917055,4,0.35853702136586135
Trestolone,P23141,0.106099949133,,,,1,0.106099949133
Trestolone,P18031,0.106099949133,,0.5150040551500406,,2,0.35144241274322435
Trestolone,P29350,0.106099949133,,,,1,0.106099949133
Trestolone,P35228,0.106099949133,,,,1,0.106099949133
Trestolone,P49354 P49356,0.106099949133,,,,1,0.106099949133
Trestolone,Q13133,0.0978745343258,,,,1,0.09787453432580001
Trestolone,P48147,0.0978745343258,0.164,,,2,0.13995437611847272
Trestolone,P15090,0.0978745343258,,,0.5437247751283651,2,0.28895320895547083
Trestolone,Q07869,0.0978745343258,0.43,,,2,0.30922710339119996
Trestolone,O14746,0.0978745343258,,,,1,0.09787453432580001
Trestolone,P05413,0.0978745343258,,,,1,0.09787453432580001
Trestolone,Q01469,0.0978745343258,,,,1,0.09787453432580001
Trestolone,Q03181,0.0978745343258,0.6040000000000001,,,2,0.41995437611847275
Trestolone,P04035,0.0978745343258,,,,1,0.09787453432580001
Trestolone,O00767,0.0978745343258,,,,1,0.09787453432580001
Trestolone,Q08499,0.0978745343258,0.5780000000000001,,,2,0.40340892157301816
Trestolone,P10586,0.0978745343258,,,,1,0.09787453432580001
Trestolone,P04054,0.0978745343258,,,,1,0.09787453432580001
Trestolone,P24666,0.0978745343258,,,,1,0.09787453432580001
Trestolone,P14902,0.0978745343258,,,,1,0.09787453432580001
Trestolone,P37268,0.0978745343258,,,,1,0.09787453432580001
Trestolone,P54707,0.0978745343258,,,,1,0.09787453432580001
Trestolone,P01375,0.0978745343258,,,,1,0.09787453432580001
Trestolone,P11388,0.0978745343258,0.20600000000000002,,,2,0.16668164884574543
Trestolone,O75469,0.0978745343258,,0.5450121654501217,,2,0.366157113000393
Trestolone,P05231,0.0978745343258,,,,1,0.09787453432580001
Trestolone,P78536,0.0978745343258,,,,1,0.09787453432580001
Trestolone,P15104,0.0978745343258,,,,1,0.09787453432580001
Trestolone,Q8TDU6,0.0978745343258,,0.7388483373884833,,2,0.48245881616340996
Trestolone,P37231,0.0978745343258,0.344,,0.271828350486497,3,0.25821308491162076
Trestolone,P60033,0.0978745343258,,,,1,0.09787453432580001
Trestolone,Q16850,0.0978745343258,,0.6974858069748581,,2,0.45764129791523483
Trestolone,P23219,0.0978745343258,0.32399999999999995,,,2,0.24177255793665448
Trestolone,P30305,0.0978745343258,,,,1,0.09787453432580001
Trestolone,O14842,0.0978745343258,,,,1,0.09787453432580001
Trestolone,O00748,0.0978745343258,,,,1,0.09787453432580001
Trestolone,O00519,0.0978745343258,,,,1,0.09787453432580001
Trestolone,P52895,0.0978745343258,,,0.7340775593577475,2,0.3705329736252061
Trestolone,Q04828,0.0978745343258,,,0.5072260718470857,2,0.27331090754920817
Trestolone,P11387,0.0978745343258,0.094,,,2,0.09540892157301818
Trestolone,P43116,0.0978745343258,,,,1,0.09787453432580001
Trestolone,Q8NER1,0.0978745343258,,,,1,0.09787453432580001
Trestolone,P07339,0.0978745343258,0.6020000000000001,,,2,0.4186816488457455
Trestolone,P06746,0.0978745343258,,,,1,0.09787453432580001
Trestolone,Q12809,0.0978745343258,0.178,,,2,0.14886346702756362
Trestolone,P43119,0.0978745343258,,,,1,0.09787453432580001
Trestolone,P33261,0.0978745343258,,0.49635036496350365,,2,0.3369600327084222
Trestolone,Q9UBE0 Q9UBT2,0.0978745343258,,,,1,0.09787453432580001
Trestolone,P08172,0.0978745343258,0.8640000000000001,,,2,0.5854089215730182
Trestolone,P22303,0.0978745343258,0.31799999999999995,0.5693430656934307,,3,0.35491509008610495
Trestolone,P23975,0.0978745343258,0.56,,,2,0.3919543761184727
Trestolone,P21554,0.0978745343258,,,,1,0.09787453432580001
Trestolone,Q15722,0.0978745343258,,,,1,0.09787453432580001
Trestolone,P35408,0.0978745343258,,,,1,0.09787453432580001
Trestolone,P21730,0.0,,,,1,0.0
Trestolone,P35354,0.0,0.36,,,2,0.22909090909090907
Trestolone,Q12772,0.0,,,,1,0.0
Trestolone,P08254,0.0,,,,1,0.0
Trestolone,P14780,0.0,,,,1,0.0
Trestolone,P03956,0.0,,,,1,0.0
Trestolone,P20701,0.0,,,,1,0.0
Trestolone,P51449,0.0,,,,1,0.0
Trestolone,P42330,0.0,,,0.598785682548524,2,0.2566224353779389
Trestolone,P49810 Q9NZ42 Q92542 Q96BI3 P49768 Q8WW43,0.0,,,,1,0.0
Trestolone,P06737,0.0,,,,1,0.0
Trestolone,Q8IV61,0.0,,,,1,0.0
