mol,O00238,O00311,O00329,O00408,O00444,O00519,O00748,O00763,O00767,O14649,O14684,O14746,O14757,O14842,O14920,O14965,O14976,O15055,O15151,O15244,O15379,O15382,O43451,O43570,O43613,O43614,O43895,O60218,O60341,O60674,O60678,O60725,O60760,O60885,O75116,O75419,O75469,O75582,O75676,O75688,O75762,O75874,O75899 Q9UBS5,O94760,O94804,O94925,O95136,O95180,O95267,O95271,O95718,O96020 P24941 P24864,P00325,P00326,P00519,P00533,P00734,P00742,P00746,P00747,P00749,P00750,P00813,P00915,P00918,P01375,P02753,P02766,P02774,P03372,P03951,P03956,P04035,P04049,P04054,P04150,P04181,P04278,P04626,P04629,P05067,P05091,P05093,P05129,P05164,P05177,P05186,P05231,P05413,P05771,P06213,P06239,P06276,P06401,P06493,P06737,P06746,P06870,P07099,P07148,P07327,P07333,P07339,P07384,P07477,P07550,P07711,P07858,P07900,P07949,P08069,P08151,P08172,P08173,P08183,P08185,P08235,P08238,P08246,P08253,P08254,P08263,P08575,P08581,P08588,P08684,P08842,P08908,P08912,P08913,P09237,P09619,P09668,P09874,P09884,P09917,P09960,P0DMS8,P10070,P10145,P10275,P10276,P10586,P10635,P10721,P10826,P10827,P11217,P11229,P11309,P11362,P11387,P11388,P11413,P11473,P11474,P11511,P11597,P11712,P11940,P12104,P12268,P12821,P12931,P12955,P13497,P13631,P13945,P14061,P14416,P14555,P14616,P14618,P14625,P14780,P14902,P15056,P15090,P15104,P15121,P15428,P15538,P15907,P16050,P16083,P16234,P16662,P17252,P17612,P17706,P17948,P18031,P18054,P18405,P18825,P19021,P19099,P19784,P20292,P20309,P20701,P20839,P21397,P21452,P21453,P21554,P21728,P21730,P21731,P21802,P21917,P21980,P22001,P22303,P22460,P22607,P22748,P22894,P23141,P23219,P23280,P23415,P23443,P23458,P23975,P24385 P11802,P24530,P24557,P24666,P24723,P24863 P49336,P24941,P24941 P78396 P20248,P25100,P25101,P25103,P25105,P25116,P25440,P25774,P25929,P27338,P27361,P27487,P27815,P28161,P28223,P28335,P28472 P18507 P14867,P28472 P18507 P31644,P28472 P34903 P18507,P28482,P28845,P29274,P29320,P29323,P29350,P29371,P29466,P29475,P29597,P30304,P30305,P30307,P30411,P30419,P30518,P30530,P30532 P17787 P43681,P30536,P30542,P30556,P30559,P30968,P31213,P31645,P31749,P32245,P32246,P32247,P32297 P30926,P33261,P33981,P34913,P34949,P34969,P34972,P34981,P34995,P34998,P35228,P35348,P35354,P35367,P35372,P35398,P35408,P35462,P35557,P35590,P35610,P35916,P35968,P36507,P36544,P36873,P36888,P37058,P37059,P37231,P37268,P37288,P38571,P40189,P40394,P40763,P41143,P41145,P41146,P41229,P41594,P41597,P42330,P42336,P42336 P27986,P42338,P42345,P42574,P42685,P42785,P42892,P43088,P43115,P43116,P43119,P43166,P43220,P43235,P43405,P43490,P43681 P17787,P45452,P45983,P45984,P46098,P47712,P47869 P28472 P18507,P47869 P47870 P18507,P47871,P47901,P48039,P48065,P48067,P48147,P48443,P48449,P48729,P48730,P48736,P49146,P49286,P49327,P49336,P49354 P49356,P49354 P49356,P49682,P49759,P49810 Q9NZ42 Q92542 Q96BI3 P49768 Q8WW43,P49841,P50052,P50281,P50406,P50579,P50613,P50747,P50750,P51449,P51452,P51681,P51812,P52333,P52732,P52895,P53350,P53609,P53609 P49354,P53778,P53779,P54289,P54707,P54753,P54756,P54760,P54762,P55055,P56373,P56524,P56817,P56937,P59538,P60033,P61586,P62136,P62942,P63316 P45379 P19429,P68400,P78368,P78527,P78536,P80365,P98170,Q00536,Q00613,Q00975,Q00987,Q01469,Q01959,Q02083,Q02156,Q02224,Q02750,Q02763,Q03181,Q04759,Q04828,Q04912,Q05469,Q05655,Q06124,Q07343,Q07817,Q07869,Q08345,Q08493,Q08499,Q08881,Q10469,Q12772,Q12809,Q12866,Q12908,Q13043,Q13085,Q13093,Q13133,Q13163,Q13188,Q13255,Q13258,Q13370,Q13464,Q13510,Q13546,Q13547,Q13627,Q13873,Q13946,Q14004,Q14330,Q14416,Q14432,Q14524,Q14534,Q14973,Q14994,Q15059,Q15078 Q00535,Q15125,Q15375,Q15465,Q15722,Q15759,Q15761,Q15858,Q15910,Q16288,Q16539,Q16572,Q16581,Q16584,Q16602,Q16620,Q16665,Q16790,Q16832,Q16850,Q16875,Q2M385,Q4U2R8,Q5S007,Q6DWJ6,Q7L7X3,Q7Z2W7,Q86V86,Q8IV61,Q8IVH8,Q8IXJ6,Q8N1Q1,Q8NE63,Q8NER1,Q8NG68,Q8TD08,Q8TDS4,Q8TDU6,Q8WWL7 P06493 P14635 O95067,Q92731,Q92769,Q92793,Q92831,Q969S8,Q96GD4,Q96P20,Q96PD7,Q96PN6,Q96RI1,Q99500,Q99527,Q99572,Q99683,Q99685,Q99720,Q99814,Q99835,Q99895,Q9BPW0,Q9BUB5,Q9BV23,Q9BY41,Q9H1R3,Q9H2G2,Q9H2K2,Q9H2K8,Q9H422,Q9H4B4,Q9H999,Q9HAZ1,Q9HBA0,Q9HBH9,Q9NQR1,Q9NQW7,Q9NR96,Q9NRA0,Q9NUW8,Q9NWZ3,Q9NYA1,Q9P1W9,Q9UBE0 Q9UBT2,Q9UBM7,Q9UBM7 Q15125,Q9UBN7,Q9UBS5,Q9UBU7 O00311,Q9UF33,Q9UGN5,Q9UHC9,Q9UHF0,Q9UJM8,Q9UKE5,Q9UKK3,Q9UM73,Q9UNQ0,Q9UPP1,Q9UQ88,Q9UQB9,Q9Y233,Q9Y2K7,Q9Y2Q3,Q9Y2T6,Q9Y4K4,Q9Y5N1,Q9Y5Y4,Q9Y5Z0,Q9Y6F1
1-Androstenediol,,,,,,0.09787453432580001,0.09787453432580001,,0.0,,0.09787453432580001,0.0,,0.0,,,,,,,,,,,,,,0.23525686969139056,,,,,,,,,0.3465789726185149,,,,0.09787453432580001,,,,,,,,,,,,,,,,,,,,,,,,,0.0,,,,0.5241075904439123,,,0.21313868613138687,,0.0,0.3402529385552545,,0.59816048113433,,,,,0.45168846166960974,,,,,0.0,0.0,,,,0.4536682030101067,0.43869811878224957,,,0.21557177615571774,,,0.320218721084,,,0.2519543761184727,,,,,,,,,0.0,0.5396363636363636,,,0.547065590623381,0.43484424482615974,,,,,,,,,,,,,,,,,,0.0,0.2786816488457454,,0.106099949133,0.0,,0.7330585883795401,,0.0,,,,,,,,,0.061090909090909085,0.26719879776728206,0.23844282238442824,,,0.4193466254364648,,,,,,,,,,,,,,,,,,,0.09787453432580001,,0.0,0.0,,,,,,,,0.1970802919708029,,,0.09787453432580001,,0.34036635874248544,,0.320218721084,,,,,,,0.0,,,,,0.0,,,,,,,,0.2280506655216831,,,,,0.09787453432580001,0.25449983066392723,,,,,0.37799999999999995,,,,0.0,0.09787453432580001,,,,,,,,,,,,,0.12258179968472725,,,,,,,,,,0.30581648039698667,,,,0.09787453432580001,,,,,0.106099949133,0.0,,,,,,,,,,,,0.3368466125211913,0.28249983066392725,,,,,,0.194647201946472,,,0.0,,,,0.0,,0.21773862151620807,,0.22018181818181815,,,0.29413764828019834,,,,,,,,,,,,0.320218721084,0.0,0.13076826529850896,0.09787453432580001,,,,,,,,,,,,0.26893411780941123,,,,,,,,,,,0.0,0.0,,,,,,,,,,,0.0,,,,,,,,0.08145454545454545,,,,,,,,,,,0.09787453432580001,,,,,,,,,,,,0.29781021897810217,,0.106099949133,,,,0.32871058268764297,0.18709090909090906,,,,,,0.1897810218978102,,,,,,,,0.22154471131746625,,,0.0,,,,,,,,0.0,0.09787453432580001,,,,,,0.0,0.31094543604836367,,,,,,0.38690909090909087,,0.20039763749127107,,,,0.5484998306639273,,,0.2558181818181818,,,0.3805454545454545,,,,,,,,,,0.25888077858880776,,,,,,,,,,,,,,,,,,,,0.3934585310738039,,,,,,,,,,,,,,,,,,,,,0.0,,,,,,,,,,,,,,0.09787453432580001,,,,0.3284671532846715,,0.6251550072305152,,,,,,,,,,,,,,,0.320218721084,,,,,,,,,,,,,,,,,,,,,,,,,,,,,,,,,,0.33879034461670365,,0.0,,,,,,,,,,,,,,,,
1-Androstenedione,,,,,,0.0,0.17226277372262772,,0.0,,0.0,0.0,,0.0,,,,,,,,,,,,,,0.0,,,,,,,,,0.33868613138686127,,,,0.0,,,,,,,,,,,,,,,,,,,,,,,,,0.0,,,,0.432858451409761,,,0.0,,0.0,0.4014598540145985,,0.42627737226277373,,,,,0.3897810218978102,,,,,0.0,0.0,,,,0.24054545454545453,0.44176520032809774,,,0.0,,,0.36301703163017035,,,0.35598225275511663,,,,,,,,,0.0,0.5307272727272727,,,0.42627737226277373,0.48186760714179677,,,,,,,,,,,,,,,,,,0.0,0.3729090909090909,,0.0,0.0,,0.5715997037066675,,0.0,,,,,,,,,0.05472727272727273,0.3270909090909091,0.2004866180048662,,,0.6539817745319084,,,,,,,,,,,,,,,,,,,0.0,,0.0,0.0,,,,,,,,0.0,,,0.0,,0.2223844282238443,,0.45742092457420924,,,,,,,0.0,,,,,0.0,,,,,,,,0.06872727272727272,,,,,0.0,0.07890909090909089,,,,,0.42381818181818176,,,,0.0,0.0,,,,,,,,,,,,,0.07763636363636364,,,,,,,,,,0.1503649635036496,,,,0.0,,,,,0.0,0.0,,,,,,,,,,,,0.46618004866180046,0.2690845856590811,,,,,,0.20097323600973235,,,0.0,,,,0.0,,0.0,,0.378,,,0.0,,,,,,,,,,,,0.42627737226277373,0.0,0.39338488579300385,0.0,,,,,,,,,,,,0.31013625664931316,,,,,,,,,,,0.0,0.0,,,,,,,,,,,0.0,,,,,,,,0.22399999999999998,,,,,,,,,,0.0,,,,,,,,,,,,,0.0,,0.0,,,,0.2769883892381103,0.16927272727272727,,,,,,0.0,,,,,,,,0.25830806404532225,,,0.0,,,,,,,,0.0,0.0,,,,,,0.0,0.2698181818181818,,,,,,0.24818181818181814,,0.14736485674316527,,,,0.37163636363636354,,,0.2889918419922713,,,0.3678181818181818,,,,,,,,,,0.0,,,,,,,,,,,,,,,,,,,,0.0,,,,,,,,,,,,,,,,,,,,,0.20243309002433088,,,,,,,,,,,,,,0.0,,,,0.40243309002433086,,0.49719402251864114,,,,,,,,,,,,,,,0.3902676399026763,,,,,,,,,,,,,,,,,,,,,,,,,,,,,,,,,,0.0,,0.0,,,,,,,,,,,,,,,,
1-Androsterone,,,,,,0.09787453432580001,0.2994904463337263,,0.09787453432580001,,0.11433755860500001,0.09787453432580001,,0.09787453432580001,,,,,,,,,,,,,,0.09787453432580001,,0.2303636363636363,,,,,,,0.0,,,,,,,,,,,,,,,,,,,,,,,,,,,,,0.09787453432580001,,,,0.48636607047826186,,,0.34754946870429493,,0.09787453432580001,0.5344700329072973,0.0,0.6640632561857538,,,,,0.43708718159967197,,,,,,0.09787453432580001,,,,0.35009785808381494,0.5349620894100084,,0.0,0.106099949133,,,0.09787453432580001,,,0.2558181818181818,,,,,,,,,,0.4174545454545453,,,0.6544669799977567,0.43889408275763026,,,,,,,,,,,,,,,,,,,,,0.0,,,0.6656867058282795,,0.09787453432580001,,0.0,,,,,,,0.10686346702756364,0.23668164884574538,0.6183104384709567,0.0,,0.7574904281905767,,,,,,,,,,,,,,,,,,,0.09787453432580001,,0.09787453432580001,,,,,,,,,,,,0.106099949133,,0.30289677236778956,,0.0,,,,,,,0.09787453432580001,,,,,0.0,,,0.0,,,,,0.24880374043675615,,,,,0.0,0.23668164884574538,,,,,0.4123636363636362,,,,0.09787453432580001,0.0,,,,,,,,,,,,,0.07890909090909091,,,,,,,,,,0.3739430010782519,,,,0.106099949133,,,,,0.30289677236778956,0.09787453432580001,,,,,,,,,,,,0.34987127648336247,0.3623099662847596,,,,,,0.30824957042131756,,,,,,,0.09787453432580001,,0.09787453432580001,,,,,0.09787453432580001,0.09787453432580001,,,,,,0.20168156660625877,,,,0.5129090909090909,0.38659506920477255,,0.0980747943490707,0.09787453432580001,,,,,,,,,,,,,,,,,,,,,0.09787453432580001,0.09787453432580001,0.09787453432580001,0.09787453432580001,,,,,,,,,,,,,,,,,,,0.26340892157301815,,,,,,,,,,,0.11433755860500001,,,,,,,,,,,,0.09787453432580001,,,,,,,,,,,,,0.0,,,,,,,,0.11300566715779548,,,0.09787453432580001,,,,,,,,,0.3213882565527044,,,,,,0.09787453432580001,0.4479543761184727,,,,,,0.2863180124821091,,,,,,0.5357725579366545,,,0.2863180124821091,,,0.4123180124821091,,,0.09787453432580001,0.19345454545454546,,,,,,0.37577331298653327,,,,0.09787453432580001,,,,,,,,,,,,,,0.0,,0.2380424530361552,,,,,,0.106099949133,,,,,,,,,,,,,,,0.3942647971714482,,,0.09787453432580001,,,,,,,,,,,0.09787453432580001,,,,,,0.5162430132596298,,,,,,,,,0.34160583941605843,,,,,,0.47774316993310467,,,,,,,,,,,,,,,,,,0.0,,,,,,,,0.09787453432580001,,,,,,,,0.374429619083118,,,,,,,,,,,,,,,,,,
1-Epiandrosterone,,,,,,,,,,,0.0,,,0.11433755860500001,,,,,,,,,,,,,,0.4167459792371319,,0.21127272727272725,,,,,,0.09787453432580001,,,,,,,0.0,,,,,,0.0,,,,,,,,,,,0.3957725579366545,,,,,,,,,,0.3866929632791778,,0.0,0.0,,,0.5325804706646265,,1.0,,,,,0.27007299270072993,0.0,,,,,0.11433755860500001,0.0,,,,,0.0,0.0,0.41507808913543065,,,,,,,,,,,,,,,,0.5447272727272727,,,1.0,,,,,0.0,,0.09787453432580001,,,,0.3061666367418158,,,,,,,,0.32116788321167883,,0.0,,,,0.9008445320126236,,,,,,,,,,,,,1.0,0.4551888016215601,,0.7847221523779162,,,,0.11433755860500001,,0.3207272727272727,,0.0,,,,,0.38818181818181813,,,0.0,0.0,0.0,,,0.11433755860500001,,,,,,,,,0.32044330275206523,0.0,,,,0.42287104622871047,,0.09787453432580001,,,,,,,,,,,0.0,,,0.09787453432580001,,,,,0.0,0.235528266781165,,,,,0.0,,,,,,0.39581818181818174,,,,,,,,,,,,,0.0,,,,,,,,,,,,,,,0.48134673964885744,,,,,,,,,0.41257620443404963,0.38026903514151217,,,,,,,,,,,,0.0,0.2507272727272727,,,0.0,,,0.0,,0.36395437611847264,,,0.0,,,,,,,,,,,,,,,,0.22094616539165163,,,,,0.9998485716616,,,,,,,,,,,,0.09787453432580001,,,0.29526685465992175,,,,,,,0.0,,0.09787453432580001,,0.09787453432580001,,,,,,,,,,,,,,0.5390968856992565,,,,0.0,,,,,,,,,,,,,0.39194786725830055,,,0.0,0.1764648997085329,,,,,,,,,,,,,,,,,,,,0.09787453432580001,,,,,,,,,,,,,,,,,,,,,0.4362301057011229,,,,,,0.11433755860500001,,,0.0,,,,0.4221227485836364,0.0,,,,0.0,,,,0.2732136576745454,,,,,,,0.14886346702756362,,,,,,,,,,,,,,,,,,,,,,,,,,0.42211818356000363,,,,,0.09787453432580001,,,,,,,,0.0,,,,,0.0,,,,,,0.106099949133,,,,0.09787453432580001,,,,,,,0.09787453432580001,,,,0.6819527918892,0.0,0.5780364658251417,,,,,,,,,0.48163611397203404,,,,,,0.3136023684748455,,,,,,,,,,,,,,,,,,,,,,,,,,0.09787453432580001,,,0.0,0.559164811121,,,,0.5695440327651125,,0.09787453432580001,,,,,0.09787453432580001,,,,0.09787453432580001,0.0,,,,,,
1-Testosterone,,,,,,0.09787453432580001,0.09787453432580001,,0.09787453432580001,,0.11433755860500001,0.09787453432580001,,0.09787453432580001,,,,,,,,,,,,,,0.163737226168,,,,,,,,,0.28245881616341006,,,,,,,,,,,,,,,,,,,,,,,,,,,,,0.09787453432580001,,,,0.46948189127107315,,,0.09787453432580001,,0.09787453432580001,0.8671532846715329,,0.8671532846715329,,,,,0.6265665147003601,,,,,0.09787453432580001,0.09787453432580001,,,,0.22662513822563504,0.6382103328005208,,0.0,0.09787453432580001,,,0.106099949133,,,0.41486346702756355,,,,,,,,,,0.5294545454545454,,,0.8671532846715329,0.5962868883865915,,,,0.0,,,,,,,,,,,,,,,0.41403634513927273,,0.35019570116372845,,,0.9021778435738723,,0.09787453432580001,,,,,,,,,0.08777255793665455,0.3792271033911999,0.3578145598010978,,,0.6333689584960553,,,,,,,,,,,,,,,,,,,0.09787453432580001,,0.09787453432580001,0.09787453432580001,,,,,,,,,,,0.139061946948,,0.3305178385339786,,0.36198615919698,,,,,,,0.0,,,,,0.09787453432580001,,0.0,,,,,,0.17892657793044223,,,,,0.106099949133,0.10686346702756364,,,,,0.3792727272727272,,,,0.09787453432580001,0.122581769115,,,,,,,,,,,,,0.25784461597007646,,,,,,,,,,0.3878021488319007,,,,0.106099949133,,,,,0.147256737367,0.09787453432580001,,,,,,,,,,,,0.3777077900005742,0.2986682031290909,,,,,,0.34182621275708397,,,,,,,,,0.106099949133,,0.36145454545454536,,,0.2688617942362501,0.09787453432580001,,,,,,,,,,,0.3391855511470958,,0.3320068620085003,0.09787453432580001,,,,,,,,,,,,0.2596341488341385,,,,,,,,,,,0.09787453432580001,0.09787453432580001,,,,,,,,,,,,,,,,,,,0.24304528520938176,,,,,,,,,,,0.09787453432580001,,,0.0,,,,,,,,,0.0,,,,,,0.3843252830585408,,,,,,,0.09787453432580001,,,,,,,,0.23056006557983869,,,0.09787453432580001,,,,,,,,0.09787453432580001,0.3368438725972389,,,,,,0.09787453432580001,0.4390562948021932,,,,,,0.4212271033912,,0.3424519922787275,,,,0.4349953549701818,,,0.3066816488457454,,,0.40977255793665446,,,0.0,0.23286728702327397,,,,,,0.2712666020514879,,,,,,,,,,,,,,,,,,,,0.30160710815895136,,,,,,0.09787453432580001,,,,,,,0.0,,,,,,,,0.46542718599309374,,,,,,,,,0.0,,,,,0.09787453432580001,,,,0.5063030984018528,,0.7076898426654419,,,,,,,,,,,,,,,0.8262773722627738,,,,,,,,,,,,,,,,,,,,,,,,,,0.09787453432580001,,,,,,,,0.42638432541656834,,0.0,,,,,,,,,,,,,,,,
11β-Methyl-19-nortestosterone,,,,,,0.09787453432580001,0.39231832515198345,,0.09787453432580001,,0.122581769115,0.09787453432580001,,0.09787453432580001,,,,,,,,,,,,,,0.163737226168,,,,,,,,,0.45180188185684067,,,,,,,,,,,,,,,,,,,,,,,,,,,,,0.09787453432580001,,,,0.4436388190103134,,0.0,0.09787453432580001,,0.09787453432580001,0.9153159926489508,,0.9673841191696321,,,,,0.7207901711591358,,,,,0.09787453432580001,0.09787453432580001,,,,0.4634251954748121,0.7864333732643048,,0.0,0.09787453432580001,,,0.39961759522497614,,,0.40213619430029085,,,,,,,,,,0.5752271033912,,,0.964464411140435,0.6967073387564765,,,,0.0,,,,,,,,,,,,,,,0.15103183949272728,,0.42453186731499076,,,0.8444762529251286,,0.09787453432580001,,,,,,,,,0.2290452852093818,0.24686346702756357,0.139061946948,,,0.5749075039054227,,,,,,,,,,,,,,,,,,0.0,0.09787453432580001,,0.09787453432580001,0.09787453432580001,,,,,,,,,,,0.139061946948,,0.4429265976580662,,0.47113844693488083,,,,,,,0.0,,,,,0.09787453432580001,,0.0,,,,,,0.4180743859212273,,,,,0.106099949133,0.13359073975483637,,,,,0.38177255793665454,,,,0.09787453432580001,0.122581769115,,,,,,,,,,,,,0.39377185840340806,,,,,,,,,,0.5571452145253314,,,,0.106099949133,,,,,0.155528102326,0.09787453432580001,,,,,,,,,,,,0.5369031229316282,0.5238540598790112,,,,,,0.4323371616621935,,,,,,,,,0.37577331298653327,,0.3652727272727273,,,0.3725114292727465,0.09787453432580001,,,,,,,,,,,0.43504929810573323,,0.3896291645784271,0.09787453432580001,,,,,,,,,,,,0.3037644329157229,,,,,,,,,,,0.09787453432580001,0.09787453432580001,,,,,,,,,,,,,,,,,,,0.1272271033912,,,,,,,,,,,0.106099949133,,,,,,,,,,,,0.0,,,,,,0.3663494071941775,,,,,,,0.09787453432580001,,,,,,,,0.4215640967555103,,,0.09787453432580001,,,,,,,,0.09787453432580001,0.5110531183393314,,,,,,0.09787453432580001,0.49348933371470044,,,,,,0.4288634670275636,,0.22022827376590157,,,,0.4451771731519999,,,0.39012476519702516,,,0.5510452852093818,,,0.0,0.30795437611847276,,,,,,0.09787453432580001,,,,,,,,,,,,,,,,,,,,0.4206568724104669,,,,,,0.09787453432580001,,,,,,,0.0,,,,,,,,0.5539916628787385,,,,,,,,,0.0,,,,,0.09787453432580001,,,,0.5539916628787385,,0.7300756973126103,,,,,,,,,,,,,,,0.9143427566392185,,,,,,,,,,,,,,,,,,,,,,,,,,0.09787453432580001,,,,,,,,0.5047298242000233,,,,,,,,,,,,,,,,,,
17α-Methylepithiostanol,,,,0.33345454545454545,,,,,,,,,,,,,,0.0,,,,,0.0,,,,,,,,,0.0,,,,,,,,,0.0,,0.0,,,,,,0.0,,,,,,,,,,,,,,,,,,,,,0.3536148657290855,,,0.0,,,0.18231364156912894,,0.22562264400221896,,,,,0.11094890510948906,0.0,,,,,,0.0,,,,0.24595869906190515,,,,,,,,,0.36018181818181816,,,,,,,,,,0.5712734056290909,0.0,,0.1808537875545304,0.34534641042776676,,,,,,,,,0.09148418491484185,,,0.0,,,,,,,,,,,,0.5428897292542063,,,,,,0.0,,0.0,,,,,0.09391727493917275,,,0.29469429896223276,,0.13694174896235867,0.0,,,,,,,,,,,,,,,,0.0,,,,,,,,,,,0.11150186548,0.0,,,,0.15717761557177615,,0.0,,,,,,0.0,,,,0.0,,0.11150186548,,0.11150186548,,,,,,0.1551090692499098,0.0,,,,,0.2303636363636363,,,,,0.42745522381090906,,,,,0.0,,,,,,0.0,,0.0,,,,,,,,,,,,,,,0.18766643962265692,,,,,,,0.0,,0.14727714521876398,0.14727714521876398,,,,,,,,,,0.0,,0.0,0.2861824965381818,,,0.0,,,0.1667418654134112,,0.19854545454545452,,,0.11150186548,,,,,,0.37163636363636354,,0.42763636363636354,,,,,,,,,,,,,0.14143772916036984,0.0,,0.0,0.0,,0.0,,,,0.0,,,0.0,,0.0,0.24436363636363634,,,,,,,,,,,,,,,,,,,0.26345454545454544,,,,,,0.11150186548,,0.0,,,,,,,,0.3398181818181818,0.0,0.0,,,,0.0,,,0.11418712088786376,,,,,,,,,,0.0,,,,,,,0.0,,,,,,,,,,0.11630170316301702,,,0.21970039997738508,,,,,,,,,,,,0.11150186548,,,,,,,0.523090909090909,,0.0,,,,,0.0,,,,0.0,,,,,,,,,,,0.28236431471999995,,0.0,,,,0.12051315495112411,,,,,,,,,,,,,,,0.0,,,,,0.2893110311064701,,,,,,,,0.0,,,,0.1985454545454545,,,,,,0.0,,,,,,,,,,,,,,,,,0.0,0.0,,,,,0.4497640412800966,,,,,,,,,,,,,,,0.11150186548,,,,,,0.0,,,,,,,,,,,,,,,,,,,,,0.0,,,0.11150186548,,,,,,,,,,,,,,0.0,,,,,,,,
19-Norandrostenediol,,,,,,0.0,0.0,,0.0,,0.100578902067,0.0,,,0.0,,,,,,,,,,,,,0.0,,0.2023636363636363,,,,,0.0,,,,,,,,,,,,,,,,,,,,,0.0750909090909091,,,,,,,0.0,,,0.0,,,0.14664948047778903,0.7520982961001638,,,0.3554459129383241,0.0,0.0,0.28613138686131384,,0.9021897810218978,,,,,0.6216714417237352,,,,,,0.0,,,,0.4157225869469225,0.43554670113698957,,,0.34193472384383167,,,0.0,,,,,,,,,,,,,0.4464135845138325,,,0.5028757843372739,,,,,,,,,,,0.0,,,,,,,,0.0,,,,,,0.8414966072707625,,0.0,,,,,,0.0,,,0.05727272727272727,0.2878345498783455,0.37463126867534213,0.0,,0.5411334182000624,,,,,,,,,,,,0.4140088187184346,,,,,,,0.0,0.0,0.0,,,,0.26854545454545453,,,,,,,,0.100578902067,,0.34242134184869777,,,,,0.0,,,,,,,,,,,,,,,,,0.24223836748621666,,,,,,,,0.100578902067,,,0.4409293650531267,,,0.100578902067,0.0,0.0,,,,,,,,,,,,,0.21509090909090908,0.26180048661800487,,,,,,,,,0.100578902067,,,,0.100578902067,,,0.0,,,0.0,,,,,,,,,,,,,0.38598103243540804,,,,,0.0,0.32636294768811386,,,,,,,0.100578902067,,,,,,0.2876363636363636,0.3439743343687728,0.0,,,,,,,,,,,,,,0.100578902067,,,,,,0.0,0.0,,,,,,,,,,,,,,0.0,0.0,0.100578902067,0.0,,,,,,,,,,,,,,,,,,,0.12184687347890906,,,,,,,,,,,0.0,,,,,,,,,,0.0,,0.49860551682537324,,,,0.3646408800241531,,,,,,,,,,,,,,0.40081550243263947,,,,,,0.0,,,,,,,,,0.0,,,,,,0.0,,,,,,,0.42221050984254543,,,,,,0.3996363636363636,,,0.2796650552970909,,,0.509090909090909,,,0.346270483061,,,,,,,0.5424011372633295,,,,0.0,,0.0,,,,,,,,,,,,0.100578902067,,0.3111309600014356,,,,,0.100578902067,,,,,,,,,,,,,0.0,,,0.3287609753534579,,,0.0,,,,,,,,,,,,,,,,,0.8037370134220265,,,,,,,,,,,,,,,0.22871046228710462,,,,,,,,,,,,,,,,,,,,,,,,,,,0.100578902067,0.0,,0.0,,,,0.4981188988205071,,,,,,,,,,,,,,,,,,
19-Norandrostenedione,,0.0,,,,0.100578902067,0.30154542943993873,,,,0.100578902067,,,,,,,,,,,,,,,,,0.100578902067,,,,,,,0.0,,0.46480938950625406,,,,0.100578902067,,,,,,,,,,,,0.0,0.0,,0.061090909090909085,,,,,,,,,,0.0,,,,0.3892782987872042,,0.0,0.0,,,0.6229265668443047,,0.8093846733906754,,,,0.100578902067,0.5861639473156146,,0.0,,,,,,,,0.25675596438799997,0.6234941389014164,,,0.0,,0.100578902067,0.5815640364306793,0.0,,0.18675596438799996,0.0,,,0.0,0.2036363636363636,0.25853419583339954,,,,,,,0.8093846733906754,0.6401140541765638,,,,0.0,,,,,,,,,,,,,0.100578902067,,0.24402869166072724,,0.100578902067,,,0.762574079777986,,,,,,,,,,,,,,,,0.8662729122884717,,,,,,,,,,,,,,,,,,0.0,0.100578902067,,,,,,,,,0.100578902067,,,,,0.100578902067,,0.31225102554699463,,0.8540578326746862,,,0.0,,,,,,,,,,,0.0,,,,,,,0.0,,,,0.25142377493872214,0.2882392607697363,,,,,,0.0,,,,0.100578902067,,,,,,,0.0,,,,,0.055999999999999994,0.24657414620618176,0.0,,,,0.0,,,,,0.2892504802010209,,,,0.100578902067,,,,,0.100578902067,,,,,,,,,,,,,0.8613571027476788,0.2873014189334545,,,,,,,,0.21093778256981816,,,,,,,0.25142377493872214,,,0.0,,0.100578902067,,,,,,,,,,,,0.8020854033176827,,,0.100578902067,,,,0.0,,,,,,,0.0,,,,,,,,,,,,,,,,0.0,,,,,,,,,,,,,0.100578902067,,,,,,,,,,0.100578902067,,0.0,,0.25628995498738394,,,,,,,,,,,,,,0.100578902067,,,,,,,,,,,,,,,,,,,0.08748323711527271,,,,,,,,,,,,0.28646027128908713,,,,,,0.0,0.3229377825698182,0.0,,,,,0.46273146870698284,0.0,,,,,0.41711960075163634,,,0.36822670674109065,,,,,,,,,,,,,,,,0.0,,,0.0,0.0,,,,,0.43399999999999994,,,,,,,,0.3638029229880051,0.0,,,,,,,,,,,,,,,,,,,,0.2267639902676399,,,,,0.0,,,,,,,,,0.100578902067,,,,,,0.4009161977424068,,,,,0.20618181818181816,,,,,,,0.0,,,0.5844837444598763,,,,,,,,,,,,,,,,,,,,,,,,,,,,,,,,,0.0,0.116965063224,,,,,,,,,,,,,,,,,,
4-Androstenediol,,,,,,0.0,0.0,,0.0,,0.09787453432580001,0.0,,,0.0,,,,,,,,,,,,,0.0,,0.21254545454545448,,,,,0.0,,,,,,,,,,,,,,,,0.0,,,,,,,,,,,,0.0,,,0.0,,,,0.7070034761400857,,,0.39584081129723,,0.0,0.3578846069176679,,0.9343065693430657,,,,,0.4651997436366472,,,,,,0.0,,,,0.3445950671864342,,,0.0,0.39146124925343434,,,0.0,,,,,,,,,,,,,0.5435614332949213,,,0.48878485022667034,,,,,,,,,,,0.22679476182714048,0.0,,,,,,,,,,,,,0.90085073570011,,0.0,0.39072727272727276,,,,,0.0,,,0.3258181818181818,0.28812537569772434,0.09787453432580001,0.09787453432580001,0.0,0.446190242963194,,0.22909090909090907,,,,,,,,,,0.3636530782468821,0.35636363636363627,,,,,,,,0.0,,0.0,,0.42381818181818176,,,,,0.09787453432580001,,,0.09787453432580001,,0.4050865533896874,,,,,0.0,,,,,,,,,,,,,,,,,0.3289480083629047,,,,,,,,,,,0.42414966858903896,,,,0.0,0.0,,,,,,,,,,,,,0.0750909090909091,,,,,,,,,,0.0,,,,0.09787453432580001,,,0.0,,0.0,0.0,,,,,,,,,,,,0.3788091811269137,0.3730087757799702,,,,,,0.32771429061596474,,,,,,,0.0,,0.34766562881547813,,,,,0.4255527918031601,0.0,0.0,,,,,,,,,,,,0.24210596255919747,,,,,,,,,,,,,,,,,,,,,,0.0,0.0,0.0,0.0,,,,,,,,,,,,,,,,,,,0.10054545454545454,,,,,,,,,,,0.09787453432580001,,,,,,,,,,,,0.4274992638226248,,,,0.3502951291816356,,,,,,,,,,,,,,0.3664233576642335,,,,,,0.0,,,,,,,,,0.0,,,,,,0.0,,,,,,,0.4148634670275636,,,,,,0.26727272727272716,,,0.2774089215730181,,,0.37799999999999995,,,0.34523253879114724,,,,,,,0.4084928794237507,,,,0.0,,0.0,,,,,,,,,,,,0.09787453432580001,,0.2991840955641593,,,,,,0.09787453432580001,,,,,,,,,,,,0.09787453432580001,,,0.3549648988884709,,,0.0,,,,,,,,,,,,,,,,,0.6538351859275079,,,,,,,,,,,0.0,,,,,,,,,,,,,,,,,,,,,,0.0,,,0.0,,,0.0,,,0.0,,,0.09787453432580001,,,,0.42701264581775866,,,,,,,,,,,,,,,,,,
4-Hydroxytestosterone,,,,,,0.11150186548,0.11150186548,,0.11150186548,,0.135202128368,0.11150186548,,0.11150186548,,,,,,,,,,,,,,0.127302569502,,0.19345454545454543,,,,,,,0.11150186548,,,,,,,,,,,,,,0.0,,,,,,,,,,,,,,,0.11150186548,,,,0.491880154547305,,,0.11150186548,,0.11150186548,0.4954249949186443,,0.6924873149254813,,,,,0.406362990735273,,,,,0.11150186548,0.11150186548,,,,0.2988686227063289,0.5426717617820066,,0.0,0.0,,,0.29228931066888564,,,,,,,,,,,,,0.5332727272727271,,,0.5328463466753781,0.4975386236217266,,,,,,,,,,,,,,,,,,,0.41218249653818173,,0.3550166994671815,,,0.7598499753889605,,0.11150186548,,,,,,0.0,,,0.06236363636363635,0.22509158744727273,0.35603626930635524,,0.0,0.49174491458562875,,,,,,,,,,,,,,,,,,,0.11150186548,,0.11150186548,0.11150186548,,,0.4352727272727272,,,,,,,,0.119403562123,,0.26795841042557667,,0.3268391890143844,,,,,,,0.0,,,,,,,,,,,,,,,,,,0.11150186548,,,,,,0.35381818181818175,,,,0.11150186548,0.127302569502,,,,,,,,,,,,,0.25018798570634204,,,,,,,,,,0.3956732802255377,,,,0.11150186548,,,0.0,,0.11150186548,0.11150186548,,,,,,,,,,,,0.3842601135885937,0.3258690520751567,,,,,,0.3297588970435815,,,,,,,0.0,,0.119403562123,,0.3880006783563636,,,0.119403562123,0.0,,,,,,,,,,,0.30056181675161064,0.11150186548,0.23596921136663207,0.11150186548,,,,,,,0.11150186548,,,,,,,,,,,,,,,,0.0,0.0,,,,,,,,,,,,,,,,,,,0.13218249653818182,,,,,,,,,,,0.11150186548,,,,,,,,,,,,0.11150186548,,,,,,0.3697271527618885,,,,,,,,,,,,,,,0.23122292836921157,,,0.11150186548,,,,,,,,0.11150186548,0.36966157344260825,0.11150186548,,,,,0.11150186548,0.3948475878068716,,,,,,0.4261824965381818,,0.31731716076347743,,,,0.3059282070916364,,,0.3052734056290909,,,0.39309158744727274,,,,,,,,,,0.25742092457420923,,,,,,,,,,,,,,,,,,,,0.0,,,,,,0.0,,,,,,,0.0,,,,,,,,0.46503870239637957,,0.11150186548,,,,,,,,,,,,,,,,0.42043795620437957,,0.5909002492521028,,,0.11150186548,,,,,,,,0.0,,,,0.48083068029357956,,,,,,,,,,,,,,,,,,,,,,,,,,0.0,,,,,,,,0.3180337310973518,,0.0,,,,,,,,,,,,,,,,
5-Androstenedione,,0.09787453432580001,,,,0.09787453432580001,0.312142514460247,,,,0.0,,,,,,,,,,,,,,,,,0.0,,,,,,0.0,0.09787453432580001,,0.3943809572826314,,,,,,,,,,,0.6185454545454545,,,,,0.09787453432580001,0.09787453432580001,,0.0649090909090909,,,0.0,,,,,0.35509090909090907,0.0,,,,,0.36464745018342853,,0.09787453432580001,0.09787453432580001,,0.0,0.41156312127130407,,0.4943073697547309,,,,0.09787453432580001,0.418484415169494,,0.0,,,,,,,,,0.4797055629403172,,,0.0,,0.09787453432580001,0.40231737917884663,0.09787453432580001,,0.6194301457599913,0.0,,,0.0,0.3474545454545454,0.458735079026814,,,,,,0.35328467153284665,0.4943073697547309,0.4766689620999782,,,,0.09787453432580001,,,,,,,,,,,,,0.09787453432580001,,,,,,,0.6107976292823994,,,,,,,,,,,,,,,,0.7581949392574554,,,0.0,,,,0.05345454545454545,,,,,,,,,,,0.09787453432580001,,,,,,,0.4212727272727272,,,0.09787453432580001,,,,,0.0,,0.3347931873479319,,0.5103657639153149,,,0.09787453432580001,,,,,,,,,,,0.0,,,,,,,0.0,,,,,0.40416899971256387,,,,,,,,,0.0,,,,,,,,0.0,,,,,,0.20618181818181816,0.0,,,,0.0,,,,,0.09787453432580001,,,,0.09787453432580001,,,,,0.09787453432580001,,,,,,,,,,,,,0.5162051799737091,,,,,,,,,0.1081361943002909,,,,,,,0.3143552311435523,,,0.0,,,,,,,,,,,,,,0.49041442571580146,,,,,,,,0.0,0.0,0.0,,,,,,,,,,,,,,,,,,,,0.0,,,,,,,,,,,,,0.09787453432580001,,,0.10563636363636363,,,,,,,0.09787453432580001,,0.0,,0.2992700729927007,,,,,,,,,,0.0,,,,0.09787453432580001,0.40472727272727266,,,,,,,,,,,,,,,,,,,,,,,,0.0,,,,,,0.0,,,,,0.0,0.0,,,,,,,0.42460174479967433,0.0,,,,,0.37163636363636354,,,0.36872420208959494,,,,,,,,,,,,,,,,,,,0.0,,,,,,,,,,,,,,0.30280492812691195,0.0,,,,,,,,,,,0.12340892157301814,,,,,,,,,0.09787453432580001,,,,,,,,,,,,,,0.09787453432580001,,,,,,0.36554587885917905,,,,,,,,,,,,0.09787453432580001,,,0.4135095932907688,,,,,,,0.24535551113194987,,,,,,,0.0,,,,,,,,,,,,,,,,,,,0.0,0.09787453432580001,,,,,,0.0,,,,,,,,,,,,
7-Keto-DHEA,,,,,,,0.3813404055593965,,,,0.38108815061727297,,0.2921835884081493,,,,,,,,,,,,,,,0.119403562123,,0.48090983396693854,,,,,,,0.44216765616766907,,,,,,,,,,,,0.11150186548,,,,,,,,,,,,,,,,,0.11150186548,,,,0.4969001097537026,,0.11150186548,0.11150186548,,0.11150186548,0.5158813379652049,,0.6061278512572701,,,,,0.5416720922231124,0.11150186548,0.11150186548,,,,0.11150186548,0.11150186548,,,0.3166756929796938,0.4999973408862526,0.11150186548,0.11150186548,0.11150186548,,,,,,,,,,,,,,,,,,,0.5949412748958686,0.5081272588196148,,,,0.11150186548,,,,,,,,,,,,,,,0.2648740225901818,,0.39472006231878637,,,0.5382534805006077,,0.11150186548,,,,,,0.11150186548,,,,0.09272795108363636,0.5000632470274238,,,0.7204568009215205,,,,,,,,,,,,,,,,,,0.11150186548,0.11150186548,,0.11150186548,,,,,,,,,,,,0.11150186548,,0.4696592350681781,,0.3876664396226569,,,,,,,0.11150186548,,,,0.11150186548,,,0.11150186548,,,,,,,,,,,0.11150186548,,,,,0.29509158744727265,,,,,,0.127302569502,,,,,0.11150186548,,,,,,,,0.45092564135254215,,,,,,,,,,0.5204887201513431,,,,,,,,0.5534552238109092,0.119403562123,,,,,,,,,,,,,0.4078587484501732,0.29381886017454545,,,,,,,,,,,,,0.11150186548,0.11150186548,0.3730678994766715,,0.2632734056290909,,,0.6177702288237567,,,,,,,,,,,,0.4703915004499075,,0.35866353682308055,0.119403562123,,,,,,,,,,,,0.23922309647358656,,,,,,,,,0.11150186548,,0.11150186548,0.11150186548,,,,,,,,0.29000067835636356,0.11150186548,,,,,,,,,,,,,,,,,,,,,0.11150186548,,,0.11150186548,,,,,,,0.11150186548,,,,,,0.28745522381090904,,,,,,,,,,,,,,,,,0.35451370930281106,,,,,,,,,,,,0.5010484347564769,,,,,0.11150186548,0.11150186548,0.5141215766609721,,0.11150186548,0.11150186548,0.11150186548,,0.42363704199272717,0.11150186548,,,,0.11150186548,0.41251038622654546,,,0.3001824965381818,,,,,,0.11150186548,,,,,,,0.40567130580270555,,,,,0.11150186548,,,,,,,0.4758188601745454,,,,0.4210915874472727,,,,,,0.11150186548,,,,,,,,,,0.11818249653818183,,,,,,,,,0.4664985564109781,,0.11150186548,0.11150186548,,,,,,,,,,,,,,,,0.11150186548,0.5291549243065996,,,0.11150186548,,,,,,,,,,,,0.5409453587010433,,,,,,,,,,,,,,,,,,,,,,,,,,,,,,,,,,0.6177702288237567,,,,,,,,,,,,,,,,,,
7α-Hydroxy-DHEA,,,,,,,0.3764742255107348,,,,0.11150186548,,0.41031199571246935,,,,,,,,,,,0.11150186548,,,,0.11150186548,,0.3981463689687464,,,,0.0,,,,,,,,,,,,,,,,,,,,,,,,,,,,,,0.5056068508442995,0.47136473645963983,0.11150186548,0.0,,,0.5461481418132417,,,0.3886396756323893,,0.11150186548,0.49155704528715616,,0.6068605180329996,,0.1909090909090909,,,0.5141871208878638,,0.11150186548,,,,,,,,,0.4677113829022576,,0.11150186548,,,,0.0,,,,,,,,,,,,,,,,0.6088069900524642,0.5362085770405524,,,,,,,,,,,,,,,,,0.0,,0.399455223810909,,,,,0.6156678745737338,,,,,,,,0.11150186548,,,,0.10418249653818182,0.5832868775788613,,,0.649737375652322,,,,,,,,,,,,,0.4325461329018181,,,,,,,,,,,,,,,,,,,,,,0.38571996760319216,,,,,,,,,0.11150186548,,,,0.0,,,,,,,,,,,,,,,,,,,0.29509158744727265,,,,,0.11150186548,0.0,,0.4021818181818181,,,,,,,0.0,,,,,,,,,,,,,0.30163636363636354,0.3930192376761849,,,,,,,,0.5179999999999999,0.11150186548,0.11150186548,,,,,,,,,,,,0.4022649797686423,0.303055840772,,,0.0,,,,,,,,,,0.11150186548,0.11150186548,0.11150186548,,0.39818249653818183,,,0.48036483117523404,0.11150186548,0.11150186548,,,,,0.3620035112482588,,,,,,,0.35426970144449094,0.0,,,,,,,0.0,,,,,,,,,,,,,,0.11150186548,0.11150186548,0.11150186548,0.11150186548,,,,,,,,,,,,,,,,,,,,,,,,,,,,,,0.11150186548,,,0.11150186548,,,,,,,0.11150186548,,0.463578848381781,,,,0.2191863028589629,,,,,,,,,,,,,,,,,0.2321455419826097,,,0.0,,,,,,,0.369090909090909,,,,,,,0.11150186548,0.11150186548,0.45163704199272725,,,0.0,0.11150186548,,0.28778311349927266,,,,0.0,,0.2887279510836363,,,0.29000067835636356,,,,,,0.11150186548,,,,,,,0.49520901869808265,,,,0.11150186548,0.11150186548,,,,,,,0.48345522381090894,,,,0.28236431471999995,,,,,0.0,0.0,,,,0.11150186548,,,,,,0.11436431472000001,,,,,,,0.46893164643530905,,0.3647953933939465,,,0.11150186548,,0.0,,,,,,,,,,,,,,,0.5833050377897512,,,,,,,,,,,,,,,0.5146737388927299,,,,,,,,,,,,,,,,,,0.0,,,,,0.0,,,,,,,,,,,0.5251336876229227,,,,,,,,,,,,,,,,,0.0,
7β-Hydroxy-DHEA,,,,,,,0.3764742255107348,,,,0.11150186548,,0.3465966440096122,,,,,,,,,,,0.11150186548,,,,0.11150186548,,0.3981463689687464,,,,0.0,,,,0.0,,,,,,,,,,,,,,,,,,,,,,,,,,0.5056068508442995,0.47136473645963983,0.11150186548,0.0,,,0.5461481418132417,,,0.3886396756323893,,0.11150186548,0.49155704528715616,,0.6005394602741996,,0.1909090909090909,,,0.5141871208878638,,0.11150186548,,,,,,,,0.3165035065120939,0.4677113829022576,,0.0,,,,0.0,,,,,,,,,,,,,,,,0.6024859322936642,0.5362085770405524,,,,,,,,,,,,,,,,,0.0,,0.3589090909090908,,,,,0.6156678745737338,,,,,,,,0.11150186548,,,,0.10418249653818182,0.5832868775788613,,,0.643417485600522,,,,,0.0,,,,,,,,0.4325461329018181,,,,,,,,,,,,,,,,,,,,,,0.38571996760319216,,,,,,,,,0.11150186548,0.0,,,0.0,,,,,,,,,,,,,,,,,,,0.29509158744727265,,,,,0.11150186548,0.0,0.0,0.4021818181818181,,,,,,,0.0,,,,,,,,,,,,,0.30163636363636354,0.3930192376761849,,,,,,,,,0.11150186548,0.11150186548,,,,,,,,,,,,0.4022649797686423,0.303055840772,,,0.11150186548,,,,,,,,,,0.11150186548,0.0,0.11150186548,,0.35763636363636364,,,0.48036483117523404,0.11150186548,0.11150186548,,,,,0.3620035112482588,,,,,,,0.35426970144449094,0.11150186548,,,,,,,0.0,,,,,,,,,,,,,,0.11150186548,0.11150186548,0.11150186548,0.11150186548,,,,,,,,,,,,,,,,,,,0.10309090909090908,,,,,,,,,0.0,,0.11150186548,,,0.11150186548,,,,,,,0.11150186548,,0.463578848381781,,,,,,,,,,,,,,,,,,,,,,,,0.0,,,,,,,,,,,,,,0.0,0.11150186548,0.45163704199272725,,,,0.0,,0.28778311349927266,,,,0.0,,0.2887279510836363,,,0.29000067835636356,,,,,,0.11150186548,,,,,,,0.49520901869808265,,,,0.11150186548,0.11150186548,,,,,,,0.48345522381090894,,,,0.28236431471999995,,,,,0.0,0.0,,,,0.11150186548,,,,,,0.11436431472000001,,,,,,,0.46893164643530905,,0.3647953933939465,,,0.11150186548,,,,,,,,,,,,,,,,,0.5851638679379865,,,,,,,,,,,,,,,0.5146737388927299,,,,,,,,,,,,,,,,,,0.0,,,,,,,,,,,,,,,,0.5251336876229227,,,,,,,,,,0.0,,,,,,,,
"Androst-4-ene-3,11,17-trione",,,,,,,,,,,0.11150186548,,,,,0.11150186548,,,,,,,,,,0.11150186548,0.11150186548,,0.11150186548,,,,,0.11150186548,,,0.5343586608288594,,,,0.11150186548,0.11150186548,,0.11150186548,,,,,,0.11150186548,,,,,,0.35109158744727265,,,,,,,,,,,,0.30658522967751733,,0.4215135346857192,,0.11150186548,,,,0.5944327578613421,,0.6379625718865936,,,,,0.569150520637961,,,0.13345522381090907,,,,,,,,0.644489728918446,,0.11150186548,,,0.11150186548,0.5594306436210978,,,0.3918188601745453,0.11150186548,,,0.11150186548,0.1410915874472727,0.4385460791370006,,0.11150186548,,,,,0.6768689124215863,0.6224603459054457,,,,0.11150186548,,,,,,,,,,,,0.11150186548,0.11150186548,,0.2620006783563636,,0.3404644931506375,,,0.6851814034591548,,,,,,,,,,,,,,,,0.7096622184463512,,,,,,,,,,,,,,,,,,0.11150186548,,,,,,,,,,0.11150186548,,,,,,0.11150186548,0.4621189943671825,,0.6853296247422317,,,,,,,,,0.2620006783563636,,,,,0.11150186548,,,,,,,0.11150186548,,,,,0.25172850534551594,,,0.11150186548,,,0.11150186548,,,,0.11150186548,0.11150186548,,,,0.11150186548,,,,,0.11150186548,,0.11054613290181818,0.33143023713312153,0.11150186548,,,,0.11150186548,,,,,0.45335987027959124,,,,,,,,,0.11150186548,,,,,,,,,,,,,0.6877627147665625,0.2912734056290909,,,,,,,,0.22763704199272725,,,,0.0,,,0.3355983131019757,,,,,0.11150186548,,,,,,0.11150186548,0.3589498042064903,,,,,0.638935807896326,,,0.11150186548,,,,,,,,,,,,,,0.11150186548,,,,,,,,,,,,,0.23235234409165995,0.11150186548,,,,,,,,,,,,0.11150186548,,,,,,,,,,0.11150186548,,,,0.4275691160216836,,,,,,,,,,,,,,0.127302569502,,,,,,,0.11150186548,,,,,,,,,,,,0.10672795108363635,,,,,,,,,,,,0.44849369023092944,,,,0.11150186548,,,0.3896849959709632,0.11150186548,,,,,,0.11150186548,,,,,0.4096370419927272,,,,,,,,,,0.3778188601745454,,,,,,,,,,,,,,,,,,,,,,,,,,0.29535186329425644,,0.11150186548,,,,,,,,,,0.13727340562909088,,,,,,,,,,,,,,0.11150186548,,,,,,,,,0.11150186548,,,,,,0.479321258547248,,0.11150186548,,,,,,,,,,0.11150186548,,,0.5594306436210978,,,,,,,,,,,,,,,,,,,0.11150186548,,,,,,,,,,,,,,0.11150186548,0.3248927169949197,,,,0.11150186548,,0.11150186548,,,,,,,,,,,,0.11150186548
Androstanolone,,,,,,,,,,,0.0,,,0.11433755860500001,,,,,,,,,,,,,,0.41139318118360396,,0.20999999999999996,,,,,,0.09787453432580001,,,,,,,,,,,,,0.0,,,,,,,,,,,0.23795437611847273,,,,0.35509090909090907,0.0,,,,,0.44289047293997635,,0.0,0.0,,,0.63914981373032,,1.0,,,,,0.264720194647202,0.0,,,,,0.11433755860500001,0.0,,,,,0.0,0.09787453432580001,0.4228929625867027,,,,,,,,,,,,0.42037446949529284,,,,0.5409090909090909,,,1.0,,0.0,,,0.0,,0.09787453432580001,,,,,,,,,,,,,,,,,,0.9439199726409042,,,,0.0,,,,,,,,,0.8427513155842055,0.4145914711305645,,0.6252344294815787,,,,0.11433755860500001,,0.1845454545454545,,,,,,,,,,0.0,0.0,0.0,0.0,,0.11433755860500001,,,,,,,,,0.35985936114622574,0.0,,,,0.4180048661800486,,0.09787453432580001,,,,,,,,,,,0.0,,,0.0,,,,,0.0,0.21760956061256617,,,,,0.0,,,,,0.2545454545454545,0.24309090909090905,,,,,,,,,,,,,,,,,,,,,,,,,,,,0.47960681260831917,,,,,,,,0.5116363636363636,0.3656004478789567,0.31846854852350737,,,,,,,,,,,,,0.29013619430029086,,,0.09787453432580001,,,0.09787453432580001,,0.3715907397548363,,,0.09787453432580001,,,,,,,,,,,,,,,,0.20239903965132505,,,,0.5179999999999999,0.8861832165465109,,,,,,,,,,,,0.09787453432580001,,,0.25956987228020084,,,,,,,,,0.09787453432580001,,0.09787453432580001,,,,,,,,,,,,,,0.5172968555307416,,,,0.0,,,,,,,,,,,,,0.106099949133,,,0.0,0.22643195483316703,,,,,,,,,,,,0.30282012219751603,,,,,,,,0.09787453432580001,,,,,,,,,,,,,0.0,,,,,,,,0.41518937138069395,,,,,,0.11433755860500001,,,0.0,,,,0.43230456676545453,0.0,,,,0.0,,,,0.29994093040181813,,,,,,,0.1628634670275636,,,,,,,,,,,,,,,,,,,,,,,,,,0.40801371802840014,,,,,0.09787453432580001,,,,,,,,0.0,,,,,0.09787453432580001,,,,,,0.106099949133,,,,,,,,,,,0.09787453432580001,,,,0.6424399796532,0.0,0.6172507283127675,,,,,,,,,0.5180102127277343,,,,,,0.28126520681265205,,,,,,,,,,,,,,,,,,,,,,,,,,0.09787453432580001,,,,0.476835618279,,,,0.4756267578259396,,0.09787453432580001,,,,,0.09787453432580001,,,,0.09787453432580001,0.0,,,,,,
Androstenediol,,,,,,0.0,0.0,,0.0,,0.09787453432580001,0.0,,,,,,,,,,,,,,,,0.27931873479318736,,0.21381818181818177,,,,,0.0,,,,,,,,,,,,,,,,0.0,,,,,,,,,,,,0.0,,,0.0,,,0.2662799268080647,0.9356115643337626,,,0.5123328954316165,0.0,0.0,0.33868613138686127,,0.9357664233576642,,,,,0.7528563391222405,,,,,,0.0,,,,0.3277463481367704,0.4355709611981481,,,0.4868383782072056,,,0.0,,,,,,,,,,,,,0.4565183532891963,,,0.5782064030108642,,,,,,,,,,,0.30632581119913493,,,,,,,,0.0,,,,,,0.9089614366344068,,0.0,0.3894545454545454,,,,,0.0,,,0.3258181818181818,0.226699012451696,0.40680558305270553,,0.0,0.4291037929943279,,0.33599999999999997,,,,,,,,,,0.3951897861500996,,,,,,,0.0,,0.0,,,,0.5561818181818181,,,,,,,,0.09787453432580001,,0.4844052881828747,,,,,0.0,,,,,,,,,,,,,,,,,0.29921115162081746,,,,,,,,0.09787453432580001,,,0.45075364740684354,,,0.30922280643104993,0.0,0.0,,,,,,,,,,,,,0.21381818181818177,,,,,,,,,,0.30532986239212045,,,,0.09787453432580001,,,0.0,,,0.0,,,,,,,,,,,,,0.3629595414877132,,,,,0.0,0.32674105460623243,,,,,,,0.09787453432580001,,,,0.22527272727272724,,0.2647272727272727,0.44524840543713384,0.0,,,,,,,,,,,,,0.2077999868069241,,,,,,,0.0,0.0,,,,,,,,,,,,,,0.0,0.0,0.09787453432580001,0.0,,,,,,,,,,,,,,,,,,,0.12849983066392726,,,,,,,,,,,0.0,,,,,,,,,,,,0.5942675370954005,,,,0.329416844902785,,,,,,,,,,,,,,0.5024101543629234,,,,,,0.0,,,,,,,,,0.0,,,,,,0.0,,,,,,,0.4161361943002909,,,,,,0.2545454545454545,,,0.412318012482109,,,0.49254545454545445,,,0.5280874884336,,,,,,,0.595727391109999,,,,0.0,,0.0,,,,,,,,,,,,0.09787453432580001,,0.3009149395980894,,,,,0.09787453432580001,,,,,,,,,,,,,0.0,,,0.4609342037620672,,,0.0,,,,,,,,,,,,,,,,,0.8939768578898106,,,,,,,,,,,0.0,,,,0.3362530413625304,,,,,,,,,,,,,,,,,,,,,,,,,,,0.09787453432580001,0.0,,0.09787453432580001,,,,0.590374593056471,,,,,,,,,,,,,,,,,,
Androstenedione,,0.0,,,,0.09787453432580001,0.3048432443872543,,,,0.09787453432580001,,,,,,,,,,,,,,,,,0.09787453432580001,,,,,,0.0,0.0,,0.5628889682820253,,,,0.09787453432580001,,,,,,,0.4823636363636363,,,,,0.0,0.0,,0.05345454545454545,,,0.0,,,,,,,0.0,,,,0.39358184004217145,,0.0,0.0,,,0.6771702239077169,,0.9338199513381996,,,,0.09787453432580001,0.7000649512123903,,0.0,,,,0.0,,,,0.24686346702756357,0.658341958752338,,,0.0,,0.09787453432580001,0.6630583017665976,0.0,,0.4186816488457454,0.0,,,0.0,0.2303636363636363,0.31690909090909086,,,,,,0.46909975669099757,0.9338199513381996,0.7100483333743844,,,,0.0,,,,,,,,,,,,,0.09787453432580001,,0.25704528520938175,,0.09787453432580001,,,0.9032583411762538,,,,,,,,,,,,,,,,0.9029207039722978,,,,,,,,,,,,,,,,,,0.0,,,0.0,,,,,,,0.09787453432580001,,,,,0.09787453432580001,,0.47321307407095264,,0.9450121654501216,,,0.0,,,,,,,,,,,0.0,,,,,,,0.0,,,,0.09787453432580001,0.10559073975483636,,,,,,,,,,0.09787453432580001,,,,,,,0.0,,,,,,0.24177255793665453,0.0,,,,0.0,,,,,0.36847404291354063,,,,0.09787453432580001,,,,,0.09787453432580001,,,,,,,,,,,,,0.9450121654501216,0.3856363636363636,,,,,,,,0.24304528520938176,,,,,,,0.09787453432580001,,,0.0,,0.09787453432580001,,,,,,,,,,,,0.9338199513381996,,,0.09787453432580001,,,,,,,0.0,,,,0.0,,,,,,,,,,,,,,,,0.0,,,,,,,,,,,,,0.09787453432580001,,,,,,,,,,0.09787453432580001,,0.0,,0.37734932711231517,,,,,,,,,,0.0,,,,0.09787453432580001,0.26854545454545453,,,,,,,,,,,,,,,,,,0.17027221670983658,,,,,,0.0,,,,,,0.3651838769906606,,,,,,0.0,0.4530452852093818,,,,,,0.2545454545454545,0.0,,,,,0.2799543761184727,,,0.34280148847860314,,,,,,,,,,,,,,,,,,,,,,,,,,,,,,,,,0.526221937431,0.0,,,,,,,,,,,,,,,,,,,,0.3493917274939173,,,,,,,,,,,,,,0.09787453432580001,,,,,,0.4807247179413482,,,,,,,,,,,,0.09787453432580001,,,0.6674378638103933,,,,,,,,,,,,,,,,,,,,,,,,,,,,,,,,,0.0,0.3027806122566063,,,,,,0.0,,,,,,,,,,,,
Bolasterone,,,,,,0.101613854776,0.39337003542951726,,0.101613854776,,0.3436611988723036,0.101613854776,,0.101613854776,,,,,,,,,,,,,,0.32667328214647395,,,,,,,,,0.47568203826076494,,,,,,,,,,,,,,,,,,,,,,,,,,,,,0.101613854776,,,,0.4463461923021778,,,0.3725190212291348,,0.101613854776,0.951756017770032,,1.0,,,,,0.7934535643958005,,,,,0.101613854776,0.101613854776,,,,0.2872904906856831,0.7375770751645493,,,0.101613854776,,,0.43911212788693815,,,0.2825868562821818,,,,,,,,,,0.35894048622466634,,,0.8630399390916643,0.6298265124252804,,,,0.0,,,,,,,,,,,,,,,0.319235033240553,,0.5947250411296758,,,0.9115875289538758,,0.101613854776,,,,,,,,,0.3602232199185454,0.3500414017367272,0.3683308347183523,,,0.8237119698530144,,,,,,,,,,,,,,,,,,0.0,0.101613854776,,0.24551732904941778,0.101613854776,,,,,,,,,,,0.4324901845306248,,0.47220215221783846,,0.46370796367212364,,,,,,,0.0,,,,,0.101613854776,,0.101613854776,,,,,,0.3159824212468505,,,,,0.109945769839,0.24440503810036363,,,,,0.3987378241379339,,,,0.101613854776,0.11827708477200001,,,,,,,,,,,,,0.48976784300028164,,,,,,,,,,0.5440674627404398,,,,0.109945769839,,,,,0.209877021734,0.101613854776,,,,,,,,,,,,0.5160427998318813,0.544610969746002,,,0.0,,,0.5608401891123465,,,,,,,0.101613854776,,0.3768985832729304,,0.2163636363636363,,,0.3932231429001908,0.101613854776,,,,,,,,,,,0.5131334627751941,,0.33763751266006775,0.101613854776,,,,,,,,,,,,,,,,,,,,,,,0.101613854776,0.101613854776,,,,,,,,,,,,,,,,,,,0.12604140173672726,,,,,,,,,,,0.3520810650247552,,,0.0,,,,,,,,,0.0,,,,,,0.3974482041983878,,,,,,,0.101613854776,,,,,,,,0.3600964352349914,,,0.101613854776,,,,,,,,0.101613854776,0.4707422982032398,,,,,,0.101613854776,0.6169762424734564,,,,,,0.41622321991854544,,0.24480639096128,,,,0.4468235323207272,,,0.3983674219624651,,,0.2991323108276363,,,0.0,0.23549594719127268,,,,,,0.3034192645381372,,,,,,,,,,,,,,,,,,,,0.317326722759663,,,,,,0.101613854776,,,,,,,,,,,,,,,0.5525676830296213,,,,,,,,,0.0,,,,,0.101613854776,,,,0.5559740090636847,,0.6457297441879858,,,,,,,,,,,,,,,0.7992816816624846,,,,,,,,,,,,,,,,,,,,,,,,,,0.101613854776,,,,,,,,0.5889426235066783,,0.0,,,,,,,,,,,,,,,,
Boldenone,,0.0,,,,,,,,,0.0,0.0,,0.09787453432580001,,,,,,,,,,,,,,0.09787453432580001,,0.35381818181818175,,,,,,,,,,,,,,,,,,,,,,,,,,,,,,,,,,,,,,,,0.3721648396209553,,0.0,,,,0.5683692819609527,,0.8680139234074978,,,,,0.4264977456037993,0.0,,,,0.09787453432580001,0.09787453432580001,0.0,,,,0.4968878560803895,0.0,0.0,0.09787453432580001,,,0.2936510302753322,,,,,,,,,,,,0.0,0.5421818181818181,,,0.489825790710509,0.49346228587976254,,,,0.0,,,,,,,0.0,,,,,,,,0.40213619430029085,,0.2566680619055025,0.0,,0.6948994926007706,,,,,,,,0.0,,,,,0.2746729280855511,,,0.6759135537426649,,,,,,,,,,,,,0.252,,,,,,0.0,,0.09787453432580001,0.09787453432580001,,,,0.0,,,,,0.0,,0.09787453432580001,,0.3320938526597604,,0.2902447042412689,,,,,,,,,,0.0,0.0,0.09787453432580001,,0.0,,,,,,0.19978731930728497,,,,,0.0,0.2710452852093818,,,,0.2570909090909091,,,,,,0.0,,,,,,0.0,,,,,,,0.19896174816539505,,,,,,,0.0,,,0.3189551665283735,,,,0.0,,,,0.5116363636363636,0.09787453432580001,,,,,,,,,,,,,0.3359867966986898,0.30488016808810864,,,0.0,,,,,0.36395437611847264,,,,,,,0.09787453432580001,,,,0.29272727272727267,0.29073132224613507,,,,,,,,,,,,0.09787453432580001,,0.2667614804347158,,,,,,,0.0,0.0,,,,,,,,,,,,,,,,,,,,,,,,,,,,,,,,,0.0,,,,,,,,,,0.0,0.0,,,,,,0.0,0.2962744916745466,,,,,,,,,,,,0.39072727272727276,,,0.22140892157301814,,,,,,0.0,,,,,,,,,,,,,,,,,,,0.09787453432580001,,0.09787453432580001,,,,,0.0,0.2394555223173916,,0.0,,,,0.4212271033912,0.0,,,,0.0,0.40849983066392725,,,0.3015907397548363,,,,,,0.0,0.11836363636363634,,,,,,,,,,,,,,,,,,,,,,,,,,0.25339708113745885,,,,,,,,,,,,,0.0,,,,,,,,,,0.09787453432580001,,,,,,,0.09787453432580001,,,,,,,,,0.4625074779638966,0.0,0.666844406898694,,,0.09787453432580001,,,,,,,,,,,,0.4628779358575796,,,,,,,,,,,,,,,,,,0.0,,,,,,,,,,,,,,,,0.3247945825867677,,,,,,,,,,,,,,,,,,
Boldione,,0.0,,,,,,,,,,,,,,0.0,,,,,,,,,,,,0.0,,,,,,,0.0,,0.4235780375746023,,,,0.0,,,,,,,,,,,,0.0,0.0,,0.182,,,,,,,,0.35381818181818175,0.0,,,,,0.3440637948234743,,0.0,,,,0.4488821738276436,,0.513324358710362,,,,0.09787453432580001,0.4448730696775309,,0.0,,,0.09787453432580001,0.09787453432580001,,,,,0.5123327194940631,,,,,0.09787453432580001,0.406546407404286,0.0,,0.28542664949191354,0.0,,,0.0,0.0649090909090909,0.42547646333439654,,,0.09787453432580001,,,,0.513324358710362,0.4570106028797515,,,,0.0,,,,,,,,,,,,,0.0,,0.4135907397548364,,,0.09787453432580001,,0.5971600017787323,,,,,,,,,,,,,,,,0.7973026216339492,,,,,,,,,,,,,,,,,,0.0,,,0.09787453432580001,0.09787453432580001,,,,,,0.09787453432580001,,,,,0.09787453432580001,,0.2856447688564477,,0.4962927285400458,,,0.0,,,,,,,,,,,0.0,,,,,,,0.0,,,,,0.2036363636363636,,,0.0,,,,,,,0.0,,,,,,,0.0,,,,,0.06999999999999999,0.20618181818181816,,,,,0.0,,,,,0.2615342419541643,,,,,,,,,0.0,,,,,,,,,,,,,0.4962927285400458,,,,,,,,,0.38177255793665454,,,,,,,0.2508286458471083,,,0.0,,0.0,,,,,,,,,,,,0.513324358710362,,,0.0,,,,0.0,,0.0,0.0,,,,,,,,,,,,,,,,,,,,0.0,,,,,,,,0.0,,,,,0.09787453432580001,,,,,,,,,,0.09787453432580001,,0.0,,,,,,,,,,,,,,,,0.09787453432580001,,,,,0.2112271033912,,,,,0.0,,,,,,,,,,,,,,,,,,,,0.09787453432580001,0.21995133819951337,0.0,,,,,,,0.0,,,,,0.4174089215730181,0.0,,,,,0.24054545454545453,,,0.4788363724676707,,,,,,,,,,,,,,,,,,,,0.0,,,,,,,,,,,,,0.22987592244692745,0.0,,,,,,,,,,,0.22018181818181815,,,,,,,,,,,0.0,,,,,,,,,0.0,,,0.09787453432580001,,,,0.39513381995133817,,0.48860943325404815,,,0.0,,0.21254545454545448,,,,,,,0.0,,,0.43379701567679196,,,,,,,0.0,,,,,,,,,,,,,,,,,,,,,,,,0.0,,0.0,0.09787453432580001,,,,,,,,,,,,,,,,,,
Calusterone,,,,,,0.101613854776,0.109945769839,,0.101613854776,,0.11827708477200001,0.101613854776,,0.101613854776,,,,,,,,,,,,,,0.168264713882,,,,,,,,,0.3914971234189158,,,,,,,,,,,,,,,,,,,,,,,,,,,,,0.101613854776,,,,0.39506476704811333,,0.0,0.101613854776,,0.101613854776,0.8717199152972301,,0.9297684120103982,,,,,0.7468951423829324,,,,,0.101613854776,0.101613854776,,,,0.13609791161709087,0.7006271053805478,,,0.101613854776,,,0.3481145609769625,,,0.2825868562821818,,,,,,,,,,0.31185958355490906,,,0.7916641200396624,0.5700760834289913,,,,0.0,,,,,,,,,,,,,,,0.2571323108276363,,0.53382603556254,,,0.8789841226278418,,0.101613854776,,,,,,,,,0.3602232199185454,0.3500414017367272,0.3196690342317343,,,0.7856412671193663,,,,,,,,,,,,,,,,,,0.0,0.101613854776,,0.24551732904941778,0.101613854776,,,,,,,,,,,0.34051938161091677,,0.3802313492981304,,0.4632213456672574,,,,,,,0.0,,,,,0.101613854776,,0.101613854776,,,,,,0.26188194894113986,,,,,0.109945769839,0.24440503810036363,,,,,0.37011323561639387,,,,0.101613854776,0.11827708477200001,,,,,,,,,,,,,0.4556623738603177,,,,,,,,,,0.44777135026979953,,,,0.109945769839,,,,,0.209877021734,0.101613854776,,,,,,,,,,,,0.5122073850986151,0.49332954449193767,,,0.0,,,0.4966066124700106,,,,,,,,,0.101613854776,,0.2163636363636363,,,0.126610168686,0.101613854776,,,,,,,,,,,0.4149667833847523,,0.2972482182561748,0.101613854776,,,,,,,,,,,,,,,,,,,,,,,0.101613854776,0.101613854776,,,,,,,,,,,,,,,,,,,0.12604140173672726,,,,,,,,,,,0.3034192645381372,,,0.0,,,,,,,,,0.101613854776,,,,,,0.3974482041983878,,,,,,,0.101613854776,,,,,,,,0.3284658841904119,,,0.101613854776,,,,,,,,0.101613854776,0.3777982592737995,,,,,,0.101613854776,0.5831145612372589,,,,,,0.41622321991854544,,0.24480639096128,,,,0.4468235323207272,,,0.3508506050167087,,,0.2991323108276363,,,0.0,0.23549594719127268,,,,,,0.101613854776,,,,,,,,,,,,,,,,,,,,0.3125659713693773,,,,,,0.101613854776,,,,,,,0.0,,,,,,,,0.48784748838241937,,,,,,,,,0.0,,,,,0.101613854776,,,,0.49076719641161654,,0.591904611621998,,,,,,,,,,,,,,,0.7207410635468166,,,,,,,,,,,,,,,,,,,,,,,,,,0.101613854776,,,,,,,,0.5242224288594763,,,,,,,,,,,,,,,,,,
Clostebol,,,,,,,,,0.0,,0.0,0.0,,,,,,,,,,,,,,,,0.11150186548,,0.3512727272727272,,,,,,,,,,,,,,,,,,,0.0,,,,,,,,,,,,,,0.0,,,0.0,,,,0.36139875008574784,,0.0,0.15425790754257906,,0.0,0.4703451666204662,,0.5012644109770384,,,,,0.36454313845182285,0.0,,,,0.0,0.0,0.0,,,0.25679505751382853,0.49974798556046746,0.0,0.11150186548,,,,0.21540366590002918,,0.0,,,,,,,,,,,,,,0.4688853126058675,0.4378131413686792,,,,0.0,,,,,,,0.0,,,,,,,,0.23290909090909087,,0.1973987997199805,,,0.6706254148244775,,0.0,,0.0,,,,,,,,0.17181818181818181,0.2660119384061119,,,0.46543863256459245,,,,,,,,,,,,,0.3805454545454545,,,0.0,,0.0,,,0.0,0.0,,,,,,,,,,,0.11150186548,,0.20535279805352796,,0.24411412818713377,,,,,,,,,,,0.0,,,0.0,,,0.0,,0.0,,,,,,0.11150186548,,,,,,,,,,0.0,0.11150186548,,,,,,,,,,,,,0.12581886017454544,,,,,,,,,,0.279637242542365,,,,0.0,,,,,0.11150186548,,,,,,,,,,,,,0.33121875105818,0.28579920807916415,,,0.0,,,0.15523114355231143,,0.3270909090909091,,,0.0,,0.0,,0.0,,,,,0.286266436430455,0.0,0.0,,,,,0.18452113484024318,,,,0.504,0.2450873641968662,,,,,,,,,,0.0,0.0,,,,,,,,,,,,,,0.0,0.0,,,,,,,,,,,,,,0.0,,,,,,0.2176363636363636,,,,,,,,,,,0.0,,,0.0,,,,,,,,,,,,,,,,,,,,,,,,,,,,,,0.18737756035308342,,,,,,,,,,,0.0,0.23503649635036497,,,,,,0.0,0.3104698821882238,,0.0,,,,0.3945454545454544,0.0,,,,0.0,0.43127340562909094,,,0.2570909090909091,,,0.35636363636363627,,,,0.3320006783563636,,,,,,0.0,,,,,,,,,,,,,,,,,,,,0.0,,,,,,,,,,,,,0.0,,,,,,,,,,,,,,,,,,,,,,,,,,0.39902676399026754,0.0,0.5880707517212942,,,,,,,,,,,,,,,0.4688853126058675,,,,,,,,,,,,,,,,,,,,,,,,,,,,,,0.11150186548,,,,0.2733112084791046,,,,,,,,,,,,,,,,,,
Danazol,,,,,,,,,,,,,,,,,,,,0.05644768856447689,,,,,,,,,,0.23418181818181816,,,,,0.0,,,,,,,,,,,,,,,,0.0,,,,,,,,,,,,,0.27236363636363636,0.0,,,,,0.6220795763560899,,0.0,0.0,0.0,,0.9651056989725187,,0.9805352798053528,,,,,,,0.0,,,,,,,,,0.6418985689673046,,,,,,,,,,,,,,,,,,,0.4149090909090908,,,,0.24232178279216274,,,0.0,0.0,,,,,,0.2793076698708305,,,0.9805352798053528,0.0,,,,,,,0.9805352798053528,,,0.9181528609809526,,,0.60007957635609,,,0.0,,0.0,0.0,,,,,,0.0,0.37541777586947184,,0.8361972234149133,,,,,,,0.0,,,0.28093997135098797,,,,,,0.0,0.0,0.0,,,,,0.43399999999999994,,,,,0.0,0.0,,,,,,,1.0,,0.0,,,0.9805352798053528,,,,0.9805352798053528,,0.0,,,,,,,0.0,,,,,0.0,,,0.0,,,0.25836363636363635,0.8740795763560898,,0.0,,,,,,,,0.0,,,0.0,,0.0,,,,,0.0,,0.9805352798053528,,,,,,0.0,,,,,,,,0.5192727272727272,0.0,0.0,,,,,,,,,,,,,0.6377266351796194,,,,,,0.07834549878345498,,,,0.0,,,,,0.0,,0.3792727272727272,0.0,0.6270207528266781,,,0.9805352798053528,0.0,,,,0.40636972160033236,,,,,,,,,0.0,,,,,0.0,0.9805352798053528,,,0.0,,,,,,,,,,,,,,,,,0.0,,,,,,,0.0,,,,,,,,,,,,,,,,,,,,0.0,,,0.0,,,0.0,,0.2411139917020193,,,,,,,,0.2698181818181818,,,,0.0,,,,,,,,,,,,,0.30722334500266907,,,,,,,,,,,,,,,,,0.0,,0.8567854587090311,,,,,,,,,,,,,,,,,,,0.0,,,0.0878181818181818,,,,,,,,,,,0.0,0.0,,,0.0,,,,,,,0.5281818181818181,,,,0.05644768856447689,,,,,,,,0.0,0.0,,,,,,,,,,,,,,,,,,,,0.0,,,,,,0.0,,,,,,0.4613267076371068,,,,,,,,,,,0.0,,,,0.0,,,,,,,0.0,,,,,,,,,,,,,,,,,,,,,,0.0,0.0,,,,,,,,,,,,,,,,,,,,,,
Dehydrochlormethyltestosterone,,,,,,,,,,,,,,,,,,,,,,,,,,,,,,0.3563636363636363,0.0,,,0.0,,,,,,,,,0.0,,,,,,0.0,,,,,,,,,,,,,,0.0,,,,,,,0.2570355198585579,,0.0,,,,0.3773852012777965,,0.4496708314646676,,,0.0,,0.19539006745784526,0.0,,,,0.10608272506082726,,0.0,,,,0.4796683970953794,0.0,0.0,,,,0.10900243309002434,,0.0,,,,,,,0.3271291926709462,,,,,0.0,,0.19684992147244382,0.4276203965074412,0.0,,,0.0,,,,,,,0.0,0.0,,,,,0.0,,,,,,,0.5872834390887696,,,,0.0,,0.0,,0.0,,,,,,,,0.48642901493705,,0.35763636363636364,,,,,,,,,,,0.3741818181818181,,,0.0,0.0,0.0,,,,0.10608272506082726,,,,,,,,,,,0.0,,,,,,,,,,0.0,,,,,0.0,,,0.0,0.0,,0.0,,0.0,,,,,,,,,,,0.26854545454545453,,,,,,,,,,,0.0,,,0.0,,,,,,,,,,,,,,,0.1416058394160584,,,,,,,,0.5230909090909088,,,,,,,,,,,,,,0.10900243309002434,,,,0.0,,,,,0.19345454545454543,,,0.0,,,,,,0.1896363636363636,,0.2914545454545454,,,0.0,,,,,0.23191284251903502,,,,0.5014545454545454,0.0,,,,,0.0,,,,0.0,0.0,,,,,0.2842765922715997,,,,,,,0.0,,,,,,,,,,,,,0.2596363636363636,0.0,,,,0.0,,,0.0,,0.0,,,,,,,,0.0,,0.0,,,,,0.0,0.27644981278894737,,,,0.17872605564968286,,,,,0.0,,,0.43909090909090903,,,,,,,,,,,,,,,,,,,,,0.0,,,,,,,0.10608272506082726,,,,,,,,,,0.0,,,,,0.0,,,,0.0,,,,,,,,,,,0.24567776537309086,,,,,,,,,,,,,,,,,,,,,,,,,,,,,,,,,,,,,,0.21381818181818177,0.0,,0.0,,,0.0,,,,,,,,,,,,,,,,,0.101613854776,,,,,0.0,0.39062633171756056,0.0,,,,,0.0,,,,0.0,,,0.0,,0.18857741538971876,,,,,,,,,,,,,,,,,,,,,,,,,,,,,,0.0,,,,0.12311435523114356,,,,,,,,,,0.0,,,,,,,,
Desoxymethyltestosterone,,,,,,0.0,0.09787453432580001,,0.09787453432580001,,0.09787453432580001,0.09787453432580001,,0.0,,,,,,,,,,,,,,0.2970573563093954,,,,,,,,,,0.0,,,,,,,,,,,,,,,,,,,,,,,,,,,,,,,0.35639403078630216,0.696605554775349,,,0.336473414703556,,0.09787453432580001,0.3369600327084222,,0.5546686618549741,,,,,0.4183949609956068,0.0,,,,,0.09787453432580001,,,,0.3119324231834138,0.5820694877663043,,,0.3316072346548942,,,0.09787453432580001,,,0.24309090909090905,,,,,,,,,,0.7085127653943306,,,0.4566680619055025,0.4120739320261819,,,,,,,,,,,,,,,,,,,0.12345454545454544,,0.2554744525547445,,,0.7274966313203141,,0.09787453432580001,,0.0,,,,0.0,,,0.0750909090909091,0.19345454545454543,0.2970573563093954,0.0,,0.6789844649199994,,,,,,,,,,,,,,,,,,,,,0.09787453432580001,,,,,,,,,0.0,,,0.09787453432580001,,0.390488013243702,,,,,,,,0.0,,,,,,0.0,,0.0,,,,,,0.41372444422644744,,,,,0.0,0.1985454545454545,,0.0,,,0.6376892359825659,,,0.0,0.09787453432580001,0.0,,,,,,,,,,,,,0.22018181818181815,,,,,,,,,,0.31640591639285937,,,,0.09787453432580001,,,,,0.2722398380612202,0.09787453432580001,,,,,,,,,,,,0.0,0.5295558454000555,,,0.0,,,0.681439097764036,,,,,0.0,,0.0,,0.34766562881547813,,0.24818181818181814,,,0.2751595460904173,0.0,,,,,,0.33000461944795745,,,,0.37545454545454543,,,0.20825786953365039,0.0,,,,,,,,,,,,,,,,,,,,,,,0.0,0.0,,,,,,,,,,,,,,,,,,,0.25322710339119997,,,,,,,,,,,0.09787453432580001,,,,,,,,,,,,0.3486388648252105,,,,,,,,,,,,,0.3301473806402957,,,,,,,,,,,0.09787453432580001,,,,,,,,,,,,,,,0.09787453432580001,0.5549090909090907,,,,,,0.4148634670275636,,,,,0.0,0.5790452852093818,,,0.4084998306639272,,,0.40722710339119994,,,0.346356308619236,0.2163636363636363,,,,,,0.37512484532836693,,,,,,,,,,,,,,,,,,0.09787453432580001,,0.48963706098858173,,,0.0,,0.0,0.0,,,,,,,,,,,,,,,0.122581769115,,,,,,,,,,,,,,,,,,,,0.6334398814914707,,,,,,,,,0.0,,,,,,0.09787453432580001,,,,,,,,,,,,,,,,,,,,,,,,,,0.0,0.09787453432580001,,,0.0,,,,0.3770132429258053,,,,,,,,,,,,,,,,,,
Dimethandrolone,,,,,,,0.23956930505494403,,,,0.125687252905,,,,,,,,,,0.0,,,,,,,0.125687252905,,,,0.0,0.0,,,,,,,,,,,,,0.0,,,,,,0.0,,,,,0.42127272727272724,,,,,,,,,,,,,,0.0,0.0,0.0,,,0.41913134885056447,,0.3631702782909537,,,,,0.3505182101644331,,,,,,,,,,,0.45601102277315214,,,,,0.0,,,,,,,,0.0,0.24054545454545453,,,,,,,,0.3111021517702725,0.479469299042142,,,0.0,0.0,0.0,,,,,,,,,0.0,,,,,0.4804513874017203,,,,,0.6040947694107376,,,,,,,,,,0.38054545454545446,,,,,,0.5150952371781701,0.0,,,,,,,,,,,,,0.125687252905,,,,,,,,,,,,,,,,,,,,,0.2934306569343066,,,,,,,0.0,,,,,,0.0,,,,,0.0,,0.0,,,,0.0,,,,,,,,,,,,,,0.125687252905,,,0.0,,,0.0,,0.0,,0.0,0.0,,,,,,,,,,,,0.24248901308414114,0.2507272727272727,,,,0.0,,,,0.1792286724515377,,,0.0,,,,,0.0,,0.0,,0.0,0.1693430656934307,,0.0,,,,,0.42049604175981387,,,,,,,,0.0,0.24881504714740146,,,,,,,,,,0.0,,,,,,,,0.19480044860725548,,,0.0,,,,,,,,,,,0.3080972281643175,,,,,,,,0.0,,,,0.0,,,0.0,,,,0.0,,,,,,,,,,,,0.24309090909090905,,,,,,0.0,,,,,0.26292696928852066,,,0.20875912408759126,,0.0,0.0,,,,,,,,,,,,0.28966280473033607,,,,,,,0.0,,,,,,,0.0,,0.0,0.0,,,,,,,,,,0.24686857512793675,,,,0.0,,,,,,,,0.0,,,0.2381094510403455,,,,,,0.125687252905,,,,,,0.0,,0.14763636363636365,,,,,0.0,,,,,,,,,,0.0,,,,,,,,,,,,,,,,,,,0.0,,,,,,,,0.125687252905,,,,,,0.0,,,,,0.125687252905,,,,,,,,0.0,,,,,,,0.0,,,0.0,,,0.0,,,,,,,,,0.0,0.0,0.0,,,,0.0,,,,0.125687252905,,,,,,,,,,,,,0.0,,,,,0.0,,,,,,,,,,,,,,,,,,,,0.0,,,
Drostanolone,,,,,,,,,,,0.0,,,0.127302569502,,,,,,,,,,,,,,0.31632846510136936,,0.19981818181818176,,,,,,0.11150186548,,,,,,,0.0,,,,,,,,,,,,,,,,,0.24418249653818178,,,0.0,0.3943643147199999,0.11150186548,,,,,0.38043181148549016,,,0.0,,,0.5743067810390369,,0.8436725979237372,,,,,0.11150186548,,,,,,0.127302569502,,,,,,,0.0,0.3537980514760652,,,,,0.0,,,,,,,,,,,,,,0.7738227307133431,,,,,,,0.11150186548,,,,0.3290815747287097,0.0,,,,,,,0.2238442822384428,,0.0,,,0.0,0.7776113854497392,,,,0.0,,,0.0,,,,,,0.7305502903788486,0.3188076535596623,,0.5649822330248722,,,,0.127302569502,,0.2138181818181818,,0.0,,,,,0.38818181818181813,,,0.0,,,,,0.127302569502,,,,,,,,,0.127302569502,0.0,,,,0.31922141119221414,,0.11150186548,,,,,,,,,,,0.11150186548,,,0.11150186548,,,,,0.0,,0.0,,0.0,,0.0,,,,,,,,,,,,,,,,,,,0.0,,,,,,,,,,,,,,,0.3720438062273771,,,,,,,,,0.198389228663,0.11150186548,,,,,,,,,,,,,0.2545454545454545,,,0.0,,,0.0,,0.36509158744727266,,,0.11150186548,,,,,,,,,,,0.0,,,,,0.18513672776242218,,,,0.5243636363636363,0.6489594548549469,,,,,,,,,,,,0.11150186548,,,0.25894273048784333,,,,,,,0.0,,0.11150186548,,0.11150186548,,,,,,,,,0.23799999999999996,,,,,0.4589075405271601,,,,0.0,,,,,,,,,,,,,0.11150186548,,,0.0,,,,,,,,,,,,,,,,,,,,,0.11150186548,,,,,,,,,,,,,,,,,,,,,0.3244060989900535,,,,,,0.127302569502,,,,,,,0.4319282070916363,,,,,,,,,0.3072009343643636,,,,,,,0.31672795108363627,,,,,,0.0,,,,,,,,,,,,,,,,,,,,0.3247658940452055,,,,,0.11150186548,,,,,,,,0.0,,0.0,,,0.0,,,,,,0.11150186548,,,,0.0,,,,,,,0.11150186548,,,,0.5737493896755785,0.0,0.5875352850081624,,,,,,,,,0.4480013197716029,0.0,,,,,0.0,,,,,,,,,,,,,,,,,,,,,,,,,,0.11150186548,,,0.0,0.688121712517,,,,0.4501484164395688,,0.11150186548,,,,,0.11150186548,,,,0.11150186548,0.0,,,,,,
Epi-dihydrotestosterone,,,,,,,0.0,,,,0.0,,,0.11433755860500001,,,,,,,,,,,,,,0.41139318118360396,,0.20999999999999996,,,,,,0.09787453432580001,,,,,,,,,,,,,0.0,,,,,,,,,,,0.23795437611847273,,,,,,,,,,0.44289047293997635,,0.0,0.0,,,0.63914981373032,,0.9625258821644,,,,,0.264720194647202,0.0,,,,,0.11433755860500001,0.0,,,,0.5920378179192073,0.0,0.0,0.41630704971070276,,,,,,,,,,,,0.42037446949529284,,,,0.5409090909090909,,,0.9625258821644,,0.0,,,0.0,,0.09787453432580001,,,,,0.0,,,,,,,,,,,,,0.9251829137231042,,,,,,,,,,,,,0.8241108937326054,0.41129642734176447,,0.5966389770395787,,,,0.11433755860500001,,0.1845454545454545,,,,,,,0.3932727272727272,,,0.0,0.0,0.0,0.0,,0.11433755860500001,,,,,,,,,0.35657528672142574,0.0,,,,0.4180048661800486,,0.09787453432580001,,,,,,,,,,,0.0,,,0.0,,,,,0.0,0.21760956061256617,,,,,0.0,,,,,0.2545454545454545,0.24309090909090905,,,,,,,,,,,,,,,,,,,,,,,,,,,,0.47960681260831917,,,,,,,,,0.36887836404655666,0.31846854852350737,,,,,,,,,,,,,0.2545454545454545,,,0.09787453432580001,,,0.0,,0.33599999999999997,,,0.09787453432580001,,,,,,,,0.18072727272727268,,,,,,,,,,,,,0.8515769770549109,,,,,,,,,0.0,0.0,,0.09787453432580001,,,,,,,,,,,,0.09787453432580001,,0.09787453432580001,,,,,,,,,,,,,,0.5140189393631416,,,,0.0,,,,,,,,,,,,,0.106099949133,,,0.0,0.22643195483316703,,,,,,,,,,,,,,,,,,,,0.09787453432580001,,,,,,,,,,,,,0.0,,,,,,,,0.41189920545781394,,,,,,0.11433755860500001,,,0.0,,,,0.43230456676545453,0.0,,,,0.0,,,,0.29994093040181813,,,,,,,0.1628634670275636,,,,,,,,,,,,,,,,,,,,,,,,,,0.40801371802840014,,,,,0.09787453432580001,,,,,,,,0.0,,,,,0.0,,,,,,0.106099949133,,,,,,,,,,,0.09787453432580001,,,,0.6819527918892,0.0,0.6139543643163675,,,,,,,,,0.5147261383029343,,,,0.0,,0.28126520681265205,,,,,,,,,,,,,,,,,,,,,,,,,,0.09787453432580001,,,,0.20488197972300004,,,,0.4756267578259396,,0.09787453432580001,,,,,0.09787453432580001,,,,0.09787453432580001,0.0,,,,,,
Epiandrosterone,,,,,,,,,,,0.0,,,0.11433755860500001,,,,,,,,,,,,,,0.4167459792371319,,0.21127272727272725,,,,,,0.09787453432580001,,,,,,,0.0,,,,,,0.0,,,,,,,,,,,0.3957725579366545,,,,,,,,,,0.3866929632791778,,0.0,0.0,,,0.5325804706646265,,1.0,,,,,0.27007299270072993,0.0,,,,,0.11433755860500001,0.0,,,,,0.0,0.0,0.41507808913543065,,,,,,,,,,,,,,,,0.5447272727272727,,,1.0,,,,,0.0,,0.09787453432580001,,,,0.3061666367418158,,,,,,,,0.32116788321167883,,0.0,,,,0.9008445320126236,,,,,,,,,,,,,1.0,0.4551888016215601,,0.7847221523779162,,,,0.11433755860500001,,0.3207272727272727,,0.0,,,,,0.38818181818181813,,,0.0,0.0,0.0,,,0.11433755860500001,,,,,,,,,0.32044330275206523,0.0,,,,0.42287104622871047,,0.09787453432580001,,,,,,,,,,,0.0,,,0.09787453432580001,,,,,0.0,0.235528266781165,,,,,0.0,,,,,,0.39581818181818174,,,,,,,,,,,,,0.0,,,,,,,,,,,,,,,0.48134673964885744,,,,,,,,,0.41257620443404963,0.38026903514151217,,,,,,,,,,,,0.0,0.2507272727272727,,,0.0,,,0.0,,0.36395437611847264,,,0.0,,,,,,,,,,,,,,,,0.22094616539165163,,,,,0.9998485716616,,,,,,,,,,,,0.09787453432580001,,,0.29526685465992175,,,,,,,0.0,,0.09787453432580001,,0.09787453432580001,,,,,,,,,,,,,,0.5390968856992565,,,,0.0,,,,,,,,,,,,,0.39194786725830055,,,0.0,0.1764648997085329,,,,,,,,,,,,,,,,,,,,0.09787453432580001,,,,,,,,,,,,,,,,,,,,,0.4362301057011229,,,,,,0.11433755860500001,,,0.0,,,,0.4221227485836364,0.0,,,,0.0,,,,0.2732136576745454,,,,,,,0.14886346702756362,,,,,,,,,,,,,,,,,,,,,,,,,,0.42211818356000363,,,,,0.09787453432580001,,,,,,,,0.0,,,,,0.0,,,,,,0.106099949133,,,,0.09787453432580001,,,,,,,0.09787453432580001,,,,0.6819527918892,0.0,0.5780364658251417,,,,,,,,,0.48163611397203404,,,,,,0.3136023684748455,,,,,,,,,,,,,,,,,,,,,,,,,,0.09787453432580001,,,0.0,0.559164811121,,,,0.5695440327651125,,0.09787453432580001,,,,,0.09787453432580001,,,,0.09787453432580001,0.0,,,,,,
Epitestosterone,,,,,,0.09787453432580001,0.09787453432580001,,0.09787453432580001,,0.130791955177,0.09787453432580001,,0.09787453432580001,,,,,,,,,,,,,,0.163737226168,,,,,,,,,0.4386631957254538,,,,,,0.0,,,,,,,,,,,,,,,,,,,,,,,0.09787453432580001,,,,0.538646067873386,,,0.32625443660136627,,0.09787453432580001,0.8934261254734024,,0.8934261254734024,,,,,0.7507124505242491,0.0,,,,0.09787453432580001,0.09787453432580001,0.0,,,0.3502622465113285,0.7667094306801492,,,0.09787453432580001,,,0.4438998336677985,,,,,,,,,,,,,0.5803180124821091,,,0.8661597359002025,0.6797673194249653,,,,,,,,,,,,,,,,,,,0.2643045667654545,,0.5754053328022959,,,0.9140490738202289,,0.09787453432580001,,,,,,,,,,0.36777255793665453,0.3698226146828759,,,0.6316523371130154,,,0.0,,,,,,,,,,,,,,,,0.11433755860500001,,0.09787453432580001,0.09787453432580001,,,,,,,,0.0,,,0.3310505695334579,,0.44535968768239703,,0.47331005639487195,,,,,,,,,,0.0,,0.09787453432580001,,0.09787453432580001,,,,,,0.28385741154023403,,,,,0.106099949133,0.11068164884574544,,,,,0.398318012482109,,,,0.09787453432580001,0.155528102326,,,,,,0.0,,,,,,,0.392003136942527,,,,,,,,,,0.5324411674203825,,,,0.106099949133,,,,,0.147256737367,0.09787453432580001,,,,,,,,,,,,0.5376163721878209,0.489038063023704,,,0.09787453432580001,,,0.442069521759517,,,,,,,,,0.106099949133,,0.2595907397548363,,,0.4094943976425761,0.09787453432580001,,,,,,,,,,,0.40817598289341706,0.09787453432580001,0.38078865677772966,0.09787453432580001,,,,,,,0.09787453432580001,,,,,0.32254982093646123,,,,,,,,,,,0.09787453432580001,0.09787453432580001,,,,,,,,,,,,,,,,,,,0.13868164884574544,,,,,,,,,,,0.106099949133,,,0.0,,,,,,,,,0.09787453432580001,,0.09787453432580001,,,,0.3676457502649644,,,,,,,,,,,,,,,0.30359107492364745,,,0.09787453432580001,,,,,,,,,0.49288640250598253,,,,,,0.09787453432580001,0.5072972545895857,,,,,,0.2914089215730181,,0.31026846147769027,,,,0.3204499004247272,,,0.36489075918586156,,,0.3690909090909091,,,0.0,,,,,,,0.3170086945089088,,,,,,,,,,,,,,,,,,,,0.3746365564337566,,,,,,0.09787453432580001,,,,,,,,,,,,,,,0.5700500570393224,,,,,,,,,,,,,,0.09787453432580001,,,,0.5700500570393224,,0.7140656233607503,,,,,,,,,,,,,,,0.8661597359002025,,,,,,,,,,,,,,,,,,,,,,,,,,0.09787453432580001,,,,,,,,0.5762626709153519,,,,,,,,,,,,,,,,,,
Ethylestrenol,,,,,,0.0,0.09787453432580001,,0.09787453432580001,,0.0,0.09787453432580001,,,,,,0.0,,,,,,,,,,0.09787453432580001,,,,,,,,,,,,,,,,,,,,,,,,,,,,,,,,,,,,,,,,,,0.8870018605982539,,,0.30937334024940627,,0.09787453432580001,0.3749162370879842,,0.4131606024893791,,,,,0.3645691038691874,,,,,,0.09787453432580001,,,,0.22239412257501293,0.5843122286491974,,,0.2518018818568407,,,0.09787453432580001,,,,,,,,,,,,,0.8804136253041362,0.09787453432580001,,0.3247945825867677,0.3189327370014541,,,,,,,,,,,,0.09787453432580001,,,,,,,0.24054545454545453,,0.0,,,0.7977768940725122,,0.09787453432580001,,,,,,0.09787453432580001,,,0.05981818181818181,0.19727272727272727,0.09787453432580001,0.0,,0.5205902257121918,,,,,,,,,,,,,,0.0,,,,,,,0.09787453432580001,,,,,,,,,0.09787453432580001,,,0.09787453432580001,,0.31277966628346954,,,,,,,,0.09787453432580001,,,,,,0.09787453432580001,,0.0,,,,,,0.7733548017747245,,,,,,,,0.0,,,0.8186489194217833,,,0.0,0.09787453432580001,,,,,,,,,,,,,,0.06999999999999999,,,,,,,,,,0.106099949133,,,,0.09787453432580001,,,,,0.09787453432580001,0.09787453432580001,,,,,,,,,,,,,0.7008842135394304,,,0.0,,,0.9017031630170317,,0.23031801248210904,,,0.09787453432580001,,0.0,,0.09787453432580001,,,,0.30672727272727274,0.38586140588659557,,,,,,,0.31672454821532015,,,,,,,0.3762271617131589,,0.0,,0.0,,,,0.0,,,0.0,,,,,,,,,,,,,0.0,,,,,,,,,0.252,,,,,,0.09787453432580001,,0.0,,,0.27359073975483633,,,,,,,0.0,,,,0.09787453432580001,,,0.09787453432580001,,,,,,,,,0.3457191567960134,,,,,,,,,,,,,0.09787453432580001,,,,,,,,0.2167849700791093,,,0.09787453432580001,,,,,,,,,0.09787453432580001,,,,,,0.09787453432580001,0.4275907397548363,,,,,,0.4186816488457454,,,,,0.0,0.5701361943002908,,,0.3066816488457454,,,,,,0.30937334024940627,0.16031801248210908,,,,,,0.38890000411249637,,,,,,,,,,,,,,,0.0,,,0.09787453432580001,,0.4091332666212528,,,,,,0.0,,0.0,,,,,0.0,,,,,,,,0.2339475494951484,,,,,,,,,,,,,,,,,,,,0.5782859041227808,,,,,,,,,,,,,,,0.1849148418491484,,,,,,0.0,,,,,,,,,,,,,,,,,,,,,0.09787453432580001,,,,,,,0.346356308619236,,,,,,,,,,,,,,,,,,
Fluoxymesterone,,0.104671941128,,0.3270909090909091,,,,,,,0.104671941128,,0.3482681616339284,,,,,0.104671941128,,,,,,0.0,,,,0.104671941128,,0.29260797859199994,0.0,0.104671941128,,0.0,,,,,,,,,,,,,,,0.104671941128,,,,,,,,,,,,,,,,,,,,,,,,,,,0.5923006538689344,,0.6110895197509976,,,,,0.3275135453076477,0.104671941128,0.0,,,,,0.104671941128,,0.11315343313745455,,0.5756022151690433,0.0,0.0,,,,,,,,,,0.0,,,,0.104671941128,,,,,,0.6339818764072769,0.5348931492741978,,,0.104671941128,0.104671941128,,,,0.0,,,,,,,,,,,0.2760625240465454,,0.3421120854536331,,,0.9038489368345554,,,,0.104671941128,,,,,0.104671941128,,,,,,,0.5281730398609968,,,0.0,,,,,,,,0.0,,,,,,,0.104671941128,,,,,,,,,,,,0.104671941128,,,,,0.2413625304136253,,,,,,,,,,,,,,,0.104671941128,,,,,,,,0.0,,0.104671941128,0.104671941128,,,0.104671941128,,,0.30788070586472727,,,,,,0.104671941128,,0.4199999999999999,,,,,,,,,,,,,,,,,0.0,0.0,0.0,0.21751706950109093,0.34795150151202725,0.26715343313745454,,,,,,,0.5573352513192728,0.104671941128,,,,,,,0.0,,,,,,,,,,0.104671941128,,0.0,,,,,,,,,,0.104671941128,0.104671941128,,,,0.19416058394160582,,,,,,,0.3754690980217549,,,,,,,,,,,,,,,0.104671941128,,,,,,,,,,,,,,,,,,0.0,,,,,0.0,,,,,,0.0,,,,,,,,,,,,,,,,,,,,,0.104671941128,,,,,,,0.104671941128,,,,,,0.38328309494120555,,,,,,,,,,,,0.104671941128,,,,,0.2332672710696872,,,,,,,,,,0.4262443422283636,,0.34795150151202725,,,,,0.0,,0.5528894620315488,,0.104671941128,,0.0,,,0.104671941128,,,0.104671941128,0.104671941128,0.5496988876829091,,,,,,,,,,,,,,,0.0,,,,,,,,,,,0.5878807058647273,,0.605698887682909,,,,,,,,,,0.104671941128,,,,,,,0.104671941128,,,0.12715343313745453,,,,,,,,,,,,,0.0,,,,0.104671941128,,,,0.0,,,0.104671941128,,,,0.0,0.45869034990766666,,,,,,,,,,,,,,,0.352817681560689,,,,,,,,,,,,,,,,,0.104671941128,,,,,,0.104671941128,,,,,,,,,,,0.2934502849670151,,,,,0.104671941128,,,,,0.104671941128,,,,,,,,
Formebolone,,0.0,,,,,,,,,,,0.388955846238884,,,,,0.0,,,,,,0.0972399887602,,,,0.0972399887602,,0.2517236322764363,,,,0.0972399887602,0.0,,,,,,,,,,,,,,,,,0.0,,,,0.3232727272727272,,,,,,,,0.44390545045825447,0.0,,,,,0.24587118935165306,,,,0.0,0.0972399887602,0.4411497893437411,,0.4435235370408088,,0.20236363636363633,,,0.2724726378398464,0.0,,,,0.42673054538242555,0.0972399887602,,,,,0.5425985160777081,,,,,,0.42673054538242555,,,,,,,,,,,,,,,,0.45174250521347054,0.5404365236475743,,,,,,,,,,,,,,,,,,0.0972399887602,0.42099635954916365,,,,,0.49847217886717954,,,,,,,,,0.0972399887602,,,,,,,0.37906486260429995,,,,,,,,,,,,,0.34363636363636363,,,,,,,0.0,0.0972399887602,0.42673054538242555,,,0.5409090909090909,,,,,,0.0972399887602,,0.0972399887602,,0.2968035380831554,,,,,0.0,0.0,,,,,,,,0.0,,,,,0.0,,,,0.0,,,,,0.11299635954916362,,,,0.29245090500370907,,0.0,,,0.0972399887602,,,,,,0.0,,,,0.0972399887602,,,,,0.0,,0.0,,,,,,0.3270909090909091,0.3435188665503087,0.22399999999999998,,,,,,,0.5571781777309817,,0.0972399887602,,,,,,,,,,,,,,,,0.0,,0.0,,0.0972399887602,,,,,,,,0.0972399887602,0.0,,,0.44799999999999995,,,0.0,,,,,,,,,,,,,,,,,,,,0.0,0.0,,,,,,,,,,,,,,,,,0.0972399887602,,,,,,,0.3856363636363636,,,,,,,,,,,,,,,,,,,,,,,,,0.0972399887602,,,,,,,0.0,,,,,,0.2771781777309818,,,,,,,,,,,,,,,,,,,,0.0,,,,,0.5307272727272727,,0.23799999999999996,0.42673054538242555,,,,,,0.0972399887602,,0.40529612136825527,,,,0.0,,0.42354181409461816,,,,,,0.5332727272727271,,,0.30135999591279994,,,,,,,,,,,,,,,,,,,0.0,,,,,,0.47190545045825455,,,,,,,,,0.0972399887602,,,,,,,,0.0,,,0.3942690868218908,,,,,,,0.0972399887602,,,,0.0,,,,,,0.0,0.0972399887602,,,0.0972399887602,,,0.0,,,0.42721716338729165,,0.48346527829828057,,,0.0,,,,,,,,,0.0,,,0.29631692007828925,,,,,,,,,,,,,,,,,,,,,,,0.0972399887602,,0.0972399887602,,,,,,,,,0.2895042680101627,,,,,,,,,,,,,,,,,,
Furazabol,,,,,,0.0,,,,,,,,,,,,,,,,,,,,,,,,0.41109090909090906,,,,,,,,0.0,,,,,,,,,,,0.0,,,,,,,,,,,,,,0.0,,,,,,,0.3011771391461904,,0.0,0.0,,,0.14405855747309781,,0.18834079591592018,,,,,0.11437485917626083,0.0,,,,,,0.0,,,,0.3518350656073142,0.0,0.0,,,,,,0.0,,,,,,,0.33643370347417484,,,,0.40218181818181814,,,0.14308532146336544,0.3034060143081702,0.0,,,0.0,,,,,,0.27648023137594246,0.0,,,,,,,,,,0.20973236009732363,,,0.5424799911099947,,,,0.0,,,,0.0,,,,,0.1328663433611757,,,0.170809885675459,,,,,,,,,,,,,0.35636363636363627,,,0.0,0.0,0.0,,,,,,,,,,,,0.0,0.0,,,,0.05060827250608272,,0.104671941128,,,,,,0.0,,,,,0.0,0.0,,0.0,,,,,0.0,0.08104422498926576,0.0,,,,,0.20363636363636356,,,,0.2672727272727272,0.26090909090909087,,,,,0.0,,,,,0.0,,,0.0,,,,,0.22399999999999998,,,,,,,,,,0.08907072292321946,,,,,,,,,0.0,0.0,,,,,,,,,,,,0.104671941128,0.29260797859199994,,,0.0,,,0.2516011365485236,,0.33345454545454545,,,0.0,,,,,,,,0.314520967511092,,,0.0,,,,,0.29457365775504146,,,,0.383090909090909,0.10366926306920486,,0.22527272727272724,,,,,,,0.0,0.07688564476885644,,,,,0.27694204666445826,,,,,,,0.0,,,,,,,,,,,,,0.383090909090909,0.0,,,,0.0,,,0.0,,,,,,,,,,0.0,,,,0.0,,,0.0,0.3101828350857227,,,,,,,,,0.0,,,,,,,,,,,,,,,,,,,,,,,,,,,,,,,,,,,,,,,0.39199999999999996,,0.0,,,,,0.0,,,,0.0,,,,,,,,,,,0.15897161495563633,,,,,0.0,0.104671941128,,,,,,,,,,,,,,,,,,,,0.3729949806315347,,,,,,,,0.0,,,,0.22399999999999998,0.0,,,,,0.0,,,0.0,,,,,,,,,,,,,,0.104671941128,,,,,0.0,0.429020278053334,,,,,,,,,,0.0,,,,,0.104671941128,,,,,,,,,,,,,,,,,,,,,,,,,,,,,,0.104671941128,,,,,,,,,,,,,,,,,,,,,,
Gestrinone,0.0,,,,0.0,,0.15451415504908614,,,,,0.0,,,,0.0,0.0,,,,,,,,,,,,,,,,,,0.0,,,0.0,0.0,,,,,,0.0,,,,,,,0.0,,,0.23545454545454544,0.07890909090909089,,,,,,,,,,,,,,0.43238774542031544,,,,,,0.6150077143640622,,0.9381995133819951,,0.3703636363636363,,,,,,,,,,,,,,0.5874933350363265,0.0,0.0,,,,,,0.0,,,,,,,,0.0,,,,,,,0.5538420477244463,,,,,,,0.4204752779289961,,,,,,,,0.0,,,,,,,,,0.7286522077938717,,,,0.0,,,,,0.0,,,0.22527272727272724,,,,0.318960750261251,,,,,,,,,,,,,,,0.0,,,,,,,,,,,,,,0.0,,,0.0,,0.0,,,,,,,,,,,,,,,,,,,,,,,,,,,,,,,,0.0,,,,,,,,,,,,,,,,,,,,,,,,,,,,,,,,0.0,0.0,,,,,,,,,,,,0.0,,,,,,,,0.40981377495567706,,,,,,0.2532976100369207,,,,,0.0,,,,,,,,,0.11307682024227682,,,,0.0,,0.0,0.2895028477438123,,,,0.5129090909090909,,,,,,,,,,,,,,,,,,,,,,0.0,,,,,,,,,,,,,,,0.0,,,,,,,,,,,,,,,,,,,,,,,0.0,,,,,,,0.0,,0.0,,,,,,,,,,,0.0,0.0,,,0.0,0.0,0.0,0.0,,,,,,,,,,,,,,,,,,0.0,0.0,,,,,,,,,0.0,,,,0.0,,,0.5243636363636363,,,,0.0,,,,,,0.14763636363636365,0.0,,0.0,,,,0.0,0.0,,,,,,0.0,,,0.0,,0.0,,,,,,,,,,,0.0,,,0.0,,,,0.0,,,,,,0.0,,,0.0,,,,,,,0.0,,0.0,,0.0,,,0.0,0.101613854776,,0.0,,,,,,,,,0.22909090909090907,,,,,,,,,,,,,,,0.0,,,0.0,0.0,,,0.0,0.0,,0.0,,0.0,,,0.0,,,,,,,,,,0.0,,0.0,,0.1732360097323601,,0.0,0.0,,0.0,,,0.0,0.0,,,,,0.0,,,,
Mestanolone,,,,,,,,,,,,,,0.127302569502,,,,,,,,,,,,,,0.36401702957825494,,0.37545454545454543,,,,,,0.11150186548,,,,,,,0.0,,,,,,0.0,,,,,,,,,,,0.3918188601745454,,,,,,,,,,0.3266193025403063,,0.0,0.0,,,0.5346250770922433,,1.0,,,,,0.0,0.0,,,,,0.127302569502,0.0,,,,,,0.0,0.3297531445891212,,,,,,,,,,,,0.41594407476086037,,,,0.5243636363636363,,,0.852168229496798,,0.0,,,0.0,,0.11150186548,,,,,0.0,,,,,,,0.2788321167883212,,0.0,,,,0.8594898727126227,,,,,,,,0.0,,,,,0.7772056049854346,0.3985669079237537,,0.642261139870313,,,,0.127302569502,,0.19599999999999998,,0.0,,,,,0.3690909090909091,,,0.0,0.0,0.0,,,0.127302569502,,,,,,,,,0.127302569502,0.0,,,,0.4102189781021897,,0.11150186548,,,,,,,,,,,0.0,,,0.0,,,,,0.0,0.2063847144697295,,,,,0.0,,,,,0.26345454545454544,0.3996363636363635,,,,,,,,,,,,,0.0,,,,,,,,,,,,,,,0.48543032477131787,,,,,,,,,0.3645247516096419,0.37404113548640394,,,,,,,,,,,,,0.28745522381090904,,,0.0,,,0.35554965130148897,,0.33345454545454545,,,0.0,,,,,,,,0.42890909090909085,,,0.0,,,,,0.3134167653636468,,,,,0.8244310032194258,,,,,,,,,0.0,0.0,,0.11150186548,,,,,,,,,,,,0.11150186548,,0.11150186548,,,,,,,,,,,,,,0.40589225832772746,,,,0.0,,,,,,,,,,,,,0.35092444188083016,,,0.3124087591240876,,,,,,,,,,,,,,,,,,,,,0.11150186548,,,,,,,,,,,,,,,,,,,,,0.3278124250241168,,,,,,0.127302569502,,,0.0,,,,0.4332009343643636,0.0,,,,0.0,,,,0.29956457072799997,,,,,,,0.259455223810909,,,,,,,,,,,,,,,,,,,,,,,,,,0.3798494099344344,,,,,0.11150186548,,,,,,,,0.0,,,,,0.0,,,,,,0.11150186548,,,,0.0,,,,,,,0.11150186548,,,,0.5742360076804448,,0.4489714781740015,,,,,,,,,0.41271832093357463,,,,,,0.0,,,,,,,,,,,,,,,,,,,,,,,,,,0.11150186548,,,,0.577582444019,,,,0.47399269867801164,,0.11150186548,,,,,0.11150186548,,,,0.11150186548,0.0,,,,,,
Mesterolone,,,,,,,,,,,,,,0.127302569502,,,,,,,,,,,,,,0.3148686110867708,,0.21127272727272722,,,,,,0.11150186548,,,,,,,0.0,,,,,,0.0,,,,,,,,,,,0.25309158744727267,,,,0.38672795108363633,0.11150186548,,,,,0.30427523498627734,,0.0,0.0,,,0.4978102189781022,,0.9017031630170317,,,,,0.11150186548,0.0,,,,,0.127302569502,0.0,,,,,,0.11150186548,0.31394147351100044,,,,,,,,,,,,,,,,0.5434545454545454,,,0.8397351334723329,,,,,0.0,,0.11150186548,,,,,0.0,,,,,,,0.0,,0.0,,,,0.8691871199822228,,,,0.0,,,,,,,,,0.7625494844457897,0.3537980514760652,,0.5877960996252962,,,,0.127302569502,,0.19854545454545452,,0.0,,,,,0.3818181818181818,,,0.0,,0.0,,,0.127302569502,,,,,,,,,0.135202128368,0.0,,,,0.31630170316301703,,0.11150186548,,,,,,,,,,,0.0,,,0.0,,,,,0.0,0.2446022613424932,,,0.0,,0.0,,,,,,,,,,,,,,,,,,,0.0,,,,,,,,,,,,,,,0.39736872716967886,,,,,,,,,0.182601416737,0.11150186548,,,,,,,,,,,,,0.2861824965381818,,,0.0,,,0.11150186548,,0.34854613290181813,,,0.0,,,,,,,,,,,0.0,,,,,0.20835929173625986,,,,0.5256363636363636,0.6619371516927173,,,,,,,,,,,,0.11150186548,0.0,,0.2513570229532597,,,,,,,0.0,,0.11150186548,,0.11150186548,,,,,,,,,,,,,,0.43482205226523507,,,,0.0,,,,,,,,,,,,,0.11150186548,,,0.0,,,,,,,,,,,,,,,,,,,,,0.11150186548,,,,,,,,,,,,,,,,,,,,,0.3248927169949197,,,,,,0.27945888899496946,,,0.0,,,,0.4281100252734545,0.0,,,,0.0,,,,0.3084736616370909,,,,,,,0.15636431471999998,,,,,,,,,,,,,,,,,,,,,,,,,,0.11150186548,,,,,0.11150186548,,,,,,,,0.0,,,,,0.0,,,,,,0.11150186548,,,,0.0,,,,,,,0.11150186548,,,,0.5844549857826344,,0.5779444237805887,,,,,,,,,0.44994779179106753,0.0,,,,,0.0,,,,,,,,,,,,,,,,,,,,,,,,,,0.11150186548,,,,0.569545980938,,,,0.3645036475831212,,0.11150186548,,,,,0.11150186548,,,,0.11150186548,0.0,,,,,,
Metenolone,,,,,,0.11150186548,0.30640123281000486,,0.11150186548,,0.127302569502,0.11150186548,,0.11150186548,,,,,,,,,,,,,,0.174646371539,,,,,,,,,0.37452775349127004,,,,,,,,,,,,,,,,,,,,,,,,,,,,,0.11150186548,,,,0.5415798047812527,,,0.30640123281000486,,0.11150186548,0.8445572661701197,,0.8827250608272506,,,,,0.7360431938201519,,,,,0.11150186548,0.11150186548,,,,0.35725606068507404,0.6368228785131932,,0.0,0.0,,,0.3952066803236525,,,0.4300006783563636,,,,,,,,,,0.5383636363636362,,,0.8504407295793889,0.5662270405274035,,,,,,,,,,,,,,,,,,,0.14651038622654544,,0.4428702503930968,,,0.7957067581085804,,0.11150186548,,,,,,,,,0.22254613290181813,0.24927340562909087,0.35307022744771677,,,0.6981505104803261,,,,,,,,,,,,,,,,,,,0.11150186548,,0.11150186548,0.11150186548,,,,,,,,,,,0.3596627970819007,,0.4302431766740175,,0.35503859849684183,,,,,,,0.0,,,,0.0,0.11150186548,,0.11150186548,,,,,,0.24026277372262775,,,,,0.119403562123,0.2785461329018181,,,,,0.22018181818181815,,,,0.11150186548,0.135202128368,,,,,,,,,,,,,0.40215897081946866,,,,,,,,,,0.4754321582612896,,,,0.119403562123,,,,,0.174646371539,0.11150186548,,,,,,,,,,,,0.45211599248555434,0.47137332535584486,,,,,,0.414917047895163,,,,,,,0.11150186548,,0.119403562123,,0.36654545454545445,,,0.338741671035305,0.11150186548,,,,,,,,,,,0.3601036911080049,,0.23191933410662915,0.11150186548,,,,,,,,,,,,0.26167104167975813,,,,,,,,,,,0.11150186548,0.11150186548,,,,,,,,,,,,,,,,,,,0.12454613290181818,,,,,,,,,,,0.11150186548,,,0.0,,,,,,,,,0.0,,,,,,0.3983054465501786,,,,,,,0.11150186548,,,,,,,,0.22321260344296262,,,0.11150186548,,,,,,,,0.11150186548,0.4217296999632896,,,,,,0.11150186548,0.34698250023123345,,,,,,0.3001824965381818,,0.32127809423721476,,,,0.4440532260141818,,,0.29509158744727265,,,0.42745522381090906,,,0.0,0.32309158744727273,,,,,,0.31929427156452844,,,,,,,,,,,,,,,,,,,,0.119403562123,,,,,,0.11150186548,,,,,,,,,,,,,,,0.5180800649267933,,,,,,,,,0.0,,,,,0.11150186548,,,,0.5224596269705889,,0.7356996724427337,,,,,,,,,,,,,,,0.8382312321068595,,,,,,,,,,,,,,,,,,,,,,,,,,0.11150186548,,,,,,,,0.5109062974065586,,0.0,,,,,,,,,,,,,,,,
Methandriol,,,,,,0.0,0.11150186548,,0.0,,0.11150186548,0.0,,,,,,,,,,,,,,,,0.3206812652068126,,0.2138181818181818,,,,,0.0,,,,,,,,,,,,,,,,,,,,,,,,,,,,0.0,,,0.0,,,0.2703371327174363,0.8985435809360242,,,0.5849627078140213,0.0,0.0,0.4265958800119513,,0.980898875296,,,,,0.7898342054194345,,,,,,0.0,,,,0.3977642860811678,0.5122908683459927,,,0.47233797246937226,,,0.0,,,,,,,,,,,,,0.5083079227322473,,,0.5954465752460555,,,,,,,,,,,0.30930035536948963,,,,,,,,,,,,,,0.8427110209727081,,0.0,0.42254545454545445,,,,,0.0,,,0.3118181818181817,0.35881894947760123,0.4818180776245723,0.27007299270072993,,0.4749214329834468,,0.3461818181818182,,,,,,,,,,0.3983817326115231,0.3563636363636363,,,,,,0.0,,0.0,,,,0.5549090909090907,,,,,,,,0.11150186548,,0.5499512058710978,,,,,0.0,,,0.0,,,,,,,,,,,,,,0.31479997940893256,,,,,,,,0.11150186548,,,0.4520957588162473,,,0.341924347165236,0.0,0.0,,,,,,,,,,,,,0.20109090909090907,,,,,,,,,,0.11150186548,,,,0.11150186548,,,0.0,,,,,,,,,,,,,,,,0.4147822321640492,,,,,0.0,0.45603393093192507,,,,,,,0.11150186548,,,,0.35381818181818175,,0.2736363636363636,0.45578720784946175,0.0,,,,,,0.3323170997758311,,,,,,,0.32575983970230427,,,,,,,0.0,0.0,,,,,,,,,,,,,,0.0,0.0,0.11150186548,0.0,,,,,,,,,,,,,,,,,,,0.22781818181818178,,,,,,,,,,,0.0,,,,,,,,,,,,0.6564050808615465,,,,0.2048334615900873,,,,,,,,,,,,,,0.5078610868246034,,,,,,0.0,,,,,,,,,0.0,,,,,,0.0,0.551090909090909,,,,,,0.4210915874472727,,,,,,0.523090909090909,,,0.36435953952129674,,,0.5065454545454545,,,0.647159338769089,,,,,,,0.5769488917962803,,,,0.0,,0.0,,,,,,,,,,,,0.11150186548,,0.4026342913247258,,,,,0.11150186548,,,,,,,,,,,,,0.0,,,0.38011491460754065,,,0.0,,,,,,,,,,,,,,,,,0.8832002602821049,,,,,,,,,,,,,,,0.37014819144747446,,,,,,,,,,,,,,,,,,,,,,,,,,,0.11150186548,0.0,,0.11150186548,,,,0.6544586088420818,,,,,,,,,,,,,,,,,,
Methasterone,,,,,,,,,,,,,,0.101613854776,,,,,,,,,,,,,,0.209877021734,,0.3589090909090908,,,,,,0.101613854776,,,,,,,0.0,,,,,,0.0,,,,,,,,,,,0.38949594719127273,,,,,,,,,,0.38890298801370315,,0.0,0.0,,,0.5451213847943267,,0.8888306933495718,,,,,0.101613854776,0.0,,,,,0.11827708477200001,0.0,,,,,,0.101613854776,0.3237836607336535,,,,,,,,,,,,0.30694685872851635,,,,0.39581818181818174,,,0.821568645236689,,0.0,,,0.0,,0.101613854776,,,,,0.0,,,,,,,0.2798053527980535,,0.0,,,,0.762541927021142,,,,0.0,,,,,,,,,0.7807003906879066,0.33302940282611093,,0.7131047559949563,,,,0.11827708477200001,,0.21127272727272722,,,,,,,0.364,,,0.0,0.0,0.0,,,0.11827708477200001,,,,,,,,,0.11827708477200001,0.0,,,,0.38442822384428227,,0.101613854776,,,,,,,,,,,0.101613854776,,,0.101613854776,,,,,0.0,0.2398754830399313,0.0,,,,0.0,,,,,,0.41618181818181815,,,,,,,,,,,,,0.0,,,,,,,,,,,,,,,0.46173605235908227,,,,,,,,,0.3744617575987095,0.37008593120480393,,,,,,,,,,,,,0.28640503810036355,,,0.101613854776,,,0.3447817949517625,,0.36658685628218174,,,0.101613854776,,,,,,,,0.4352727272727272,,,0.0,,,,,0.3113536343173558,,,,,0.7604159439556535,,,,,,,,,,,,0.101613854776,,,0.29549166908683816,,,,,,,0.0,,0.101613854776,,0.101613854776,,,,,,,,,,,,,,0.4194002859357246,,,,0.0,,,,,,,,,,,,,0.37057254920967003,,,0.28710462287104627,,,,,,,,,,,,,,,,,,,,,0.101613854776,,,,,,,,,,,,,,,,,,,,,0.32191074872305203,,,,,,0.11827708477200001,,,0.0,,,,0.41973712173527267,0.0,,,,0.0,,,,0.2975553035534545,,,,,,,0.2584050381003636,,,,,,,,,,,,,,,,,,,,,,,,,,0.34665155007391735,,,,,0.101613854776,,,,,,,,0.0,,0.0,,,0.0,,,,,,0.101613854776,,,,0.101613854776,,,,,,,0.101613854776,,,,0.5447780593018725,,0.5019903356266222,,,,,,,,,0.3518606124865654,0.0,,,,,,,,,,,,,,,,,,,,,,,,,,,,,,,0.101613854776,,,,0.7265233545379999,,,,0.49611625881525456,,0.101613854776,,,,,0.101613854776,,,,0.101613854776,0.0,,,,,,
Methyl-1-testosterone,,,,,,0.11150186548,0.11150186548,,0.11150186548,,0.127302569502,0.11150186548,,0.11150186548,,,,,,,,,,,,,,0.174646371539,,,,,,,,,0.23778809412387344,,,,,,,,,,,,,,,,,,,,,,,,,,,,,0.11150186548,,,,0.3935115821184039,,0.0,0.11150186548,,0.11150186548,0.8282238442822385,,0.8681265206812652,,,,,0.6196397715496818,,,,,0.11150186548,0.11150186548,,,,0.27890247644472727,0.6630332344149784,,0.0,0.11150186548,,,0.119403562123,,,0.2810915874472727,,,,,,,,,,0.5687279510836363,,,0.775298350558365,0.5215353088952069,,,,0.0,,,,,,,,,,,,,,,0.28778311349927266,,0.525805641676909,,,0.8005242450934993,,0.11150186548,,,,,,,,,0.08636431471999999,0.36509158744727266,0.281571762842509,,,0.6619064522341856,,,,,,,,,,,,,,,,,,0.0,0.11150186548,,0.11150186548,0.11150186548,,,,,,,,,,,0.2798574442838472,,0.31150838348666954,,0.2937028308540428,,,,,,,0.0,,,,,0.11150186548,,0.0,,,,,,0.13090976926545453,,,,,0.119403562123,0.24418249653818178,,,,,0.4618188601745454,,,,0.11150186548,0.135202128368,,,,,,,,,,,,,0.43047562434408126,,,,,,,,,,0.3026827665337956,,,,0.119403562123,,,,,0.198389228663,0.11150186548,,,,,,,,,,,,0.3056330637279737,0.309886282543325,,,0.0,,,0.4655253204012458,,,,,,,,,0.119403562123,,0.09927272727272726,,,0.135202128368,0.11150186548,,,,,,,,,,,0.3094900653338618,,0.3356423155401831,0.11150186548,,,,,,,,,,,,,,,,,,,,,,,0.11150186548,0.11150186548,,,,,,,,,,,,,,,,,,,0.2607279510836364,,,,,,,,,,,0.119403562123,,,0.0,,,,,,,,,0.11150186548,,,,,,0.3995635333135483,,,,,,,0.26649855641097814,,,,,,,,0.2395191580619783,,,0.11150186548,,,,,,,,0.11150186548,0.2514076458056662,,,,,,0.11150186548,0.5391815066970225,,,,,,0.4210915874472727,,0.36337634947680914,,,,0.45805322601418175,,,0.2976370419927272,,,0.4160006783563636,,,0.0,0.29265536952184334,,,,,,0.11150186548,,,,,,,,,,,,,,,,,,,,0.3118135573007084,,,,,,0.11150186548,,,,,,,,,,,,,,,0.3686883374328759,,,,,,,,,0.0,,,,,0.11150186548,,,,0.4003185077491776,,0.5176816305320247,,,,,,,,,,,,,,,0.6134154565938745,,,,,,,,,,,,,,,,,,,,,,,,,,0.11150186548,,,,,,,,0.44375301273502576,,,,,,,,,,,,,,,,,,
Methylclostebol,,,,,,,,,0.0,,0.0,0.0,,,,,,,,,,,,,,,,0.101613854776,,0.34872727272727266,,,,,,,,,,,,,0.0,,,,,,0.0,,,,,,,,,,,,,,,,,0.0,,,,0.2627361066626226,,0.0,,,0.0,0.5558703624384448,,0.5607365424871066,,,,,0.31682411613620043,0.0,,,,0.0,0.0,0.0,,,0.23931412900945453,0.5347976309213818,,0.0,,,,0.21631464166709102,,,,,,,,,0.39512338898029936,,,,,,,0.43443665655008956,0.45194264555353547,0.0,,,0.0,,,,,,,0.0,,,,,,,,0.1581637326463432,,0.41047522560869676,,,0.7055857986961953,,0.0,,,,,,,,,,0.16545454545454544,0.23431950784713967,,,0.5779599385933507,,,,,,,,,,,,,0.36654545454545445,,,0.0,0.0,0.0,0.0,,0.0,0.0,,,,,,,,,,,0.101613854776,,0.26180048661800487,,0.23626597986660441,,,,,,,,,,,0.0,,,0.0,,,0.0,,0.0,,,,,,0.101613854776,,,,,0.26345454545454544,,,,,0.0,0.101613854776,,,,,,,,,,,,,0.46216189741688046,,,,,,,,,,0.27373556624130024,,,,0.0,,,,,0.101613854776,,,,,,,,,,,,,0.32093751271331966,0.34845043326917763,,,0.0,,,0.3501345930052905,,0.20745454545454542,,,0.0,,,,0.0,,,,,0.2512366841678241,0.0,0.0,,,,,0.2691412925214773,,,,,0.24015892390553378,,,0.0,,,,,,0.0,0.0,,,,,,,,,,,,,,,,0.0,,,,,,,,,,,,,,,,,,,,0.22399999999999998,,,,,,,,,,,0.20268933753083795,,,0.0,,,,,,,,,,,,,,,,,,,,,,,,,,,,,,0.20004193888345706,,,,,,,,,,,0.0,0.2289667097936117,,,,,,0.18453009963598097,0.6103971915345275,,0.0,,,,0.39199999999999996,0.0,,,,0.0,0.42513231082763636,,,0.25836363636363635,,,0.3639999999999999,,,,0.14004140173672727,,,,,,0.0,,,,,,,,,,,,,,,,,,,,0.101613854776,,,,,,,,,,,,0.06618181818181817,0.0,,,,,0.0,,,,,,,,,,,,,,,,,,,,,0.23892944038929442,,0.4650848697301553,,,,,,,,,,,,,0.0,,0.28672689230296056,,,,,,,,,,,,,,,,,,,,,,,,,,,,,,0.101613854776,,,,0.2907671964116165,,,,,,,,,,,,,,,,,,
Methyldienolone,,,,,,,0.3075355100600049,,,,0.0,,,,,,,,,,,,,,,,,0.09787453432580001,,0.2507272727272727,,,,,,,,,,,0.0,,,,,,,,,,,,,,,,,,,,,,,,,0.09787453432580001,,,,0.36863657283979034,,0.0,0.2554744525547445,,0.0,0.9097488338212641,,0.7361223706591378,,,,,0.3655543348843435,0.0,,,,,,0.0,,,0.20581222269929866,0.6528004251155914,0.0,0.0,0.0,,,0.0,,,,,,,,,0.4565751786817012,,,,,,,0.43454280933007783,0.7157085712058137,0.0,,,0.0,,,,,,,,,,,,,,,0.2545454545454545,,0.41384567747727863,,,0.9097070051939062,0.0,0.0,,0.0,0.0,,,0.0,,,,0.24221816332109083,0.09787453432580001,,,0.6205269119441053,,,,,,,,,,0.0,,,,,,,0.0,0.0,0.09787453432580001,,,,0.0,,,,0.0,,,,0.0,,0.09787453432580001,,0.27007299270072993,0.09787453432580001,0.3116558964553808,,,,,,0.0,0.0,,,,,,,0.0,,,,,0.0,,,,,,0.0,,,,,0.26345454545454544,,,,,0.0,0.09787453432580001,,,,,0.0,,,,,,,,0.37842704085181267,,,,,,,,,,0.3272276726110986,,,,0.0,,,,0.5179999999999999,0.09787453432580001,,,,,,,,,,,,,0.37786422732627445,0.41587773499808434,,,0.0,,,,,0.20490909090909085,,,,,,,0.0,,,,,0.09787453432580001,0.0,,,,,,0.27832477178913684,,,,0.5141818181818182,0.34815224682034435,,0.3871276045786999,0.0,,,,,,,,,,,,,,,,,,,,,,,0.09787453432580001,0.0,,,,,,,,,,,,,,,,,,,0.23672727272727268,0.0,,,,,,,,,,0.09787453432580001,,,0.0,,,,,,,,,,,,,0.28875458518158315,,,,,,,,,0.0,,,,,,,,0.46160172415586875,,,0.0,,,,,,,,,0.3272276726110986,,,,,,,0.4213209867513404,,0.0,,,,,0.0,,,,0.0,0.43395437611847265,,,,,,0.5574545454545454,,,,0.08272727272727272,,,,,,,,,,,,,,,,,,,,,,,,,,,,,,,,,,,,,,,0.0,,,,,,,,,,,,,,,,,0.09787453432580001,,,,,,,,,,0.0,0.3802898005307321,,,,,,,,,,,,,0.0,,0.4520610575052604,,,,,,,,,,,,,,,,,,,,,,,,,,,,,,,,,,0.3588578429274003,,0.09787453432580001,,,,,,,,,,,,,,,,
Methylnortestosterone,,,,,,0.11150186548,0.11150186548,,0.11150186548,,0.174646371539,0.11150186548,,0.11150186548,,,,,,,,,,,,,,0.174646371539,,,,,,,,,0.512240648868399,,,,,,0.11150186548,,,,,,,,,,,,,,,,,,,,,,,0.11150186548,,,,0.4559040252270341,,,0.11150186548,,0.11150186548,1.0,,1.0,,,,,0.7952704850260506,,,,,0.11150186548,0.11150186548,,,,0.23781886017454545,0.8182383072998238,,,0.11150186548,,,0.4823113031946987,,,,,,,,,,,,,0.5763643147199999,,,0.9068220898270425,0.737186730288566,,,,,,,,,,,,,,,,,,,0.28269220440836357,,0.6996979612612555,,,0.8700371070670052,,0.11150186548,,,,,,,,,,0.36000067835636357,0.143102156498,,,0.730630686603746,,,0.0,,,,,,,,,,,,,,,,0.119403562123,,0.11150186548,0.11150186548,,,,,,,,,,,0.150981810223,,0.5368125197397109,,0.4922429768394443,,,,,,,,,,,,0.11150186548,,0.11150186548,,,,,,0.32600702259183056,,,,,0.119403562123,0.10800067835636364,,,,,0.4681824965381818,,,,0.11150186548,0.150981810223,,,,,,,,,,,,,0.6264577960188579,,,,,,,,,,0.5963534481855844,,,,0.119403562123,,,,,0.182601416737,0.11150186548,,,,,,,,,,,,0.5435892681075358,0.5721867238903707,,,0.11150186548,,,0.5643087753890803,,,,,,,,,0.119403562123,,0.25436431471999993,,,0.135202128368,0.11150186548,,,,,,,,,,,0.5545098881911533,0.11150186548,0.3754309695553198,0.11150186548,,,,,,,,,,,,0.3353621441652287,,,,,,,,,,,0.11150186548,0.11150186548,,,,,,,,,,,,,,0.0,,,,,0.13600067835636362,,,,,,,,,,,0.127302569502,,,0.11150186548,,,,,,,,,0.11150186548,,0.11150186548,,,,0.3833799851556144,,0.11150186548,,,,,0.11150186548,,,,,,,,0.24661003164366033,,,0.11150186548,,,,,,,,0.11150186548,0.5931869792787844,,,,,,0.11150186548,0.6742929183889739,,,,,,0.29636431471999997,,0.31963821808752735,,,,0.4516895896505454,,,0.31163704199272724,,,0.3918188601745453,,,0.0,0.13727340562909088,,,,,,0.11150186548,,,,,,,,,,,,,,,,,,,,0.31768211380814315,,,,,,0.11150186548,,,0.0,,,,,,,,,,,,0.5803671695496643,,,,,,,,,,,,,,0.11150186548,,,,0.5813404055593966,,0.4958888553881909,,,,,,,,,,,,,,,0.8354487744638628,,,,,,,,,,,,,,,,,,,,,,,,,,0.11150186548,,,,,,,,0.6476459567739552,,,,,,,,,,,,,,,,,,
Methyltestosterone,,,,,,0.11150186548,0.119403562123,,0.11150186548,,0.135202128368,0.11150186548,,0.11150186548,,,,,,,,,,,,,,0.174646371539,,,,,,,,,0.4280557340265499,,,,,,,,,,,,,,,,,,,,,,,,,,,,,0.11150186548,,,,0.40294853646218515,,0.0,0.11150186548,,0.11150186548,0.9352798053527981,,0.9352798053527981,,,,,0.7162273632716487,,,,,0.11150186548,0.11150186548,,,,0.32976729583606873,0.7733686395438224,,0.0,0.11150186548,,,0.3913137362847231,,,0.40454613290181807,,,,,,,,,,0.5280868851938056,,,0.8421018951798405,0.6716793070571492,,,,0.0,,,,,,,,,,,,,,,0.28269220440836357,,0.5754474162913197,,,0.8376770097434042,,0.11150186548,,,,,,,,,0.3638188601745454,0.36000067835636357,0.3531046095578375,,,0.6982705892801451,,,,,,,,,,,,,,,,,,0.0,0.11150186548,,0.11150186548,0.11150186548,,,,,,,,,,,0.34749734696024626,,0.4448417168200029,,0.49175635883457813,,,,,,,0.0,,,,,0.11150186548,,0.0,,,,,,0.27190655028612,,,,,0.119403562123,0.10800067835636364,,,,,0.4775516053884528,,,,0.11150186548,0.135202128368,,,,,,,,,,,,,0.555086715465482,,,,,,,,,,0.493918289178144,,,,0.119403562123,,,,,0.190502109895,0.11150186548,,,,,,,,,,,,0.5431026501026694,0.509654995868071,,,0.0,,,0.5000751987467446,,,,,,,,,0.119403562123,,0.21381818181818177,,,0.135202128368,0.11150186548,,,,,,,,,,,0.46302570327631143,,0.40951700715587713,0.11150186548,,,,,,,,,,,,0.27164679246237156,,,,,,,,,,,0.11150186548,0.11150186548,,,,,,,,,,,,,,,,,,,0.13600067835636362,,,,,,,,,,,0.3411920817835066,,,0.0,,,,,,,,,0.11150186548,,,,,,0.3833799851556144,,,,,,,0.11150186548,,,,,,,,0.24435317239251747,,,0.11150186548,,,,,,,,0.11150186548,0.440215431693744,,,,,,0.11150186548,0.6012043625243058,,,,,,0.29636431471999997,,0.31963821808752735,,,,0.4516895896505454,,,0.3753987500857478,,,0.3918188601745453,,,0.0,0.13727340562909088,,,,,,0.11150186548,,,,,,,,,,,,,,,,,,,,0.31768211380814315,,,,,,0.11150186548,,,,,,,,,,,,,,,0.5156469749024623,,,,,,,,,,,,,,0.11150186548,,,,0.5161335929073284,,0.451963607925403,,,,,,,,,,,,,,,0.7630702151517946,,,,,,,,,,,,,,,,,,,,,,,,,,0.11150186548,,,,,,,,0.5829257621267533,,,,,,,,,,,,,,,,,,
Metribolone,,,,,,,0.20800626141888445,,,,,0.09787453432580001,,,,,,,,,,,,,,,,0.0,,0.3804998306639273,0.0,,,,,,,,,,,,,,,,,,0.0,,,,,,,,,,,,,,,,,0.0,,,,0.2724170602547588,,0.09787453432580001,,,,0.906988637026124,,0.9381995133819951,,,,,0.23914981373032002,0.0,,,,,,0.0,,,,0.8455118383990275,0.0,0.0,0.0,,,,,,,,,,,,0.3256771527979744,,,,,0.0,,0.3637240229760621,0.9110935021719029,0.0,,,0.09787453432580001,,,,,,,,0.0,,,,,0.0,,,,0.32333472857216916,,,0.8255508009701,0.0,,,0.0,0.0,,,0.0,,,,0.25449983066392723,0.2289308356281302,,,0.48028783728443425,,0.3033684161719942,,,,,,,,0.0,,,,,,,0.0,0.09787453432580001,0.09787453432580001,,,,0.09787453432580001,,,,,,,0.0,,,0.17226277372262772,,0.2214111922141119,0.09787453432580001,0.2722398380612202,,,,,,0.0,,,,,,,,0.09787453432580001,,,,,0.0,,,,,,,,,0.0,,0.3054089215730182,,,,,,0.0,,,,,0.0,,,,,,,,0.4191380756306877,,,,,,,,,,0.24839555582277742,,,,,,,,0.5586816488457454,0.0,,,,,,,,,,,,,0.3168925343977255,,,,0.0,,,,,0.20490909090909087,,,0.09787453432580001,,,,,,,,,0.09787453432580001,0.09787453432580001,,,,,,0.28033595428775704,,,,0.3729090909090909,0.1970802919708029,,0.3151272529829684,0.0,,,,,,,,,,,,,,,,,,,,,0.0,,0.09787453432580001,0.0,,,,,,,,,,,,,0.0,,,0.0,,,,,,,,,,0.0,,0.0,,0.09787453432580001,,,0.09787453432580001,,,,,,,,,,,,,0.3354924467746766,,,,,,,,,,,,,,,,,0.30344599590733906,,,,,,,,,,,,,,,0.09787453432580001,,,,0.43149101680715835,,0.0,,,,0.38945454545454533,0.0,,,,0.0,0.2799543761184727,,,0.27109090909090905,,,,,,,0.10304528520938182,,,,,,,,,,,,,,,,,,,,,,,,,,,,,,,,0.0,,,,,,,0.0,,,,,0.0,,,,,,0.0,,,,,,0.0,,,,,0.09787453432580001,,,,,0.0,0.4034660983475459,,,,,,,,,,,,,0.0,,0.2853785241926071,,,,,,,,,,,,,,,,,,,,,,,,,,,,,,,,,,0.30289677236778956,,0.09787453432580001,,,,,,,,,,,,,,,,
Mibolerone,,,,,,0.11150186548,0.11150186548,,0.11150186548,,0.135202128368,0.11150186548,,0.11150186548,,,,,,,,,,,,,,0.174646371539,,,,,,,,,0.3248927169949197,,,,,,,,,,,,,,,,,,,,,,,,,,,,,0.11150186548,,,,0.4084622047032042,,0.0,0.11150186548,,0.11150186548,0.8510948905109489,,0.8627737226277372,,,,,0.6531414655065304,,,,,0.11150186548,0.11150186548,,,,0.32358467096130134,0.6442264557927931,,0.0,0.11150186548,,,0.119403562123,,,0.27090976926545446,,,,,,,,,,0.5428614665591985,,,0.7451280342566617,0.6705359759559351,,,,0.0,,,,,,,,,,,,,,,0.4099649316810908,,0.47323371784788226,,,0.8870783990512209,,0.11150186548,,,,,,,,,0.09400067835636362,0.09018249653818182,0.143102156498,,,0.6649707143369394,,,,,,,,,,,,,,,,,,0.0,0.11150186548,,0.3298672993012404,0.11150186548,,,,,,,,,,,0.150981810223,,0.3562772399343581,,0.3384935863313917,,,,,,,0.0,,,,,0.11150186548,,0.11150186548,,,,,0.0,0.30426149518378703,,,,,0.119403562123,0.24800067835636358,,,,,0.49273179717319593,,,,0.11150186548,0.135202128368,,,,,,,,,,,,,0.4134315987340484,,,,,,,,,,0.4364973646039348,,,,0.119403562123,,,,,0.222013735009,0.11150186548,,,,,,,,,,,,0.38713348778834944,0.4414033811737924,,,0.0,,,0.4630922303769148,,,,,,,,,0.119403562123,,0.22781818181818178,,,0.135202128368,0.11150186548,,,,,,,,,,,0.37518349599079615,,0.2347414288792524,0.11150186548,,,,,,,,,,,,,,,,,,,,,,,0.11150186548,0.11150186548,,,,,,,,,,,,,,,,,,,0.27472795108363635,,,,,,,,,,,0.119403562123,,,0.0,,,,,,,,,0.11150186548,,,,,,0.3882099885550325,,,,,,,0.11150186548,,,,,,,,0.3955400730696514,,,0.11150186548,,,,,,,,0.11150186548,0.3827945071195348,,,,,,0.11150186548,0.4784904222634602,,,,,,0.42490976926545454,,0.21044664854054984,,,,0.45805322601418164,,,0.1690915874472727,,,0.42109158744727265,,,0.0,0.12072795108363635,,,,,,0.11150186548,,,,,,,,,,,,,,,,,,,,0.33202878049478507,,,,,,0.11150186548,,,,,,,,,,,,,,,0.42902897003628226,,,,,,,,,,,,,,0.11150186548,,,,0.42951558804114837,,0.49331510929711897,,,,,,,,,,,,,,,0.6691781965806822,,,,,,,,,,,,,,,,,,,,,,,,,,0.11150186548,,,,,,,,0.46516420494913774,,,,,,,,,,,,,,,,,,
Nandrolone,,,,,,0.100578902067,0.100578902067,,0.100578902067,,0.125142648574,0.100578902067,,0.100578902067,,,,,,,,,,,,,,0.17427075329,,,,,,,,,0.3477741399022258,,,,,,,,,,,,,,,,,,,,,,,,,,,,,0.100578902067,,,,0.42349542210614793,,,0.100578902067,,0.100578902067,0.8191199014238064,,0.9021897810218978,,,,,0.6145821724616058,,,,,0.100578902067,0.100578902067,,,,0.42102596025465355,0.6622511257618263,0.0,0.0,0.100578902067,,,0.116965063224,,,0.4234832371152727,,,,,,,,,,0.39709090909090905,,,0.9021897810218978,0.644634740176543,,,,,,,,,,,,,,,,,,,0.1409609631178182,,0.39095171094056835,,,0.8974844893102539,,0.100578902067,,,,,,,,,0.08493778256981818,0.2516650552970908,0.36246581855368765,,,0.6301808277280855,,,,,,,,,,,,,,,,,,,0.100578902067,,0.100578902067,0.100578902067,,,,,,,,,,,0.149732593856,,0.35056434881415965,,0.46384348726181895,,,,,,,0.0,,,,,0.100578902067,,0.0,,,,,,0.3603028073562542,,,,,0.108770969359,0.23511960075163635,,,,,0.4044542722198369,,,,0.100578902067,0.133337961498,,,,,,,,,,,,,0.44184364276023125,,,,,,,,,,0.4475305581251085,,,,0.108770969359,,,,,0.16609744548399996,0.100578902067,,,,,,,,,,,,0.5741163019009917,0.39667775492002233,,,,,,0.33414883576597276,,,,,,,,,0.108770969359,,0.3652727272727272,,,0.133337961498,0.100578902067,,,,,,,,,,,0.3487688735390608,,0.20812033229022692,0.100578902067,,,,,,,,,,,,0.3168144837345282,,,,,,,,,,,0.100578902067,0.100578902067,,,,,,,,,,,,,,,,,,,0.12948323711527268,,,,,,,,,,,0.108770969359,,,,,,,,,,,,0.0,,0.0,,,,0.40178242602640274,,,,,,,0.100578902067,,,,,,,,0.21412843044703186,,,0.100578902067,,,,,,,,0.100578902067,0.3796327406180672,,,,,,0.100578902067,0.4230862361479514,,,,,,0.41330141893345446,,0.23863292989857662,,,,0.44773481937818177,,,0.2974832371152727,,,0.5214832371152727,,,0.0,0.16002869166072725,,,,,,0.100578902067,,,,,,,,,,,,,,,,,,,,0.32404757025860326,,,,,,0.100578902067,,,,,,,0.0,,,,,,,,0.49278630535234746,,,,,,,,,0.0,,,,,0.100578902067,,,,0.4952193953766783,0.0,0.6724219156437066,,,,,,,,,,,,,,,0.8113340133459475,,,,,,,,,,,,,,,,,,,,,,,,,,0.100578902067,,,,,,,,0.41539383799325647,,,,,,,,,,,,,,,,,,
Norboletone,,,,,,0.101613854776,0.38322461733619073,,0.101613854776,,0.109945769839,0.101613854776,,0.101613854776,,,,,,,,,,,,,,0.168264713882,,,,,,,,,0.5107185346111299,,,,,,,,,,,,,,,,,,,,,,,,,,,,,0.101613854776,,,,0.5528735838975852,,0.0,0.33212972682524183,,0.101613854776,0.8364865978165041,,0.8749953902647055,,,,,0.7420470744900887,,,,,0.101613854776,0.101613854776,,,,0.30153387394471787,0.6906577201447861,,0.0,0.101613854776,,,0.3812045853078627,,,,,,,,,,,,,0.5170077540076919,,,0.7308611720236331,0.7040609896411237,,,,0.0,,,,,,,,,,,,,,,0.14434391630509089,,0.5784165963253255,,,0.7659795249547025,,0.101613854776,,,,0.0,,0.0,,,,0.255859583554909,0.32726354677658,,,0.5300959166745758,,,,,,,,,,,,,,,,,,0.0,0.101613854776,,0.101613854776,0.101613854776,,,,,,,,,,,0.3687432258931552,,0.43765227387233957,,0.3213505707093226,,,,,,0.0,0.0,,,,,0.101613854776,,0.101613854776,,,,,0.0,0.435758576964612,,,,,0.109945769839,0.22531412900945452,,,,,0.5187604375628659,,,,0.101613854776,0.134939008937,,,,,,,,,,,,,0.4735864048800756,,,,,,,,,,0.4881556980639825,,,,0.109945769839,,,,,0.18493005241,0.101613854776,,,,,,,,,,,,0.3256563326922549,0.5106838028756874,,,0.101613854776,,,0.5632732791366775,,,,,,,,,0.101613854776,,0.2762232199185454,,,0.4878343797476711,,,,,,,,,,,,0.41059237431164664,0.101613854776,0.3058360953576531,0.109945769839,,,,,,,,,,,,0.298151565118179,,,,,,,,,,,,0.101613854776,,,,,,,,,,,,,,,,,,,0.2494545454545454,,,,,,,,,,,0.126610168686,,,0.0,,,,,,,,,0.0,,0.0,,,,,,,,,,,0.101613854776,,,,,,,,0.23132169996788646,,,0.101613854776,,,,,,,,0.101613854776,0.46482908208398255,,,,,,0.101613854776,0.6202811979012504,,,,,,0.41876867446399996,,,,,,0.5893689868661818,,,0.44804140173672724,,,,,,0.0,0.14640503810036365,,,,,,0.101613854776,,,,,,,,,,,,,,,,,,,,0.34310844916182565,,,,,,0.101613854776,,,,,,,0.0,,,,,,,,0.47324894823643404,,,,,,,,,,,,,,0.101613854776,,,,,,0.5628715378240425,,,,,,,,,,,,,0.0,,0.599864435624324,,,,,,,,,,,,,,,,,,,,,,,,,,0.101613854776,,,,,,,,0.5563392171806443,,,,,,,,,,,,,,,,,,
Norclostebol,,,,,,,,,0.0,,0.0,0.0,,,,,,,,,,,,,,,,0.09787453432580001,,0.31054545454545446,,,,,,,,,,,,,,,,,,,0.0,,,,,,,,,,,,,,0.0,,,0.0,,,,0.4199953820569079,,0.0,0.0,,0.0,0.5291040975139932,,0.5563826766403124,,,,,0.3289467022741168,0.0,,,,0.0,0.0,0.0,,,0.3429966701633913,0.47581888811124223,0.0,0.0,,,,0.2128724414675463,,,,,,,,,,,,,,,,0.5086941121634267,0.4475157732024312,,,,0.0,,,,,,,0.0,,,,,,,,0.23672727272727268,,0.09787453432580001,,,0.7107218581532924,,0.0,,0.0,,,,,,,,0.33599999999999997,0.2975439743142616,,,0.4230798168928971,,,,,,,,,,,,,0.36018181818181816,,,0.0,,0.0,,,0.0,0.0,,,,,,,,,,,0.09787453432580001,,0.15231143552311435,,0.21335905947241246,,,,,,,,,,,0.0,,,0.0,,,,,0.0,,,,,,0.09787453432580001,,,,,0.2596363636363636,,,,,0.0,0.09787453432580001,,,,,,,,,,,,,0.2519543761184727,,,,,,,,,,0.3486388648252105,,,,0.0,,,,0.5141818181818182,0.09787453432580001,,,,,,,,,,,,,0.28440528818287475,0.32727776362267286,,,0.0,,,0.19318734793187345,,0.3067272727272726,,,0.0,,,,0.0,,,,,0.2685981538144785,0.0,0.0,,,,,0.1651386782646733,,,,0.5027272727272726,0.24158290375465089,,,,,,,,,0.0,0.0,,,,,,,,,,,,,,,0.0,0.0,,,,,,,,,,,,,,0.0,,,,,,0.09927272727272726,,,,,,,,,,,0.0,,,0.0,,,,,,,,,,,,,0.24181818181818177,,,,,,,,,,,,,,,,,0.22215882876289578,,,,,,,,,,,0.0,0.264720194647202,,,,,,0.0,0.2061361943002909,,0.0,,,,0.37927272727272726,0.0,,,,0.0,0.2888634670275636,,,0.23799999999999996,,,0.24436363636363634,,,,0.17559073975483636,,,,,,0.0,,,,,,,,,,,,,,,,,,,,0.0,,,,,,,,,,,,,0.0,,,,,,,,,,,,,,,,,,,,,,,,,,0.4248175182481752,0.0,0.5398028939727073,,,,,,,,,,,,,,,0.45124521673540446,,,,,,,,,,,,,,,,,,,,,,,,,,,,,,0.09787453432580001,,,,0.23914981373032002,,,,,,,,,,,,,,,,,,
Norethandrolone,,,,,,0.11150186548,0.38961291164212164,,0.11150186548,,0.3144214839506063,0.11150186548,,,,,,,,,,,,,,,,0.174646371539,,0.3245454545454545,,,,,,,0.5078610868246034,,,,,,,,,,,,,,,,,,,,,,,,,,,,,0.11150186548,,,,0.5001107693262791,,0.11150186548,0.3380314031263066,,0.11150186548,0.908281943841641,,0.9287862283628437,,,,,0.8112498201195903,,,,,0.11150186548,0.11150186548,,,,0.3099114164661686,0.7464530713904017,,0.0,0.11150186548,,,0.4122383104939688,,,0.29381886017454545,,,,,,,,,,0.5241959448760727,,,0.8156484273698628,0.7640411915974733,,,,0.11150186548,,,,,,,,,,,,,,,0.2865103862265454,,0.6632016108962919,,,0.7476170928120047,,0.11150186548,,,,,,,,,,0.24800067835636364,0.33778575574944325,,,0.7202739685160567,,,,,,,,,,,,,,,,,,0.11150186548,0.11150186548,,0.11150186548,0.11150186548,,,,,,,,,,,0.3723148652084214,,0.44289524480053816,,0.3642968236697597,,,,,,,0.0,,,,,0.11150186548,,0.11150186548,,,,,0.0,0.5450644148918162,,,,,0.119403562123,0.23781886017454545,,,,0.2621818181818181,0.5457133343135995,,,,0.11150186548,0.143102156498,,,,,,,,0.0,,,,,0.5102222156553256,,,,,,,,,,0.49979364766957957,,,,0.119403562123,,,,,0.198389228663,0.11150186548,,,,,,,,,,,,0.4109996690564526,0.5114243516935326,,,0.11150186548,,,0.5862065856080584,,,,,,,,,0.3431385538029713,,0.14363704199272725,,,0.4887237672619517,,,,,,,,,,,,0.43581154955410706,0.11150186548,0.3374803563304792,0.11150186548,,,,,,,,,,,,0.35776679944597223,,,,,,,,,,,,0.11150186548,,,,,,,,,,,,,,,,,,,0.27345522381090903,,,,,,,,,,,0.158886033955,,,0.0,,,,,,,,,0.11150186548,,0.0,,,,0.38540629250743175,,,,,,,0.11150186548,,,,,,,,0.25302815929835704,,,0.11150186548,,,,,,,,0.11150186548,0.4776788188035796,,,,,,0.11150186548,0.6371774181742893,,,,,,0.42490976926545454,,0.3623836892545672,,,,0.5891441351050908,,,0.4046609453143177,,,,,,0.0,0.13727340562909088,,,,,,0.32878566103384915,,,,,,,,,,,,,,,,,,,,0.11150186548,,,,,,0.11150186548,,,,,,,,,,,,,,,0.4854766586007591,,,,,,,,,,,,,,0.11150186548,,,,,,0.5471235806373301,,,,,,,,,,,,,,,0.696192882571049,,,,,,,,,,,,,,,,,,,,,,,,,,0.11150186548,,,,,,,,0.5843856161413519,,,,,,,,,,,,,,,,,,
Oxabolone,,,,,,0.09787453432580001,0.09787453432580001,,0.09787453432580001,,0.122581769115,0.09787453432580001,,0.09787453432580001,,,,,,,,,,,,,,0.11433755860500001,,0.31436363636363635,,,,,,,0.09787453432580001,,,,0.0,,,,,,,,,,0.0,,,,,,,,,,,,,,,0.09787453432580001,,,,0.43749879436544264,,,0.09787453432580001,,0.09787453432580001,0.47145698302285743,,0.6531981322135737,,,,,0.36115209244691093,,,,,0.09787453432580001,0.09787453432580001,,,,0.37922710339119997,0.5362461596514796,,0.0,,,,0.09787453432580001,,,0.41618181818181815,,,,,,,,,,0.41109090909090906,,,0.5184116387467135,0.466942476843632,,,,,,,,,,,,,,,,,,,0.14122710339119998,,0.2598759309565324,,,0.7570408865719704,,0.09787453432580001,,,,,,0.0,,,0.19218181818181815,0.12086346702756362,0.344745920786281,,0.0,0.45546388602471216,,,,,,,,,,,,,,,,,,,0.09787453432580001,,0.09787453432580001,0.09787453432580001,,,0.41618181818181815,,,,,,,,0.106099949133,,0.20897949742861685,,0.24742231981304508,,,,,,,0.0,,,,,0.09787453432580001,,,,,,,,,,,,,0.09787453432580001,,,,,,0.20872727272727265,,,,0.09787453432580001,0.11433755860500001,,,,,,,,,,,,,0.2815371856840779,,,,,,,,,,0.30795333338782094,,,,0.09787453432580001,,,0.0,,0.09787453432580001,0.09787453432580001,,,,,,,,,,,,0.29657073830452924,0.3535021803966817,,,,,,0.24768856447688561,,,,,,,0.0,,0.106099949133,,0.3881361943002909,,,0.20934995532229975,0.0,,,,,,,,,,,0.22065832954540518,0.09787453432580001,0.4170333605107099,0.09787453432580001,,,,,,,0.09787453432580001,,,,,,,,,,,,,,,,0.0,0.0,,,,,,,,,,,,,,,,,,,0.12340892157301814,,,,,,,,,,,0.09787453432580001,,,,,,,,,,,,0.09787453432580001,,,,,,0.3665030436338428,,,,,,,,,,,,,,,0.23413643330160805,,,0.09787453432580001,,,,,,,,0.09787453432580001,0.2809989621488115,0.09787453432580001,,,,,0.09787453432580001,0.28096753974866806,,,,,,0.412318012482109,,0.3058372323851775,,,,0.4081227485836363,,,0.2774089215730181,,,0.26340892157301815,,,,,,,,,,,,,,,,,,,,,,,,,,,,,,0.24784655651430126,,,,,,0.0,,,,,,,,,,,,,,,0.41384567747727863,,0.09787453432580001,,,,,,,,,,,,,,,,0.40389294403892945,,0.6059883157752196,,,0.09787453432580001,,,,,,,,0.0,,,,0.42701264581775866,,,,,,,,,,,,,,,,,,,,,,,,,,0.0,,,,,,,,0.2426238442384895,,0.0,,,,,,,,,,,,,,,,
Oxandrolone,,,,,,,,,,,,,,,,,,,,,,,,,0.2507272727272727,0.0,,,,0.383090909090909,0.0,,,,,,,,,0.11150186548,,,0.0,,,,0.0,,0.0,,,,,,,,0.5218181818181817,,,,,,0.0,0.2810915874472727,0.0,,,,,,,0.11150186548,0.20615217135311142,,,0.260659140352584,,0.2835301865812944,,,,,0.11150186548,0.0,,,,,,0.0,,,,0.34270053414234886,,0.0,,,,,,,,,0.11150186548,,,,0.17285251427674286,,,,0.5269090909090908,,,0.2178367559243601,0.356184430552894,0.0,,,0.11150186548,,,0.18828126402840287,,,,,,,,,,,,,,0.0,,,0.6556856486951571,,,,,,0.0,,,,,,,0.10851581508515816,0.2533598702795913,,0.49096427718887176,,,0.0,,,,,,,,,,,,,0.0,0.0,0.11150186548,0.0,,,,,,,,,,,0.15117008925769343,0.16479539339394647,,,,0.353357531905161,,0.11150186548,,0.0,,,,,,,,,0.0,,,0.0,,,0.0,,0.0,0.19229956588652067,0.0,,,,,0.20872727272727265,,,,0.26854545454545453,,,,,,0.0,,,,,0.0,0.0,,0.0,,,,,0.22909090909090907,,,,,,,,,,0.27720415251803404,,,,,,,,0.5179999999999999,0.34211137530481656,0.11150186548,,,,,,,,,,,,,,,,0.0,,,,,,,,,,,,,,,,0.4490915874472727,,,,,,,,0.1453070874957534,,,0.11150186548,,0.2051846877978394,,0.19668666136766344,0.0,,,,,,0.0,0.11150186548,0.0,,,,0.2621291336976558,,,,,,,,,,,,,,,,,,,,,,,,,,,,,,,,,,,,,,,,0.0,,,,,0.11046228710462286,,,,,,,,,,,,,0.3633606526118319,,,,,,,,,,,,,,,,,,0.0,,,,0.0,,,,,,,,,,,,,,,,0.0,,,,0.3805454545454545,0.0,,,,0.10997566909975669,,,,,,,,,,,0.25563704199272724,,0.0,,,,,,,,,,,,,,,,,,,,,,,,0.3983941967418158,,,,,,,,,,0.0,,0.21381818181818177,0.0,,0.0,,,0.0,0.11150186548,,,,,,,,,,,,,0.11150186548,,,0.11150186548,,,,,,,,,,,,,,,,0.0,,,0.0,,0.0,,,0.11150186548,0.0,,,,,,,,,,,,0.0,,,,,,,,,,,,,,,,,,,,,,,,,,,,0.0,,,,,,,,
Oxymesterone,,,,,,0.101613854776,0.101613854776,,0.101613854776,,0.126610168686,0.101613854776,,0.101613854776,,,,,,,,,,,,,,0.11827708477200001,,,,,,,,,0.308285444586799,,,,0.0,,,,,,,,,,0.0,,,,,,,,,,,,,,,0.101613854776,,,,0.34633671939614535,,,0.101613854776,,0.101613854776,0.6150684405352156,,0.769337291484548,,,,,0.48340628469427055,,,,,0.101613854776,0.101613854776,,,,0.29754160258361867,0.6122747446882113,,0.0,0.0,,,0.30974529860139755,,,0.24309090909090905,,,,,,,,,,0.5243636363636363,,,0.5350456992045489,0.5180826678974044,,,,,,,,,,,0.0,,,,,,,,0.5477984617596362,,0.5487867347229518,,,0.7947802707194641,,0.101613854776,,,,,,0.0,,,0.052181818181818176,0.21385958355490908,0.31120515261599613,,0.0,0.642671686862854,,,,,,,,,,,,,0.3792727272727272,,,,,,0.0,,0.101613854776,0.101613854776,,,,,,,,,,,0.28582745635409146,,0.3695993131999377,,0.101613854776,,,,,,,0.0,,,,,,,,,,0.0,,,,,,,,0.101613854776,,,,,,,,,,0.101613854776,0.11827708477200001,,,,,,,,,,,,,0.50887412728856,,,,,,,,,,0.33726207234058003,,,,0.101613854776,,,,,0.101613854776,0.101613854776,,,,,,,,,,,,0.3652197511561421,0.41317263163757606,,,,,,0.4275068557790131,,,,,,,0.0,,0.101613854776,,0.3844050381003636,,,0.2853408383492253,0.0,,,,,,,,,,,0.2985530844894754,0.101613854776,0.22706417640160706,0.101613854776,,,,,,,0.0,,,,,0.3245574922832821,,,,,,,,,,,0.0,0.0,,,,,,,,,,,,,,,,,,,,,,,,,,,,,,0.28590101636295473,,,,,,,,,,,,0.101613854776,,,,,,0.3679464297630576,,,,,,,0.101613854776,,,,,,,,0.23502757467747537,,,0.101613854776,,,,,,,,0.101613854776,0.3194776586987212,0.101613854776,,,,,0.101613854776,0.5638534035626775,,,,,,0.4225868562821818,,0.3151281854333783,,,,0.30137348537163633,,,0.31313231082763626,,,0.39076867446399993,,,,,,,,,,0.0,,,,,,,,,,,,,,,,,,,,0.0,,,,,,0.0,,,,,,,,,,,,,,,0.40998860760383066,,0.101613854776,,,,,,,,,,,,,,,,,,0.44218107505484733,,,0.101613854776,,,,,,,,0.0,,,,0.43580835833462483,,,,,,,,,,,,,,,,,,,,,,,,,,0.0,,,,,,,,0.3811744986914861,,0.0,,,,,,,,,,,,,,,,
Oxymetholone,,,,,,0.0,0.0,,0.0,,0.104671941128,0.0,,0.0,,,,,,0.104671941128,,,,,,,,0.104671941128,,,,,,,0.0,,,0.0,,,,,,,,,,,,,0.104671941128,,,,,,,,,,0.39581818181818174,0.0,,,,,,,,0.22597576516594128,,,,,0.0,0.34016561343416835,,0.4014794820473071,,,,,0.23359627036847497,,,,,,0.0,,,,0.3372727272727272,0.45856957530701614,,,0.104671941128,0.0,,0.0,,,,,,,,,,,,,,,,0.3396789954293022,,,,,,,,,,,0.15878842603173163,,,0.0,,,,,,,,0.30804882511300047,,,0.802892811788571,,0.0,0.29133525131927274,,,0.0,,,,,,0.3791534331374545,0.2442822384428224,0.18150851581508518,0.104671941128,0.25359162318798223,,0.31594529235822494,,0.0,,0.3398181818181818,,,,,,0.4778803086407169,,,,,,,,,0.0,,0.0,,,,,,,,,,0.2584137886166501,,0.27155247474803695,,,0.0,,,,,0.0,,,,0.0,,,,,,,,,,,,,,,,,,,,,,,,,0.0,0.0,,,,,,0.0,,,,,,,0.2567179046801203,,,,0.0,,,,,,0.2788517448210297,,,,0.104671941128,,,,,0.104671941128,0.0,0.104671941128,,,,,,,,0.0,,,,0.2507272727272727,,0.0,,,,0.2656934306569343,,,,,0.0,,,,,,0.3474545454545454,,0.5561818181818181,0.0,,0.0,,,,,,,,,,0.23213641635387638,,,0.0,,,,,,0.0,0.0,,,,,,,,,,,,,,,,,,,,,,,,,,,,,,0.1771289537712895,,,,,,0.08654545454545452,,,,,,,,,,,0.21362530413625302,,,,,,,,,,,,0.0,,,,,,,,,,,,,,,,,,,,,0.2103170027716905,,,0.0,,,,,,,,,0.18832116788321168,,,,,,0.0,0.4946407143572968,,,,,,0.38690909090909087,,,,,,0.5218181818181817,,,0.11581818181818179,,,0.37672727272727263,,,,,,,,,,0.17956204379562044,,,,,,0.0,,,0.0,,,,,0.0,,,,,,,,,,,,,,,,,,,,,,,,,,,0.18637469586374697,,,,,,,,,,,,,,,,,,0.2944038929440389,,0.52966881489968,,,,,,,,0.104671941128,0.23894906842200292,,0.104671941128,,,,0.2725257107577694,,,,,,,0.0,,,,,,,,,,,,,,,,,,,0.104671941128,,,,0.0,,,,0.23310965236360875,,,,,,,,,,,,,0.0,,,,,
Prasterone,,,,,,0.09787453432580001,0.09787453432580001,,0.09787453432580001,,0.106099949133,0.09787453432580001,,0.09787453432580001,,,,,,,,,,,,,,0.09787453432580001,,0.18709090909090906,,,,,,,,,,,,,,,,,,,,,,,,,,,,,,,,,,,,0.09787453432580001,,,,0.5253117140899699,,0.0,0.4082654370673041,,0.09787453432580001,0.49291163788299563,,0.9318734793187348,,,,,0.46417594021887787,0.0,,,,,0.09787453432580001,,,,,0.47644952177127503,0.0,0.0,0.34036635874248544,,,0.09787453432580001,,,,,,,,,,,,,0.5701361943002908,,,0.9290056009747347,0.4637005929851664,,,,0.0,,,,,,,,,,,,,,,0.40595437611847274,,0.09787453432580001,,,0.6774204428910727,,0.09787453432580001,,,,,,,,,0.36013619430029087,0.342318012482109,0.9318734793187348,0.2856447688564477,,0.8196344172755342,,,,,,,,,,,,,,,,,,0.0,0.09787453432580001,,0.09787453432580001,,,,,,,,,,,,0.106099949133,,0.46153424195416426,,0.3296607626354295,,,,,,,0.0,,,,0.09787453432580001,0.09787453432580001,,0.09787453432580001,,,,,0.0,0.22840528616453631,,,,,0.09787453432580001,0.23922710339119996,,,,,0.468318012482109,,,,0.09787453432580001,0.09787453432580001,,,,,,,,,,,,,0.11322710339119998,,,,,,,,,,0.34915376503916984,,,,0.106099949133,,,,,0.09787453432580001,0.09787453432580001,,,,,,,,,,,,0.35837122492253415,0.4282412672723079,,,,,,0.09787453432580001,,,,,,,0.09787453432580001,,0.09787453432580001,,0.4046816488457455,,,0.33916568037630657,0.09787453432580001,,,,,,,,,,,0.3900013952388358,,0.3117121410550044,0.09787453432580001,,,,,,,,,,,,,,,,,,,,,0.09787453432580001,0.09787453432580001,0.106099949133,0.09787453432580001,,,,,,,,,,,,,,,,,,,0.1272271033912,,,,,,,,,,,0.09787453432580001,,,,,,,,,,,,0.36956343903445626,,,,,,,,,,,,,,,,,,,,,0.34006239024432905,,,0.09787453432580001,,,,,,,,,0.3101960424407823,,,,,,0.09787453432580001,0.5968634670275635,,,,,,0.4191272542301818,,,,,,0.41995437611847264,,,0.29312725423018177,,,0.38177255793665454,,,0.33635725459237276,0.1616363636363636,,,,,,0.5834264049130813,,,,0.09787453432580001,,,,,,,,,,,,,,,,0.09787453432580001,,,,,,0.09787453432580001,,,,,,,0.0,,,,,,,,0.35691137090793557,,,0.09787453432580001,,,,,,,,,,,0.09787453432580001,,,,,0.0,0.7422446360939227,,,,,,,,,,,,,,,0.4632279395861586,,,,,,,,,,,,,,,,,,,,,,,,,,0.09787453432580001,,,,,,,,0.4423286974079368,,,,,,,,,,,,,,,,,,
Prostanozol,,,,,,,,0.0,,,,,,,,0.0,,,,,,,,,,,,,,,,,,0.0,0.0,,,,,,,,,,,,0.0,,,0.0,,,,,0.24690909090909088,,0.4072727272727271,,,,,,,,,,,,,0.2939298697581222,,,0.0,,,0.0,,,,,0.0,,,,,,,,,,0.0,,,0.4068017639053872,,0.0,,,,,,0.0,,,,,,,0.4318387033881104,,0.0,,,,,,0.36801458066068604,,,,,,,0.3423636363636363,,,,,,,,,,0.0,,,,0.25888077858880776,,,0.48347266450461046,,,0.532845284099041,0.0,,0.0,,,,,,,,,,0.4449383856828273,,0.5122570488049234,,,,,0.2494545454545454,,,,,0.2421104151876698,,,,,,,,,,0.0,,0.0,,,,,,,,,,0.0,,,0.0,,,,,,,,,,,,0.0,,0.0,,0.0,,,0.00048661800486618045,,0.0,,,,,,,,,,,,,,,,,,,,,0.0,,0.0,0.0,,,,,,,,,,,,,,0.0009732360097323555,0.37672727272727263,,,,,0.0,,,,,,,,0.0,,,0.0,0.0,0.0,0.0,,,,,0.0,0.0,,,0.4562570488049234,,0.1998181818181818,,,0.0,,,,,,0.4009090909090908,,,,,,,,,0.0,0.49856617895002125,,,,,0.032116788321167884,,,,0.0,,,,,,,,,0.0,,,,,,,0.0,,,,,0.0,0.0,,,0.0,,,,,,,,,,,,0.0,,,,0.0,,,0.0,0.0,0.0,,0.0,,,,,,0.0,,0.0,0.24054545454545453,,,,,,,,0.02238442822384427,,,,,,,,,,,,,,,,,,0.0,0.0,,0.34002416069902247,,,,0.0,,,,,0.0,0.24054545454545453,,0.0,,,,,,,0.5269090909090908,,,,,0.0,,,,,,,,,,,,,,,,,0.5574545454545454,,,,0.0,,0.02238442822384427,,,,,,0.0,,,,,,,,,0.0,,,,,,0.0,,,,,,,0.0,0.0,,,0.22909090909090907,,,,,,,,,,,,,,,,,,,,,,,0.0,,,,,,,,,,,0.2749090909090909,,,,,0.0,,0.0,,,,,,,,,,,,,0.0,,,,,,,,,,,,,,,,,,,,,,,,,,,,,0.0,,,,,,,,0.0,,,,,
Quinbolone,,,,,,,,,0.0,0.0,,0.0,,,0.0,,,,0.0,,,0.0,,,0.39199999999999996,0.0,,,,,,0.0,,0.0,,,0.2719597455746384,,,,,,,,,,,,,,,,,,,0.3449090909090909,,0.34109090909090906,,,,,,,,,,,,,,,,,,,,,0.0,,,,0.37664233576642336,,,,,,,,,,,,,,,,,,,,,,,,0.0,,,,,,,,0.30024330900243307,,,,0.09163636363636361,,,,,,,,,,,,,,0.0,0.0,,,,,,,0.5493878351509496,,,,,,,,,,,,,,,,0.5537778556409971,,,,,,,,,,,,,0.39454545454545453,,,,,,,,,,,,0.40472727272727266,,,,,,,,,,,,0.19118115676685254,,,0.0,,,0.0,,,,0.0,,,,0.0,,,0.0,0.109339753231,0.0,0.23545454545454544,0.0,,,,,,,,,,,0.0,,,,,0.0,,0.0,0.0,,0.0,,,0.0,,,,,,0.0,,,,,,,,,0.37418181818181817,,,,0.0,,,,,,,0.0,0.0,,,,0.0,,,0.0,,,,,,,,,,,0.21763636363636363,0.0,,,,,0.0,,0.0,,0.0,,,,0.0,0.0,,,,,0.0,0.24436363636363634,,,,,,,,,,,,,0.109339753231,,,0.0,,,0.2876363636363636,,,0.11327272727272725,,,,,,,,,,,0.0,0.0,0.0,0.0,,,,,,,,,0.0,0.0,,0.0,,,,,,,,0.0,,0.0,,,,,,,,,0.0,,,,,0.0,,0.0,,,0.109339753231,,,,,,,0.0,,,,,,,,,,,,,,,0.0,0.0,,,,,,,,,,0.109339753231,,,,,,,,,,,,,,,0.26345454545454544,,,,0.0,0.35636363636363627,,,,0.18709090909090909,,,,,,,,,0.0,,,,,,,,,0.5829090909090908,,,,,0.21127272727272722,,,,0.0,,,,,,,0.0,,,,0.2214545454545454,,0.0,,0.0,,,,,,,,,,,,,,,,,,,,,,,,,,,0.0,,,,,,0.0,,,,0.0,,0.0,,,0.0,,,,,,,,,,,,,,,,,,,,0.0,,,,,,,0.0,,,,,,0.0,,,,,0.0,,,,0.0,,,,,,0.0,,
Stanozolol,,,0.35509090909090907,,,,,,,,,0.0,,,,,,,,0.0,,,,,,,,,,,,,,0.0,0.0,,0.0,0.0,,,,,,,,,,,,,0.0,,,,,,,,,0.35381818181818175,0.5205454545454544,0.0,,,,,,,,0.7047191125652499,0.0,,,,,,,0.14209245742092458,,,,,0.22873009031981312,,,,0.0,,,,,,,0.6058483706908935,,,,0.0,,,,0.0,,,0.0,,,,,,0.0,,,,,0.10072992700729928,0.3016705292269599,,,,,,,,,0.0,,,,0.0,,,,,,0.26854545454545453,,0.9306224913609247,,,0.8820895068593051,,,0.9320132302123085,,,0.0,,0.0,,,,,0.08953771289537713,0.045742092457420926,0.0,0.39679099486136554,,0.8088955831534851,,,,,0.10563636363636363,,,,,0.39175922100025523,0.383090909090909,,,,,,,,,,0.0,,0.5574545454545454,,,,,0.0,0.0,,0.13821914141470365,,0.14987834549878346,,,0.0,,,,,0.0,,,,0.0,,0.0,0.0,,,,0.0,,,,,,,,,0.22527272727272724,,,,,0.2825272649205668,,,,,,,,0.0,,,,,,,,,,,0.0,,,,,,,,,0.0,,,,,,,0.0,,0.0,0.0,,,,,,,,,0.0,,,0.0,0.2647272727272727,,0.0,0.0,,,0.9306224913609247,,0.19345454545454543,,,0.0,,,,,,0.23418181818181816,,0.4136363636363636,,,0.06763990267639904,0.0,,,,0.3559509695658404,,,,,,0.0,0.22399999999999998,,,,,,,0.0,0.036496350364963494,,,,,,0.2545454545454545,,0.21254545454545454,,,,,,,,,,,,,,,,,,,,,,,,,,,,,,,,,,,,,,,,,,0.0,,,,,,,,,,,,,0.38748746124426997,,,,,,,,,0.04525547445255475,,,,,,,,,,,,,,,,,,,,,,,,,0.0,,0.4136363636363636,,,,,,,,,,,,,,,,,,,,,,,,0.21364493216896158,,,,0.0,,,,,,0.0,,,0.0,,,,,0.0,,,,,0.2501412825339251,0.3013160686458827,,,,,,,,,,,,,,,,,,,,,,,,,,,,,,,,,,,0.0,,,0.0,0.11630170316301702,,0.42888787872144185,,,,,,,,,0.27007299270072993,,0.0,,,,0.0,,,,,,,,,,,,,,,,,,,,,,,,,,,,,,0.0,,,,,,,,,0.0,,,,,,,,0.0,,,,,
Stenbolone,,,,,,0.11150186548,0.11150186548,,0.11150186548,,0.135202128368,0.11150186548,,0.11150186548,,,,,,,,,,,,,,0.40513835396839804,,,,,,,,,0.4246494079924866,,,,,,,,,,,,,,,,,,,,,,,,,,,,,0.11150186548,,,,0.46319826807456593,,,0.39107276565672017,,0.11150186548,0.818058049701673,,0.9401459854014599,,,,,0.7449378255587533,,,,,0.11150186548,0.11150186548,,,,0.38366109861265374,0.6011149998941174,,0.0,0.11150186548,,,0.3762285781338715,,,0.4236370419927273,,,,,,,,,,0.5269090909090908,,,0.8376062514494083,0.6546119403732259,,,,,,,,,,,,,,,,,,,0.16338275254618181,,0.44698750238688956,,,0.8748489506535009,,0.11150186548,,,,,,,,,0.10545522381090909,,0.3981063702498686,,,0.5966354268096676,,,,,,,,,,,,,0.3945454545454544,,,,,,0.11150186548,,0.11150186548,0.11150186548,,,,,,,,,,,0.150981810223,,0.48790974862508996,,0.143102156498,,,,,,,0.0,,,,0.11150186548,0.11150186548,,0.11150186548,,,,,,0.27142378703306147,,,,,0.119403562123,0.24418249653818178,,,,,0.4072727272727272,,,,0.11150186548,0.127302569502,,,,,,,,,,,,,0.40039282021040734,,,,,,,,,,0.5744556379666064,,,,0.119403562123,,,,,0.174646371539,0.11150186548,,,,,,,,,,,,0.41245952307105105,0.4725930236339218,,,,,,0.4236761719827543,,,,,,,,,0.119403562123,,0.4172734056290908,,,0.40785214088491284,0.11150186548,,,,,,,,,,,0.3873957978383523,,0.4402379405041861,0.11150186548,,,,,,,,,,,,0.3273877430837001,,,,,,,,,,,0.11150186548,0.11150186548,,,,,,,,,,,,,,,,,,,0.12836431471999998,,,,,,,,,,,0.11150186548,,,0.0,,,,,,,,,0.11150186548,,0.11150186548,,,,0.39686166751370394,,,,,,,0.11150186548,,,,,,,,0.22497217187805849,,,0.11150186548,,,,,,,,0.11150186548,0.5081020574526064,,,,,,0.11150186548,0.5239926484628763,,,,,,0.4300006783563635,,0.35176081042621515,,,,0.5878714078323636,,,0.31036431472,,,0.5381824965381818,,,0.0,0.18309158744727272,,,,,,0.119403562123,,,,,,,,,,,,,,,,,,,,0.3140420486265146,,,,,,0.11150186548,,,,,,,0.0,,,,,,,,0.5307321330533139,,,,,,,,,0.0,,,,,0.11150186548,,,,0.5701481914474745,,0.7178694854781847,,,,,,,,,,,,,,,0.7771821372929139,,,,,,,,,,,,,,,,,,,,,,,,,,0.11150186548,,,,,,,,0.5055534993530306,,,,,,,,,,,,,,,,,,
Testosterone,,,,,,0.09787453432580001,0.301807376246874,,0.09787453432580001,,0.3240805222254549,0.09787453432580001,,0.09787453432580001,,,,,,,,,,,,,,0.163737226168,,,,,,,,,0.4410962857497847,,,,,,,,,,,,,,,,,,,,,,,,,,,,,0.09787453432580001,,,,0.534772001475739,,,0.36859020302472395,,0.09787453432580001,0.9352798053527981,,0.9352798053527981,,,,,0.7314563646235785,,,,,0.09787453432580001,0.09787453432580001,,,,0.36002173189960096,0.7193797766144535,,0.0,0.09787453432580001,,,0.40302392125903946,,,0.4326816488457454,,,,,,,,,,0.5447272727272727,,,0.9352798053527981,0.637044105428093,,,,0.0,,,,,,,,,,,,,,,0.2643045667654545,,0.4705019742821382,,,0.9162388548421267,,0.09787453432580001,,,,,,,,,0.36395437611847264,0.36777255793665453,0.3801989880249421,,,0.6662123718393133,,,,,,,,,,,,,,,,,,,0.09787453432580001,,0.09787453432580001,0.09787453432580001,,,,,,,,,,,0.3295907155188594,,0.44827939571159414,,0.5134635279700254,,,,,,,0.0,,,,,0.09787453432580001,,0.0,,,,,,0.28586113273674185,,,,,0.106099949133,0.11068164884574544,,,,,0.3627272727272727,,,,0.09787453432580001,0.122581769115,,,,,,,,,,,,,0.330295278989493,,,,,,,,,,0.5028773660984458,,,,0.106099949133,,,,,0.147256737367,0.09787453432580001,,,,,,,,,,,,0.5781944080054404,0.46384842512474883,,,,,,0.39973375533615946,,,,,,,,,0.3358706365875066,,0.22399999999999998,,,0.4124141056717733,0.09787453432580001,,,,,,,,,,,0.4575843881384409,,0.4021998489918416,0.09787453432580001,,,,,,,,,,,,0.26662151560743264,,,,,,,,,,,0.09787453432580001,0.09787453432580001,,,,,,,,,,,,,,,,,,,0.13868164884574544,,,,,,,,,,,0.09787453432580001,,,0.0,,,,,,,,,0.0,,,,,,0.3676457502649644,,,,,,,0.09787453432580001,,,,,,,,0.30364671604627913,,,0.09787453432580001,,,,,,,,0.09787453432580001,0.4633645538624458,,,,,,0.09787453432580001,0.4455893966365519,,,,,,0.2914089215730181,,0.31026846147769027,,,,0.3204499004247272,,,0.3900803970848168,,,0.4046816488457455,,,0.0,0.25068164884574534,,,,,,0.31749531251377494,,,,,,,,,,,,,,,,,,,,0.3746365564337566,,,,,,0.09787453432580001,,,,,,,0.0,,,,,,,,0.5744296190831181,,,,,,,,,0.0,,,,,0.09787453432580001,,,,0.5744296190831181,,0.7369431436119489,,,,,,,,,,,,,,,0.9352798053527981,,,,,,,,,,,,,,,,,,,,,,,,,,0.09787453432580001,,,,,,,,0.5772359069250842,,0.0,,,,,,,,,,,,,,,,
Tetrahydrogestrinone,,,,,,,0.20804213558436596,,,,,,,,,,,,,,,,,,,,,0.0,,0.4022232199185454,,,,,,,,,,,,,,,,,,,0.0,,,,,,,,,,,,,,,,,0.0,,,,0.3325484471160728,,0.0,,,,0.7945996371735383,,0.7993852064630345,,,0.0,,0.28006160030456057,0.0,,,,,,0.0,,,,0.6917073267575682,,0.0,0.0,,,,,,,,,,,,0.4721818181818181,,,,,0.0,,0.3340761988447066,0.6917274662318853,0.0,,,0.0,,,,,,,,0.0,,,,,0.0,,,,0.32434383874738293,,,0.7457568094997985,0.0,,,,0.0,0.0,,0.0,,,,0.27367776537309085,0.2241005297449499,,,0.46016583060267185,,0.4541758845011395,0.0,,,,,,,0.0,,,,,,,0.0,0.0,0.101613854776,,,,,,,,,,,0.101613854776,,,,,0.2145985401459854,0.101613854776,,,,,,,0.0,,,,,,,,0.101613854776,,,,,0.0,,0.0,,,,,,,0.0,,0.30295049264581814,,,,,,0.0,,,,,,,,0.0,,0.0,,,0.4147904933808135,,,,,,,,,,0.2464849579687942,,,,,,,,0.5192727272727272,,,,,,0.0,,,,,,,,0.22702023777414698,0.31942865321311004,,,0.101613854776,0.0,,,,0.18836363636363632,,,0.101613854776,,,,,,,,,0.3837643565443233,,,,,,,0.3413594923636376,,,,,,,0.20490989953638794,0.101613854776,0.0,,,,,,,,,,,,,,,,,,,,0.0,,,0.0,,,,,,,,,,,,,,,,0.0,,,,,,,,,,0.0,,0.0,,0.101613854776,,,0.101613854776,,,,,,,,,,,,,0.2964727615374768,,,,,,,,,,,,,,,,,0.19551504476486875,,,,,,,,,,,,0.20535279805352796,,,0.101613854776,,,,0.43867284632199,,0.0,,,,0.38690909090909087,0.0,,,,0.0,0.5549504926458182,,,0.3375008782641161,,,,,,,0.13113231082763635,,,,,,0.0,,,,,,,,,,,,,,,,,,,,,,,,,,0.0,,,,,,,0.0,,0.0,,,0.0,,,,,,0.0,,,,,,,,,,,0.101613854776,,,,,,0.5125513831943178,,,,,,,,,,,,,0.0,,0.27908836429482825,,,,,,0.0,,,,,,,,,,,,,,0.101613854776,,,,,,,,,,,,,,0.30439250054786954,,0.101613854776,,,,,,,,0.0,,,,,,,,
Tibolone,,,,,0.0,,,,0.0,,0.101613854776,0.101613854776,,0.0,,,,,,,,,,,,,,0.101613854776,,,,,,,0.0,,,0.0,0.0,,,,,,,,,,,,,,,,0.36145454545454536,0.18581818181818177,,,,,,,,,,0.0,,,,0.6349529125518821,,0.0,0.20025624750650708,,0.101613854776,0.4394221426185012,,0.5090396213100515,,0.20490909090909087,,,0.22945332779847785,,,,,,0.101613854776,,,,0.0750909090909091,0.622590492985232,0.0,0.0,,,,0.17592534726319808,,0.0,0.2813141290094545,,,,,,,0.0,,,,,,0.27227571222670166,,,,,,,,0.21127272727272722,,,,,,0.0,,0.0,,,,,,,,,0.745334937009054,,0.101613854776,,0.0,,,,,,,,0.30290909090909085,0.1858880778588808,,,0.3028577611638391,,0.24563636363636362,,,,,,,,,,,,,,,,0.0,,,0.3102467655167556,,,,,,,,0.0,,,,0.19879639349190853,0.0,0.16496350364963502,,,0.0,,,,,0.0,0.0,,,0.0,,0.0,,,,,,,,,,,,,,,,,,,,,,,0.101613854776,0.0,,,,,,,,,,,,,,,,,0.0,,,,,,0.20122948351623943,,,0.0,0.101613854776,,,,,0.101613854776,0.0,,,,,,,,,,,,,0.7090705596107056,,,,,,0.9338199513381996,,,,,,,0.0,,,,0.37545454545454543,,0.3245454545454545,0.28630308787848374,0.0,0.0,,,,0.0,0.28821100692311624,,,,0.37672727272727263,,,,,,,,,,,0.0,,,,,,,,,,,,,,,,0.0,0.0,,,,,,,,,,,,,,,,,,,0.3144050381003635,,,,,,,,,,,0.0,,,,,,0.0,,,0.0,,0.0,0.0,,,,,,,,,,,0.0,,,,,,,,,,,,,0.101613854776,,,,,,,,,,,,,,,0.101613854776,,,,,,,0.42131412900945453,,,0.0,,,0.47345454545454535,,,0.2965868562821818,,,0.2724050381003636,,,,0.2163636363636363,,,,,,0.1562043795620438,,,,,,,,,,,,,0.0,,,,,,,,,,,,,,,,,,,0.23418181818181816,,,,,,,,,0.2309131818130764,,,,,,,,,,,,,0.0,,,,,,,0.42172308247484525,,,,,0.21890909090909086,,,,,,,,,,0.19075425790754258,,,,,,,,0.0,,,,,,,,,,,,,,,,,,,,,0.0,0.0,,,,0.2041491915454365,,,,,,,,,,,,,,,,,,
Trenbolone,,,,,,,0.100578902067,,,,,0.100578902067,0.3097982785625299,,,,,,,,,,,,,,,0.0,,0.3853014189334545,0.0,,,,,,,,,,,,,,,,,,0.0,,,,,,,,,,,,,,,,,0.0,,,,,,0.0,,,,0.8380951356777802,,0.8272258966840681,,,,,0.24412450486572945,0.0,,,,,,0.0,,,,0.7463045721155409,0.100578902067,0.100578902067,0.0,,,,,,,,,,,,,,,,,0.0,,0.3798909282233937,0.7858906608186368,,,,0.0,,,,,,,,0.0,,,,,0.0,,0.24818181818181814,,0.100578902067,,0.0,0.8007991731266847,0.0,,,,0.0,,,0.0,,,,0.24530141893345447,0.23390552676353965,,,0.43966026206646747,,,,,,,,,,0.0,,,,,,,,0.0,0.0,,,,0.100578902067,,0.5472727272727272,,,,,0.100578902067,,,0.0,,0.21784713260295574,0.100578902067,0.21882036861268805,,,0.0,,,,,,,,0.0,,,0.0,,,,,0.0,,0.0,,,,,,,0.0,,0.3013014189334545,,,,,,0.0,,,,,0.0,,,,,,,,0.37893778256981814,,,,,,,,,,0.2421780328462647,,,,,,,,0.5141818181818182,0.0,,,,,,,,,,,,,0.36065463842828616,,,,0.0,,,,,0.3585741462061818,,,0.100578902067,,,,,,,,,0.2519103929435883,0.100578902067,,,,,,,,,,,0.18929440389294402,,0.4342827023710701,,,,,,,0.0,0.0,,,,,,,,,,,,,,0.0,,0.100578902067,0.0,,,,,,,,0.24563636363636362,0.0,,,,0.0,,,0.0,,,,,,,,,,0.0,,,,0.0,,,0.100578902067,,,,,,,,,,,,,0.37627843878977957,,,,,,,,,,,,,,,,,,,,,,,,,,,,,,,,0.100578902067,,,,0.352480566050973,,0.0,,,,0.38818181818181813,0.0,,,,0.0,0.40821050984254537,,,0.27618181818181814,,,,,,,0.09799999999999999,,,,,,,,,,,,,,,,,,0.45563636363636356,,,,,,,,,,0.0,,,,0.0,,,,,,,0.0,,,,,,,,,,,0.0,,,,,,0.0,,,,,0.100578902067,,,,,0.100578902067,0.4977239120465255,,,,,,,,,,,,,0.0,,0.3682120961066053,,,,,,,,,,,,,,,,,,,,,,,,,,,,,,,,,,0.2558033369825177,,0.100578902067,,,,,,,,,,,,,,,,
Trestolone,,,,,,0.09787453432580001,0.09787453432580001,,0.09787453432580001,,0.11433755860500001,0.09787453432580001,,0.09787453432580001,,,,,,,,,,,,,,0.163737226168,,,,,,,,,0.366157113000393,,,,,,,,,,,,,,,,,,,,,,,,,,,,,0.09787453432580001,,,,0.42286223392372396,,0.0,0.09787453432580001,,0.09787453432580001,0.8437956204379562,,0.8734793187347932,,,,,0.6597148836142734,,,,,0.09787453432580001,0.09787453432580001,,,,0.32471244322062576,0.650150017159824,,0.0,0.09787453432580001,,,0.3091066463198667,,,0.4186816488457455,,,,,,,,,,0.5854089215730182,,,0.8705596107055961,0.6540233982487845,,,,0.0,,,,,,,,,,,,,,,0.14039998150290908,,0.36528085931458,,,0.8765802903476777,,0.09787453432580001,,,,,,,,,0.09540892157301818,0.16668164884574543,0.36122088583516104,,,0.5870965621267356,,,,,,,,,,,,,,,,,,0.0,0.09787453432580001,,0.28895320895547083,0.09787453432580001,,,,,,,,,,,0.139061946948,,0.35144241274322435,,0.46443454371401754,,,,,,,0.0,,,,,0.09787453432580001,,0.0,,,,,,0.35491509008610495,,,,,0.106099949133,0.24177255793665448,,,,,0.3919543761184727,,,,0.09787453432580001,0.122581769115,,,,,,,,,,,,,0.27087109371445883,,,,,,,,,,0.4607948495618277,,,,0.106099949133,,,,,0.171978589411,0.09787453432580001,,,,,,,,,,,,0.5297039453770988,0.3888980887858337,,,,,,0.3369600327084222,,,,,,,,,0.106099949133,,0.22909090909090907,,,0.130791955177,0.09787453432580001,,,,,,,,,,,0.37227557547799617,,0.25821308491162076,0.09787453432580001,,,,,,,,,,,,0.2566224353779389,,,,,,,,,,,0.09787453432580001,0.09787453432580001,,,,,,,,,,,,,,,,,,,0.13995437611847272,,,,,,,,,,,0.106099949133,,,0.0,,,,,,,,,0.0,,,,,,0.3705329736252061,,,,,,,0.09787453432580001,,,,,,,,0.35853702136586135,,,0.09787453432580001,,,,,,,,0.09787453432580001,0.41470275337582774,,,,,,0.09787453432580001,0.42280926460325235,,,,,,0.41995437611847275,,0.27331090754920817,,,,0.5266317186065453,,,0.30922710339119996,,,0.40340892157301816,,,0.0,0.14886346702756362,,,,,,0.09787453432580001,,,,,,,,,,,,,,,,,,,,0.31472689809401505,,,,,,0.09787453432580001,,,,,,,,,,,,,,,0.45764129791523483,,,,,,,,,0.0,,,,,0.09787453432580001,,,,0.48245881616340996,,0.667848025013966,,,,,,,,,,,,,,,0.8184914841849149,,,,,,,,,,,,,,,,,,,,,,,,,,0.09787453432580001,,,,,,,,0.4074062232267874,,,,,,,,,,,,,,,,,,
