category,term,description,number_of_genes,number_of_genes_in_background,p_value,fdr,preferredNames
COMPARTMENTS,GOCC:0005737,Cytoplasm,95,8195,8.71e-14,1.41e-10,"CYP51A1,MAPK1,STS,ATP12A,HSD17B1,CYP27B1,MAPK14,NR3C1,CTSD,FLT3,CDC25B,FABP4,CYP2C9,MAPK3,KDR,BCHE,POLB,CDK2,SLC6A3,EGFR,SIGMAR1,CA2,PPARG,HMGCR,ACE,CYP11B1,FABP1,ACHE,CDC25A,GLUL,F2,PLG,ADAM17,PTPN2,HSD11B2,BACE1,PGR,NOS2,PDE2A,HSP90AA1,DYRK1A,PTGES,ESR2,PDE4D,CTSB,NR3C2,PDE3A,AKR1B10,SREBF2,TOP1,PTGS1,HSD11B1,PTGS2,NR1I3,CYP17A1,CYP2C19,PTPN1,ABL1,PLAU,ALOX5,AR,HSD17B3,F10,PIK3CD,POLA1,RPS6KA3,AKR1C3,AKR1C2,AKR1C1,JAK2,G6PD,MAPK8,CYP19A1,PDE7A,IL6,TBXAS1,CHEK1,FGFR1,OPRM1,CHRM2,ESR1,TOP2A,PIK3CG,GC,EPHX2,CA1,GPBAR1,NTRK1,TYK2,JAK3,NR1H3,PTPN11,CYP2D6,PREP,CES2"
COMPARTMENTS,GOCC:0110165,Cellular anatomical entity,124,14060,6.13e-14,1.41e-10,"CYP51A1,MAPK1,CSNK2A1,STS,ATP12A,SLC6A2,HSD17B1,CYP27B1,MAPK14,NR3C1,CTSD,FLT3,CDC25B,CHRM3,FABP4,CYP2C9,RORA,SLC6A4,KCNH2,MAPK3,KDR,BCHE,POLB,CDK2,SLC6A3,EGFR,SIGMAR1,ADRA2A,CA2,PPARG,HMGCR,NPC1L1,ACE,CYP11B1,FABP1,ACHE,CDC25A,GLUL,F2,PLG,ADAM17,PPARD,PTPN2,PRKDC,HSD11B2,MET,BACE1,PGR,RORC,NOS2,CACNA1H,PDE2A,HSP90AA1,NR1I2,DYRK1A,PTGES,SERPINA6,ESR2,PDE4D,CTSB,NR3C2,PDE3A,AKR1B10,SREBF2,TOP1,PTGS1,DRD2,HSD11B1,PTGS2,NR1I3,CYP17A1,CYP2C19,PTPN1,ABL1,PLAU,TACR2,ALOX5,AR,HSD17B3,F10,GABBR1,PIK3CD,CA9,POLA1,RPS6KA3,SHBG,AKR1C3,AKR1C2,AKR1C1,JAK2,DRD3,G6PD,MAPK8,CYP19A1,HCRTR1,PPARA,PDE7A,IL6,ADRA2C,TBXAS1,CHEK1,FGFR1,OPRM1,CHRM2,ESR1,TOP2A,PIK3CG,GC,EPHX2,CA1,GPBAR1,NTRK1,TYK2,JAK3,HTR2A,NR1H4,NR1H3,ABCB1,ADORA2A,PTPN11,CYP2D6,PREP,NR1H2,CES2"
COMPARTMENTS,GOCC:0043227,Membrane-bounded organelle,98,9083,2.41e-12,1.85e-09,"CYP51A1,MAPK1,CSNK2A1,STS,CYP27B1,MAPK14,NR3C1,CTSD,FLT3,CDC25B,FABP4,CYP2C9,RORA,SLC6A4,MAPK3,KDR,BCHE,POLB,CDK2,SLC6A3,EGFR,SIGMAR1,PPARG,HMGCR,ACE,CYP11B1,FABP1,ACHE,CDC25A,GLUL,F2,PLG,ADAM17,PPARD,PTPN2,PRKDC,HSD11B2,BACE1,PGR,RORC,NOS2,PDE2A,HSP90AA1,NR1I2,DYRK1A,PTGES,ESR2,CTSB,NR3C2,AKR1B10,SREBF2,TOP1,PTGS1,DRD2,HSD11B1,PTGS2,NR1I3,CYP17A1,CYP2C19,PTPN1,ABL1,PLAU,TACR2,ALOX5,AR,HSD17B3,F10,POLA1,RPS6KA3,SHBG,AKR1C3,AKR1C2,AKR1C1,JAK2,G6PD,MAPK8,CYP19A1,PPARA,IL6,TBXAS1,CHEK1,FGFR1,OPRM1,CHRM2,ESR1,TOP2A,GC,EPHX2,NTRK1,TYK2,JAK3,NR1H4,NR1H3,ABCB1,PTPN11,CYP2D6,NR1H2,CES2"
COMPARTMENTS,GOCC:0043231,Intracellular membrane-bounded organelle,88,8162,4.56e-10,2.62e-07,"CYP51A1,MAPK1,CSNK2A1,STS,CYP27B1,MAPK14,NR3C1,CTSD,FLT3,CDC25B,CYP2C9,RORA,SLC6A4,MAPK3,KDR,POLB,CDK2,EGFR,SIGMAR1,PPARG,HMGCR,ACE,CYP11B1,FABP1,ACHE,CDC25A,GLUL,F2,ADAM17,PPARD,PTPN2,PRKDC,HSD11B2,BACE1,PGR,RORC,NOS2,PDE2A,HSP90AA1,NR1I2,DYRK1A,PTGES,ESR2,CTSB,NR3C2,AKR1B10,SREBF2,TOP1,PTGS1,HSD11B1,PTGS2,NR1I3,CYP17A1,CYP2C19,PTPN1,ABL1,ALOX5,AR,HSD17B3,F10,POLA1,RPS6KA3,AKR1C3,AKR1C2,AKR1C1,JAK2,G6PD,MAPK8,CYP19A1,PPARA,IL6,TBXAS1,CHEK1,FGFR1,ESR1,TOP2A,GC,EPHX2,NTRK1,TYK2,JAK3,NR1H4,NR1H3,ABCB1,PTPN11,CYP2D6,NR1H2,CES2"
COMPARTMENTS,GOCC:0043226,Organelle,99,10113,1.37e-09,6.3e-07,"CYP51A1,MAPK1,CSNK2A1,STS,ATP12A,CYP27B1,MAPK14,NR3C1,CTSD,FLT3,CDC25B,FABP4,CYP2C9,RORA,SLC6A4,MAPK3,KDR,BCHE,POLB,CDK2,SLC6A3,EGFR,SIGMAR1,PPARG,HMGCR,ACE,CYP11B1,FABP1,ACHE,CDC25A,GLUL,F2,PLG,ADAM17,PPARD,PTPN2,PRKDC,HSD11B2,BACE1,PGR,RORC,NOS2,PDE2A,HSP90AA1,NR1I2,DYRK1A,PTGES,ESR2,CTSB,NR3C2,AKR1B10,SREBF2,TOP1,PTGS1,DRD2,HSD11B1,PTGS2,NR1I3,CYP17A1,CYP2C19,PTPN1,ABL1,PLAU,TACR2,ALOX5,AR,HSD17B3,F10,POLA1,RPS6KA3,SHBG,AKR1C3,AKR1C2,AKR1C1,JAK2,G6PD,MAPK8,CYP19A1,PPARA,IL6,TBXAS1,CHEK1,FGFR1,OPRM1,CHRM2,ESR1,TOP2A,GC,EPHX2,NTRK1,TYK2,JAK3,NR1H4,NR1H3,ABCB1,PTPN11,CYP2D6,NR1H2,CES2"
COMPARTMENTS,GOCC:0043229,Intracellular organelle,96,9609,1.42e-09,6.3e-07,"CYP51A1,MAPK1,CSNK2A1,STS,ATP12A,CYP27B1,MAPK14,NR3C1,CTSD,FLT3,CDC25B,FABP4,CYP2C9,RORA,SLC6A4,MAPK3,KDR,BCHE,POLB,CDK2,SLC6A3,EGFR,SIGMAR1,PPARG,HMGCR,ACE,CYP11B1,FABP1,ACHE,CDC25A,GLUL,F2,PLG,ADAM17,PPARD,PTPN2,PRKDC,HSD11B2,BACE1,PGR,RORC,NOS2,PDE2A,HSP90AA1,NR1I2,DYRK1A,PTGES,ESR2,CTSB,NR3C2,AKR1B10,SREBF2,TOP1,PTGS1,HSD11B1,PTGS2,NR1I3,CYP17A1,CYP2C19,PTPN1,ABL1,PLAU,ALOX5,AR,HSD17B3,F10,POLA1,RPS6KA3,AKR1C3,AKR1C2,AKR1C1,JAK2,G6PD,MAPK8,CYP19A1,PPARA,IL6,TBXAS1,CHEK1,FGFR1,OPRM1,CHRM2,ESR1,TOP2A,GC,EPHX2,NTRK1,TYK2,JAK3,NR1H4,NR1H3,ABCB1,PTPN11,CYP2D6,NR1H2,CES2"
COMPARTMENTS,GOCC:0005622,Intracellular,106,11512,3.53e-09,1.16e-06,"CYP51A1,MAPK1,CSNK2A1,STS,ATP12A,HSD17B1,CYP27B1,MAPK14,NR3C1,CTSD,FLT3,CDC25B,FABP4,CYP2C9,RORA,SLC6A4,MAPK3,KDR,BCHE,POLB,CDK2,SLC6A3,EGFR,SIGMAR1,CA2,PPARG,HMGCR,ACE,CYP11B1,FABP1,ACHE,CDC25A,GLUL,F2,PLG,ADAM17,PPARD,PTPN2,PRKDC,HSD11B2,BACE1,PGR,RORC,NOS2,PDE2A,HSP90AA1,NR1I2,DYRK1A,PTGES,ESR2,PDE4D,CTSB,NR3C2,PDE3A,AKR1B10,SREBF2,TOP1,PTGS1,HSD11B1,PTGS2,NR1I3,CYP17A1,CYP2C19,PTPN1,ABL1,PLAU,ALOX5,AR,HSD17B3,F10,PIK3CD,POLA1,RPS6KA3,AKR1C3,AKR1C2,AKR1C1,JAK2,G6PD,MAPK8,CYP19A1,PPARA,PDE7A,IL6,TBXAS1,CHEK1,FGFR1,OPRM1,CHRM2,ESR1,TOP2A,PIK3CG,GC,EPHX2,CA1,GPBAR1,NTRK1,TYK2,JAK3,NR1H4,NR1H3,ABCB1,PTPN11,CYP2D6,PREP,NR1H2,CES2"
COMPARTMENTS,GOCC:0043235,Receptor complex,17,425,3.89e-09,1.16e-06,"SLC6A4,EGFR,ADRA2A,PPARG,NR1I2,NR3C2,ABL1,GABBR1,JAK2,IL6,FGFR1,GPBAR1,NTRK1,TYK2,HTR2A,NR1H4,NR1H3"
COMPARTMENTS,GOCC:0005886,Plasma membrane,51,3535,6.29e-09,1.61e-06,"CYP51A1,MAPK1,STS,ATP12A,SLC6A2,FLT3,CHRM3,SLC6A4,KCNH2,MAPK3,KDR,SLC6A3,EGFR,ADRA2A,CA2,HMGCR,NPC1L1,ACE,ACHE,GLUL,PLG,ADAM17,PTPN2,MET,BACE1,CACNA1H,PDE2A,PDE4D,SREBF2,DRD2,ABL1,PLAU,TACR2,GABBR1,CA9,JAK2,DRD3,G6PD,HCRTR1,IL6,ADRA2C,FGFR1,OPRM1,CHRM2,ESR1,GPBAR1,NTRK1,TYK2,HTR2A,ABCB1,ADORA2A"
COMPARTMENTS,GOCC:0016021,Integral component of membrane,31,1507,8.44e-09,1.94e-06,"ATP12A,KCNH2,KDR,SLC6A3,EGFR,SIGMAR1,ADRA2A,NPC1L1,ACE,ADAM17,MET,BACE1,CACNA1H,PTGES,PDE4D,SREBF2,DRD2,HSD11B1,GABBR1,CA9,JAK2,HCRTR1,IL6,FGFR1,OPRM1,CHRM2,NTRK1,TYK2,HTR2A,ABCB1,ADORA2A"
COMPARTMENTS,GOCC:0070013,Intracellular organelle lumen,45,2902,9.14e-09,1.94e-06,"MAPK1,CSNK2A1,MAPK14,NR3C1,CTSD,FLT3,SLC6A4,MAPK3,CDK2,EGFR,PPARG,FABP1,CDC25A,F2,PLG,ADAM17,PRKDC,BACE1,PGR,NOS2,HSP90AA1,DYRK1A,ESR2,CTSB,SREBF2,TOP1,PTGS2,ABL1,ALOX5,AR,F10,POLA1,RPS6KA3,AKR1C1,JAK2,MAPK8,PPARA,IL6,CHEK1,ESR1,TOP2A,GC,EPHX2,PTPN11,CES2"
COMPARTMENTS,GOCC:0016020,Membrane,67,5715,3e-08,4.93e-06,"CYP51A1,MAPK1,STS,ATP12A,SLC6A2,CYP27B1,CTSD,FLT3,CHRM3,SLC6A4,KCNH2,MAPK3,KDR,SLC6A3,EGFR,SIGMAR1,ADRA2A,CA2,HMGCR,NPC1L1,ACE,ACHE,GLUL,PLG,ADAM17,PTPN2,MET,BACE1,CACNA1H,PDE2A,HSP90AA1,PTGES,PDE4D,NR3C2,SREBF2,PTGS1,DRD2,HSD11B1,PTGS2,CYP2C19,PTPN1,ABL1,PLAU,TACR2,ALOX5,GABBR1,PIK3CD,CA9,JAK2,DRD3,G6PD,CYP19A1,HCRTR1,IL6,ADRA2C,TBXAS1,FGFR1,OPRM1,CHRM2,ESR1,PIK3CG,GPBAR1,NTRK1,TYK2,HTR2A,ABCB1,ADORA2A"
COMPARTMENTS,GOCC:0012505,Endomembrane system,46,3156,3.93e-08,5.65e-06,"CYP51A1,MAPK1,MAPK14,CTSD,FLT3,CYP2C9,SLC6A4,MAPK3,KDR,BCHE,CDK2,SLC6A3,EGFR,SIGMAR1,HMGCR,ACE,F2,PLG,ADAM17,PTPN2,BACE1,HSP90AA1,CTSB,NR3C2,SREBF2,PTGS1,HSD11B1,PTGS2,CYP17A1,CYP2C19,PTPN1,ABL1,PLAU,ALOX5,HSD17B3,F10,POLA1,JAK2,CYP19A1,IL6,TBXAS1,OPRM1,ESR1,NTRK1,CYP2D6,CES2"
COMPARTMENTS,GOCC:0005783,Endoplasmic reticulum,25,1095,4.47e-08,6.05e-06,"CYP51A1,MAPK1,FLT3,CYP2C9,MAPK3,KDR,SIGMAR1,HMGCR,ADAM17,PTPN2,BACE1,NR3C2,SREBF2,PTGS1,HSD11B1,PTGS2,CYP17A1,CYP2C19,PTPN1,HSD17B3,CYP19A1,IL6,TBXAS1,CYP2D6,CES2"
COMPARTMENTS,GOCC:0005887,Integral component of plasma membrane,19,792,1.12e-06,0.00014,"ATP12A,KCNH2,KDR,EGFR,ADRA2A,NPC1L1,ACE,ADAM17,BACE1,CACNA1H,DRD2,GABBR1,JAK2,HCRTR1,IL6,CHRM2,NTRK1,TYK2,ADORA2A"
COMPARTMENTS,GOCC:0005654,Nucleoplasm,23,1146,1.52e-06,0.00017,"MAPK1,CSNK2A1,NR3C1,SLC6A4,MAPK3,CDK2,PPARG,CDC25A,PRKDC,PGR,HSP90AA1,DYRK1A,ESR2,TOP1,ABL1,AR,POLA1,JAK2,MAPK8,PPARA,CHEK1,ESR1,TOP2A"
COMPARTMENTS,GOCC:0043230,Extracellular organelle,15,524,2.11e-06,0.00023,"CTSD,FABP4,ACE,GLUL,F2,PLG,HSP90AA1,CTSB,PTGS1,PLAU,SHBG,G6PD,GC,TYK2,ABCB1"
COMPARTMENTS,GOCC:0098797,Plasma membrane protein complex,17,682,2.64e-06,0.00028,"CYP51A1,ATP12A,KCNH2,SLC6A3,EGFR,HMGCR,BACE1,CACNA1H,PDE4D,SREBF2,ABL1,GABBR1,JAK2,IL6,TYK2,HTR2A,ABCB1"
COMPARTMENTS,GOCC:0005576,Extracellular region,32,2079,3.09e-06,0.00031,"MAPK1,MAPK14,CTSD,FABP4,SLC6A4,KDR,BCHE,EGFR,CA2,HMGCR,ACE,FABP1,ACHE,GLUL,F2,PLG,MET,HSP90AA1,SERPINA6,CTSB,AKR1B10,PTGS1,PLAU,ALOX5,F10,SHBG,G6PD,IL6,FGFR1,GC,TYK2,ABCB1"
COMPARTMENTS,GOCC:0005615,Extracellular space,21,1027,3.49e-06,0.00032,"CTSD,FABP4,BCHE,EGFR,HMGCR,ACE,FABP1,GLUL,F2,PLG,HSP90AA1,CTSB,PTGS1,PLAU,ALOX5,SHBG,G6PD,IL6,GC,TYK2,ABCB1"
COMPARTMENTS,GOCC:0005829,Cytosol,40,3054,6.81e-06,0.0006,"MAPK1,ATP12A,MAPK14,NR3C1,CDC25B,FABP4,MAPK3,CDK2,CA2,PPARG,ACE,FABP1,CDC25A,GLUL,F2,ADAM17,PDE2A,HSP90AA1,PDE4D,PDE3A,PTPN1,ABL1,ALOX5,PIK3CD,POLA1,RPS6KA3,AKR1C1,JAK2,G6PD,MAPK8,IL6,CHEK1,FGFR1,ESR1,PIK3CG,EPHX2,CA1,NR1H3,PTPN11,PREP"
COMPARTMENTS,GOCC:0005634,Nucleus,54,4787,7.1e-06,0.00061,"MAPK1,CSNK2A1,MAPK14,NR3C1,CDC25B,RORA,SLC6A4,MAPK3,KDR,POLB,CDK2,EGFR,SIGMAR1,PPARG,ACHE,CDC25A,GLUL,F2,PPARD,PTPN2,PRKDC,PGR,RORC,NOS2,PDE2A,HSP90AA1,NR1I2,DYRK1A,ESR2,NR3C2,SREBF2,TOP1,PTGS2,NR1I3,ABL1,ALOX5,AR,POLA1,RPS6KA3,AKR1C3,AKR1C1,JAK2,MAPK8,PPARA,CHEK1,FGFR1,ESR1,TOP2A,TYK2,NR1H4,NR1H3,ABCB1,PTPN11,NR1H2"
COMPARTMENTS,GOCC:0031981,Nuclear lumen,29,1850,7.18e-06,0.00061,"MAPK1,CSNK2A1,NR3C1,SLC6A4,MAPK3,CDK2,PPARG,CDC25A,F2,PRKDC,PGR,HSP90AA1,DYRK1A,ESR2,SREBF2,TOP1,ABL1,ALOX5,AR,POLA1,RPS6KA3,AKR1C1,JAK2,MAPK8,PPARA,CHEK1,ESR1,TOP2A,PTPN11"
COMPARTMENTS,GOCC:0031982,Vesicle,31,2125,1.35e-05,0.0011,"MAPK1,MAPK14,CTSD,FLT3,FABP4,MAPK3,KDR,BCHE,CDK2,SLC6A3,EGFR,ACE,GLUL,F2,PLG,BACE1,HSP90AA1,CTSB,PTGS1,PTPN1,PLAU,ALOX5,SHBG,AKR1C2,JAK2,G6PD,OPRM1,CHRM2,GC,NTRK1,ABCB1"
COMPARTMENTS,GOCC:0065010,Extracellular membrane-bounded organelle,13,473,1.6e-05,0.0012,"CTSD,FABP4,ACE,GLUL,F2,PLG,HSP90AA1,CTSB,PTGS1,PLAU,SHBG,GC,ABCB1"
COMPARTMENTS,GOCC:0005788,Endoplasmic reticulum lumen,8,172,2.23e-05,0.0017,"MAPK1,FLT3,MAPK3,ADAM17,BACE1,PTGS2,IL6,CES2"
COMPARTMENTS,GOCC:1903561,Extracellular vesicle,13,500,2.82e-05,0.002,"CTSD,FABP4,ACE,GLUL,F2,PLG,HSP90AA1,CTSB,PTGS1,PLAU,SHBG,GC,ABCB1"
COMPARTMENTS,GOCC:0045121,Membrane raft,8,181,3.17e-05,0.0022,"MAPK1,CTSD,SLC6A4,MAPK3,KDR,SLC6A3,EGFR,ADAM17"
COMPARTMENTS,GOCC:0032991,Protein-containing complex,55,5325,7.85e-05,0.0052,"CYP51A1,CSNK2A1,ATP12A,NR3C1,SLC6A4,KCNH2,KDR,POLB,CDK2,SLC6A3,EGFR,ADRA2A,PPARG,HMGCR,ACE,ACHE,GLUL,F2,PLG,PRKDC,BACE1,CACNA1H,HSP90AA1,NR1I2,PDE4D,CTSB,NR3C2,SREBF2,PTGS2,PTPN1,ABL1,PLAU,ALOX5,AR,GABBR1,PIK3CD,POLA1,SHBG,AKR1C1,JAK2,IL6,CHEK1,FGFR1,OPRM1,ESR1,TOP2A,PIK3CG,GPBAR1,NTRK1,TYK2,HTR2A,NR1H4,NR1H3,ABCB1,PTPN11"
COMPARTMENTS,GOCC:0005768,Endosome,14,671,0.00014,0.0089,"MAPK1,CTSD,FLT3,MAPK3,KDR,CDK2,EGFR,ACE,BACE1,CTSB,PTPN1,JAK2,OPRM1,NTRK1"
COMPARTMENTS,GOCC:0098796,Membrane protein complex,21,1353,0.00019,0.0116,"CYP51A1,ATP12A,KCNH2,SLC6A3,EGFR,HMGCR,BACE1,CACNA1H,PDE4D,SREBF2,ABL1,ALOX5,GABBR1,PIK3CD,JAK2,IL6,OPRM1,PIK3CG,TYK2,HTR2A,ABCB1"
COMPARTMENTS,GOCC:0042734,Presynaptic membrane,4,41,0.0002,0.0121,"SLC6A2,SLC6A3,PDE2A,DRD2"
COMPARTMENTS,GOCC:1904813,ficolin-1-rich granule lumen,6,124,0.0002,0.0121,"MAPK1,MAPK14,CTSD,HSP90AA1,CTSB,ALOX5"
COMPARTMENTS,GOCC:0005577,Fibrinogen complex,3,20,0.00042,0.0238,"F2,PLG,IL6"
COMPARTMENTS,GOCC:0045202,Synapse,11,493,0.00043,0.0238,"SLC6A2,SLC6A4,SLC6A3,SIGMAR1,ACHE,PDE2A,DRD2,ABL1,MAPK8,OPRM1,CHRM2"
COMPARTMENTS,GOCC:0030054,Cell junction,17,1053,0.00053,0.0282,"MAPK1,SLC6A2,SLC6A4,MAPK3,KDR,SLC6A3,EGFR,SIGMAR1,ACHE,PDE2A,DRD2,ABL1,PLAU,JAK2,MAPK8,OPRM1,CHRM2"
COMPARTMENTS,GOCC:0009986,Cell surface,10,438,0.00066,0.0347,"KCNH2,SLC6A3,EGFR,ACE,PLG,ADAM17,MET,BACE1,PLAU,ABCB1"
COMPARTMENTS,GOCC:0031410,Cytoplasmic vesicle,23,1738,0.00085,0.0432,"MAPK1,MAPK14,CTSD,FLT3,MAPK3,KDR,BCHE,CDK2,SLC6A3,EGFR,ACE,PLG,BACE1,HSP90AA1,CTSB,PTPN1,PLAU,ALOX5,AKR1C2,JAK2,OPRM1,CHRM2,NTRK1"
COMPARTMENTS,GOCC:0097443,Sorting endosome,2,5,0.00085,0.0432,"KDR,PTPN1"
COMPARTMENTS,GOCC:0098691,Dopaminergic synapse,2,5,0.00085,0.0432,"SLC6A3,DRD2"
COMPARTMENTS,GOCC:1904096,Protein tyrosine phosphatase complex,2,5,0.00085,0.0432,"PTPN1,PTPN11"
COMPARTMENTS,GOCC:1990503,Dendritic lamellar body,2,5,0.00085,0.0432,"BCHE,SLC6A3"
Process,GO:0042221,Response to chemical,98,4010,7.289999999999999e-42,1.14e-37,"MAPK1,SLC6A2,HSD17B1,CYP27B1,MAPK14,NR3C1,FLT3,CHRM3,FABP4,CYP2C9,RORA,SLC6A4,KCNH2,MAPK3,KDR,BCHE,POLB,CDK2,SLC6A3,SRD5A1,EGFR,SIGMAR1,ADRA2A,CA2,PPARG,NPC1L1,ACE,CYP11B1,FABP1,ACHE,GLUL,ADAM17,PPARD,PTPN2,PRKDC,HSD11B2,MET,BACE1,PGR,RORC,NOS2,CACNA1H,PDE2A,HSP90AA1,NR1I2,PTGES,ESR2,PDE4D,CTSB,NR3C2,PDE3A,AKR1B10,SREBF2,TOP1,PTGS1,DRD2,PTGS2,CYP2C19,PTPN1,ABL1,PLAU,ALOX5,AR,GABBR1,PIK3CD,CA9,RPS6KA3,AKR1C3,AKR1C2,AKR1C1,JAK2,DRD3,G6PD,MAPK8,CYP19A1,PPARA,IL6,TBXAS1,CHEK1,FGFR1,OPRM1,CHRM2,ESR1,PIK3CG,EPHX2,GPBAR1,NTRK1,TYK2,JAK3,HTR2A,NR1H4,SRD5A2,NR1H3,ABCB1,ADORA2A,PTPN11,CYP2D6,CES2"
Process,GO:1901700,Response to oxygen-containing compound,67,1547,4.45e-39,3.49e-35,"MAPK1,CYP27B1,MAPK14,NR3C1,CHRM3,RORA,SLC6A4,MAPK3,BCHE,POLB,CDK2,SLC6A3,SRD5A1,EGFR,SIGMAR1,CA2,PPARG,ACE,CYP11B1,FABP1,ACHE,GLUL,ADAM17,PPARD,PTPN2,PRKDC,HSD11B2,BACE1,RORC,NOS2,PDE2A,HSP90AA1,ESR2,PDE4D,PDE3A,AKR1B10,DRD2,PTGS2,PTPN1,ABL1,AR,GABBR1,CA9,RPS6KA3,AKR1C3,AKR1C2,AKR1C1,JAK2,DRD3,G6PD,MAPK8,CYP19A1,PPARA,IL6,TBXAS1,OPRM1,CHRM2,ESR1,PIK3CG,GPBAR1,NTRK1,TYK2,JAK3,HTR2A,NR1H4,SRD5A2,NR1H3"
Process,GO:0065008,Regulation of biological quality,89,3654,6.63e-36,3.46e-32,"MAPK1,ATP12A,SLC6A2,HSD17B1,CYP27B1,MAPK14,NR3C1,FLT3,CHRM3,FABP4,CYP2C9,RORA,SLC6A4,KCNH2,MAPK3,KDR,BCHE,POLB,SLC6A3,SRD5A1,ADRA2A,CA2,PPARG,NPC1L1,ACE,CYP11B1,ACHE,UGT2B7,GLUL,F2,PLG,ADAM17,PPARD,PTPN2,PRKDC,HSD11B2,MET,BACE1,NOS2,CACNA1H,PDE2A,HSP90AA1,PTGES,PDE4D,CTSB,PDE3A,AKR1B10,SREBF2,PTGS1,DRD2,PTGS2,CYP17A1,ABL1,PLAU,TACR2,ALOX5,AR,HSD17B3,F10,GABBR1,AKR1C3,AKR1C2,AKR1C1,JAK2,DRD3,G6PD,MAPK8,CYP19A1,HCRTR1,PPARA,IL6,ADRA2C,TBXAS1,OPRM1,CHRM2,ESR1,PIK3CG,EPHX2,NTRK1,JAK3,HTR2A,NR1H4,SRD5A2,NR1H3,ABCB1,ADORA2A,PTPN11,CYP2D6,NR1H2"
Process,GO:0010033,Response to organic substance,78,2692,6.699999999999999e-35,2.6300000000000004e-31,"MAPK1,CYP27B1,MAPK14,NR3C1,FLT3,CHRM3,FABP4,RORA,SLC6A4,MAPK3,KDR,BCHE,POLB,SLC6A3,SRD5A1,EGFR,ADRA2A,CA2,PPARG,ACE,CYP11B1,ACHE,GLUL,ADAM17,PPARD,PTPN2,PRKDC,HSD11B2,BACE1,PGR,RORC,NOS2,CACNA1H,PDE2A,HSP90AA1,ESR2,PDE4D,CTSB,NR3C2,PDE3A,AKR1B10,SREBF2,DRD2,PTGS2,PTPN1,ABL1,AR,GABBR1,PIK3CD,CA9,RPS6KA3,AKR1C3,AKR1C2,AKR1C1,JAK2,DRD3,G6PD,MAPK8,CYP19A1,PPARA,IL6,TBXAS1,CHEK1,FGFR1,OPRM1,CHRM2,ESR1,PIK3CG,GPBAR1,NTRK1,TYK2,JAK3,HTR2A,NR1H4,SRD5A2,NR1H3,ADORA2A,PTPN11"
Process,GO:0070887,Cellular response to chemical stimulus,76,2609,7.12e-34,2.23e-30,"MAPK1,HSD17B1,MAPK14,NR3C1,FLT3,CHRM3,FABP4,CYP2C9,RORA,SLC6A4,KCNH2,MAPK3,KDR,BCHE,CDK2,SRD5A1,EGFR,SIGMAR1,ADRA2A,CA2,PPARG,ACE,CYP11B1,FABP1,ACHE,PPARD,PTPN2,PRKDC,BACE1,PGR,RORC,NOS2,CACNA1H,PDE2A,NR1I2,PTGES,ESR2,PDE4D,CTSB,NR3C2,PDE3A,AKR1B10,PTGS1,DRD2,PTGS2,CYP2C19,PTPN1,ABL1,ALOX5,AR,PIK3CD,AKR1C3,AKR1C2,AKR1C1,JAK2,DRD3,G6PD,MAPK8,PPARA,IL6,CHEK1,FGFR1,OPRM1,CHRM2,ESR1,PIK3CG,GPBAR1,NTRK1,TYK2,JAK3,HTR2A,NR1H4,NR1H3,PTPN11,CYP2D6,CES2"
Process,GO:0009719,Response to endogenous stimulus,58,1363,1.36e-32,3.5600000000000003e-29,"MAPK1,CYP27B1,MAPK14,NR3C1,FLT3,CHRM3,SLC6A4,MAPK3,BCHE,SRD5A1,EGFR,ADRA2A,CA2,PPARG,ACE,CYP11B1,PPARD,PTPN2,PRKDC,HSD11B2,BACE1,PGR,NOS2,CACNA1H,PDE2A,HSP90AA1,ESR2,PDE4D,CTSB,NR3C2,PDE3A,SREBF2,DRD2,PTGS2,PTPN1,ABL1,AR,AKR1C3,AKR1C2,AKR1C1,JAK2,DRD3,PPARA,IL6,CHEK1,FGFR1,OPRM1,CHRM2,ESR1,PIK3CG,NTRK1,TYK2,JAK3,HTR2A,NR1H4,SRD5A2,NR1H3,PTPN11"
Process,GO:0014070,Response to organic cyclic compound,47,861,2.7099999999999998e-30,6.0700000000000006e-27,"MAPK1,CYP27B1,NR3C1,FLT3,CHRM3,RORA,SLC6A4,MAPK3,BCHE,SLC6A3,SRD5A1,EGFR,PPARG,ACE,PPARD,HSD11B2,PGR,RORC,PDE2A,HSP90AA1,ESR2,PDE4D,NR3C2,PDE3A,DRD2,PTGS2,ABL1,AR,CA9,AKR1C3,JAK2,DRD3,G6PD,CYP19A1,PPARA,IL6,CHEK1,OPRM1,CHRM2,ESR1,PIK3CG,GPBAR1,HTR2A,NR1H4,SRD5A2,NR1H3,ADORA2A"
Process,GO:0050896,Response to stimulus,113,7835,6.1599999999999994e-30,1.21e-26,"MAPK1,CSNK2A1,SLC6A2,HSD17B1,CYP27B1,MAPK14,NR3C1,ADORA3,FLT3,CHRM3,FABP4,CYP2C9,RORA,SLC6A4,KCNH2,MAPK3,KDR,BCHE,POLB,CDK2,SLC6A3,SRD5A1,EGFR,SIGMAR1,ADRA2A,CA2,PPARG,HMGCR,NPC1L1,ACE,CYP11B1,FABP1,ACHE,CDC25A,GLUL,F2,PLG,ADAM17,PPARD,PTPN2,PRKDC,HSD11B2,MET,BACE1,PGR,RORC,NOS2,CACNA1H,PDE2A,HSP90AA1,NR1I2,PTGES,ESR2,PDE4D,CTSB,NR3C2,PDE3A,AKR1B10,SREBF2,TOP1,PTGS1,DRD2,PTGS2,NR1I3,CYP2C19,PTPN1,ABL1,PLAU,TACR2,ALOX5,AR,F10,GABBR1,PIK3CD,CA9,POLA1,RPS6KA3,AKR1C3,AKR1C2,AKR1C1,JAK2,DRD3,G6PD,MAPK8,CYP19A1,HCRTR1,PPARA,PDE7A,IL6,ADRA2C,TBXAS1,CHEK1,FGFR1,OPRM1,CHRM2,ESR1,TOP2A,PIK3CG,EPHX2,GPBAR1,NTRK1,TYK2,JAK3,HTR2A,NR1H4,SRD5A2,NR1H3,ABCB1,ADORA2A,PTPN11,CYP2D6,NR1H2,CES2"
Process,GO:1901701,Cellular response to oxygen-containing compound,50,1057,1.28e-29,2.23e-26,"MAPK1,MAPK14,NR3C1,CHRM3,RORA,SLC6A4,MAPK3,CDK2,SRD5A1,EGFR,SIGMAR1,CA2,PPARG,ACE,CYP11B1,FABP1,ACHE,PPARD,PTPN2,PRKDC,BACE1,RORC,NOS2,PDE2A,ESR2,PDE4D,PDE3A,AKR1B10,DRD2,PTGS2,PTPN1,ABL1,AR,AKR1C3,AKR1C2,AKR1C1,JAK2,DRD3,MAPK8,IL6,OPRM1,CHRM2,ESR1,PIK3CG,GPBAR1,TYK2,JAK3,HTR2A,NR1H4,NR1H3"
Process,GO:0008202,Steroid metabolic process,31,258,3.24e-29,5.08e-26,"CYP51A1,STS,HSD17B1,CYP27B1,NR3C1,CYP2C9,SRD5A1,HMGCR,NPC1L1,CYP11B1,UGT2B7,PPARD,HSD11B2,CACNA1H,NR1I2,SERPINA6,SREBF2,HSD11B1,CYP17A1,CYP2C19,HSD17B3,AKR1C3,AKR1C2,AKR1C1,G6PD,CYP19A1,ESR1,GC,NR1H4,SRD5A2,CYP2D6"
Process,GO:0071495,Cellular response to endogenous stimulus,49,1103,8.75e-28,1.25e-24,"MAPK1,NR3C1,FLT3,CHRM3,SLC6A4,MAPK3,SRD5A1,EGFR,ADRA2A,CA2,PPARG,ACE,CYP11B1,PPARD,PTPN2,PRKDC,BACE1,PGR,CACNA1H,PDE2A,ESR2,PDE4D,CTSB,NR3C2,PDE3A,DRD2,PTGS2,PTPN1,ABL1,AR,AKR1C3,AKR1C2,AKR1C1,JAK2,DRD3,PPARA,CHEK1,FGFR1,OPRM1,CHRM2,ESR1,PIK3CG,NTRK1,TYK2,JAK3,HTR2A,NR1H4,NR1H3,PTPN11"
Process,GO:0009410,Response to xenobiotic stimulus,34,422,9.690000000000001e-27,1.2699999999999999e-23,"SLC6A2,CYP2C9,RORA,SLC6A4,KCNH2,BCHE,SLC6A3,SRD5A1,PPARG,NPC1L1,ACE,ADAM17,HSD11B2,RORC,NOS2,PDE2A,HSP90AA1,NR1I2,PDE3A,TOP1,DRD2,PTGS2,CYP2C19,ABL1,CA9,AKR1C1,DRD3,NTRK1,HTR2A,SRD5A2,ABCB1,ADORA2A,CYP2D6,CES2"
Process,GO:0071407,Cellular response to organic cyclic compound,35,508,2.13e-25,2.5600000000000003e-22,"MAPK1,NR3C1,FLT3,CHRM3,RORA,SLC6A4,MAPK3,SRD5A1,EGFR,PPARG,ACE,PPARD,PGR,RORC,PDE2A,ESR2,PDE4D,NR3C2,PDE3A,DRD2,PTGS2,ABL1,AR,AKR1C3,JAK2,DRD3,PPARA,CHEK1,OPRM1,CHRM2,ESR1,PIK3CG,GPBAR1,HTR2A,NR1H4"
Process,GO:0051716,Cellular response to stimulus,99,6357,2.33e-25,2.61e-22,"MAPK1,CSNK2A1,HSD17B1,MAPK14,NR3C1,ADORA3,FLT3,CHRM3,FABP4,CYP2C9,RORA,SLC6A4,KCNH2,MAPK3,KDR,BCHE,POLB,CDK2,SRD5A1,EGFR,SIGMAR1,ADRA2A,CA2,PPARG,NPC1L1,ACE,CYP11B1,FABP1,ACHE,CDC25A,GLUL,F2,ADAM17,PPARD,PTPN2,PRKDC,MET,BACE1,PGR,RORC,NOS2,CACNA1H,PDE2A,HSP90AA1,NR1I2,PTGES,ESR2,PDE4D,CTSB,NR3C2,PDE3A,AKR1B10,SREBF2,PTGS1,DRD2,PTGS2,NR1I3,CYP2C19,PTPN1,ABL1,PLAU,TACR2,ALOX5,AR,GABBR1,PIK3CD,POLA1,RPS6KA3,AKR1C3,AKR1C2,AKR1C1,JAK2,DRD3,G6PD,MAPK8,HCRTR1,PPARA,PDE7A,IL6,ADRA2C,CHEK1,FGFR1,OPRM1,CHRM2,ESR1,TOP2A,PIK3CG,GPBAR1,NTRK1,TYK2,JAK3,HTR2A,NR1H4,NR1H3,ADORA2A,PTPN11,CYP2D6,NR1H2,CES2"
Process,GO:0006629,Lipid metabolic process,48,1210,4.32e-25,4.5100000000000005e-22,"CYP51A1,STS,HSD17B1,CYP27B1,MAPK14,NR3C1,CYP2C9,SRD5A1,PPARG,HMGCR,NPC1L1,CYP11B1,UGT2B7,PPARD,HSD11B2,CACNA1H,NR1I2,PTGES,SERPINA6,PDE3A,AKR1B10,SREBF2,PTGS1,HSD11B1,PTGS2,CYP17A1,CYP2C19,ALOX5,HSD17B3,PIK3CD,AKR1C3,AKR1C2,AKR1C1,G6PD,CYP19A1,PPARA,TBXAS1,ESR1,PIK3CG,GC,EPHX2,NR1H4,SRD5A2,NR1H3,PTPN11,CYP2D6,NR1H2,CES2"
Process,GO:0071310,Cellular response to organic substance,59,2019,8.26e-25,8.09e-22,"MAPK1,MAPK14,NR3C1,FLT3,CHRM3,FABP4,RORA,SLC6A4,MAPK3,KDR,SRD5A1,EGFR,ADRA2A,CA2,PPARG,ACE,CYP11B1,PPARD,PTPN2,PRKDC,BACE1,PGR,RORC,NOS2,CACNA1H,PDE2A,ESR2,PDE4D,CTSB,NR3C2,PDE3A,DRD2,PTGS2,PTPN1,ABL1,AR,PIK3CD,AKR1C3,AKR1C2,AKR1C1,JAK2,DRD3,MAPK8,PPARA,IL6,CHEK1,FGFR1,OPRM1,CHRM2,ESR1,PIK3CG,GPBAR1,NTRK1,TYK2,JAK3,HTR2A,NR1H4,NR1H3,PTPN11"
Process,GO:0033993,Response to lipid,41,827,1.1399999999999999e-24,1.05e-21,"MAPK1,CYP27B1,MAPK14,NR3C1,FLT3,RORA,SLC6A4,MAPK3,BCHE,SRD5A1,EGFR,PPARG,ACE,ADAM17,PPARD,HSD11B2,PGR,RORC,NOS2,ESR2,NR3C2,PTGS2,ABL1,AR,CA9,RPS6KA3,AKR1C3,AKR1C2,AKR1C1,JAK2,MAPK8,CYP19A1,PPARA,IL6,TBXAS1,OPRM1,ESR1,GPBAR1,NR1H4,SRD5A2,NR1H3"
Process,GO:0010817,Regulation of hormone levels,34,525,7.68e-24,6.6900000000000006e-21,"HSD17B1,CYP27B1,NR3C1,CYP2C9,BCHE,SRD5A1,ADRA2A,PPARG,ACE,CYP11B1,UGT2B7,GLUL,PPARD,NOS2,CACNA1H,CTSB,AKR1B10,DRD2,CYP17A1,TACR2,ALOX5,HSD17B3,GABBR1,AKR1C3,AKR1C2,AKR1C1,JAK2,CYP19A1,IL6,ESR1,NR1H4,SRD5A2,PTPN11,CYP2D6"
Process,GO:0008152,Metabolic process,106,7988,1.43e-22,1.18e-19,"CYP51A1,MAPK1,CSNK2A1,STS,HSD17B1,CYP27B1,MAPK14,NR3C1,CTSD,FLT3,CDC25B,CHRM3,CYP2C9,RORA,MAPK3,KDR,BCHE,POLB,CDK2,SLC6A3,SRD5A1,EGFR,ADRA2A,CA2,PPARG,HMGCR,NPC1L1,ACE,CYP11B1,ACHE,CDC25A,UGT2B7,GLUL,F2,PLG,ADAM17,PPARD,PTPN2,PRKDC,HSD11B2,MET,BACE1,RORC,NOS2,CACNA1H,PDE2A,HSP90AA1,NR1I2,DYRK1A,PTGES,SERPINA6,PDE4D,CTSB,PDE3A,AKR1B10,SREBF2,TOP1,PTGS1,DRD2,HSD11B1,PTGS2,CYP17A1,CYP2C19,PTPN1,ABL1,PLAU,ALOX5,AR,HSD17B3,F10,PIK3CD,CA9,POLA1,RPS6KA3,AKR1C3,AKR1C2,AKR1C1,JAK2,DRD3,G6PD,MAPK8,CYP19A1,PPARA,PDE7A,IL6,TBXAS1,CHEK1,FGFR1,ESR1,TOP2A,PIK3CG,GC,EPHX2,CA1,NTRK1,TYK2,JAK3,HTR2A,NR1H4,SRD5A2,NR1H3,PTPN11,CYP2D6,PREP,NR1H2,CES2"
Process,GO:0051239,Regulation of multicellular organismal process,64,2749,5.46e-22,4.28e-19,"CYP51A1,MAPK1,CYP27B1,MAPK14,ADORA3,CHRM3,FABP4,RORA,SLC6A4,KCNH2,MAPK3,KDR,SLC6A3,EGFR,ADRA2A,PPARG,HMGCR,ACE,ACHE,GLUL,F2,PLG,ADAM17,PPARD,PTPN2,PRKDC,MET,NOS2,CACNA1H,HSP90AA1,PTGES,PDE4D,PDE3A,DRD2,PTGS2,ABL1,PLAU,TACR2,ALOX5,AR,PIK3CD,POLA1,JAK2,DRD3,G6PD,CYP19A1,PPARA,IL6,ADRA2C,TBXAS1,FGFR1,OPRM1,CHRM2,ESR1,PIK3CG,NTRK1,TYK2,JAK3,HTR2A,NR1H4,NR1H3,ADORA2A,PTPN11,NR1H2"
Process,GO:0009725,Response to hormone,37,762,7.04e-22,5.26e-19,"CYP27B1,MAPK14,NR3C1,FLT3,BCHE,SRD5A1,ADRA2A,CA2,PPARG,ACE,CYP11B1,PPARD,PTPN2,PRKDC,HSD11B2,PGR,NOS2,CACNA1H,HSP90AA1,ESR2,CTSB,NR3C2,PTGS2,PTPN1,AR,AKR1C3,AKR1C2,AKR1C1,JAK2,PPARA,IL6,ESR1,TYK2,JAK3,SRD5A2,NR1H3,PTPN11"
Process,GO:1901698,Response to nitrogen compound,42,1058,9.49e-22,6.77e-19,"MAPK1,MAPK14,FLT3,CHRM3,SLC6A4,MAPK3,BCHE,CDK2,SLC6A3,SRD5A1,EGFR,CA2,PPARG,CYP11B1,ACHE,PTPN2,PRKDC,HSD11B2,BACE1,PDE2A,HSP90AA1,PDE4D,PDE3A,SREBF2,DRD2,PTGS2,PTPN1,ABL1,JAK2,DRD3,PPARA,IL6,CHEK1,OPRM1,CHRM2,PIK3CG,TYK2,JAK3,HTR2A,NR1H4,SRD5A2,ADORA2A"
Process,GO:0071704,Organic substance metabolic process,102,7522,1.3300000000000001e-21,9.08e-19,"CYP51A1,MAPK1,CSNK2A1,STS,HSD17B1,CYP27B1,MAPK14,NR3C1,CTSD,FLT3,CDC25B,CHRM3,CYP2C9,RORA,MAPK3,KDR,BCHE,POLB,CDK2,SLC6A3,SRD5A1,EGFR,ADRA2A,PPARG,HMGCR,NPC1L1,ACE,CYP11B1,ACHE,CDC25A,UGT2B7,GLUL,F2,PLG,ADAM17,PPARD,PTPN2,PRKDC,HSD11B2,MET,BACE1,NOS2,CACNA1H,PDE2A,HSP90AA1,NR1I2,DYRK1A,PTGES,SERPINA6,PDE4D,CTSB,PDE3A,AKR1B10,SREBF2,TOP1,PTGS1,DRD2,HSD11B1,PTGS2,CYP17A1,CYP2C19,PTPN1,ABL1,PLAU,ALOX5,AR,HSD17B3,F10,PIK3CD,POLA1,RPS6KA3,AKR1C3,AKR1C2,AKR1C1,JAK2,DRD3,G6PD,MAPK8,CYP19A1,PPARA,PDE7A,IL6,TBXAS1,CHEK1,FGFR1,ESR1,TOP2A,PIK3CG,GC,EPHX2,NTRK1,TYK2,JAK3,HTR2A,NR1H4,SRD5A2,NR1H3,PTPN11,CYP2D6,PREP,NR1H2,CES2"
Process,GO:0120254,Olefinic compound metabolic process,21,144,1.65e-21,1.08e-18,"HSD17B1,CYP2C9,SRD5A1,CYP11B1,HSD11B2,CACNA1H,AKR1B10,PTGS1,PTGS2,CYP17A1,CYP2C19,ALOX5,HSD17B3,AKR1C3,AKR1C2,AKR1C1,CYP19A1,TBXAS1,EPHX2,SRD5A2,CYP2D6"
Process,GO:0010243,Response to organonitrogen compound,40,963,2.41e-21,1.51e-18,"MAPK1,MAPK14,FLT3,CHRM3,SLC6A4,MAPK3,BCHE,SLC6A3,SRD5A1,EGFR,CA2,PPARG,CYP11B1,PTPN2,PRKDC,HSD11B2,BACE1,PDE2A,HSP90AA1,PDE4D,PDE3A,SREBF2,DRD2,PTGS2,PTPN1,ABL1,JAK2,DRD3,PPARA,IL6,CHEK1,OPRM1,CHRM2,PIK3CG,TYK2,JAK3,HTR2A,NR1H4,SRD5A2,ADORA2A"
Process,GO:0032101,Regulation of response to external stimulus,40,964,2.5e-21,1.51e-18,"MAPK1,CYP27B1,MAPK14,FABP4,RORA,MAPK3,KDR,SLC6A3,PPARG,ACE,F2,PLG,ADAM17,PPARD,PTPN2,PRKDC,MET,BACE1,PDE2A,HSP90AA1,PTGES,DRD2,PTGS2,PTPN1,PLAU,ALOX5,JAK2,DRD3,CYP19A1,PPARA,IL6,FGFR1,OPRM1,ESR1,PIK3CG,NR1H4,NR1H3,ADORA2A,PTPN11,NR1H2"
Process,GO:0010646,Regulation of cell communication,69,3355,4.3700000000000005e-21,2.54e-18,"MAPK1,CSNK2A1,CYP27B1,MAPK14,FLT3,RORA,SLC6A4,MAPK3,KDR,BCHE,EGFR,ADRA2A,CA2,PPARG,HMGCR,ACE,ACHE,GLUL,F2,ADAM17,PPARD,PTPN2,MET,BACE1,NOS2,PDE2A,HSP90AA1,DYRK1A,ESR2,PDE4D,NR3C2,PDE3A,SREBF2,DRD2,PTGS2,PTPN1,ABL1,PLAU,TACR2,ALOX5,AR,F10,GABBR1,PIK3CD,AKR1C3,AKR1C2,JAK2,DRD3,CYP19A1,HCRTR1,PPARA,IL6,ADRA2C,CHEK1,FGFR1,OPRM1,CHRM2,ESR1,PIK3CG,GPBAR1,NTRK1,TYK2,JAK3,HTR2A,NR1H4,NR1H3,ADORA2A,PTPN11,NR1H2"
Process,GO:0023051,Regulation of signaling,69,3367,5.350000000000001e-21,3e-18,"MAPK1,CSNK2A1,CYP27B1,MAPK14,FLT3,RORA,SLC6A4,MAPK3,KDR,BCHE,EGFR,ADRA2A,CA2,PPARG,HMGCR,ACE,ACHE,GLUL,F2,ADAM17,PPARD,PTPN2,MET,BACE1,NOS2,PDE2A,HSP90AA1,DYRK1A,ESR2,PDE4D,NR3C2,PDE3A,SREBF2,DRD2,PTGS2,PTPN1,ABL1,PLAU,TACR2,ALOX5,AR,F10,GABBR1,PIK3CD,AKR1C3,AKR1C2,JAK2,DRD3,CYP19A1,HCRTR1,PPARA,IL6,ADRA2C,CHEK1,FGFR1,OPRM1,CHRM2,ESR1,PIK3CG,GPBAR1,NTRK1,TYK2,JAK3,HTR2A,NR1H4,NR1H3,ADORA2A,PTPN11,NR1H2"
Process,GO:0042127,Regulation of cell population proliferation,50,1669,5.46e-21,3e-18,"MAPK1,CSNK2A1,CYP27B1,MAPK14,ADORA3,FLT3,CDC25B,SLC6A4,MAPK3,KDR,BCHE,CDK2,EGFR,ADRA2A,PPARG,ACE,GLUL,F2,PLG,ADAM17,PPARD,PTPN2,PRKDC,PGR,NOS2,PTGES,PTGS1,DRD2,PTGS2,ABL1,PLAU,ALOX5,AR,GABBR1,PIK3CD,AKR1C3,AKR1C2,JAK2,DRD3,IL6,CHEK1,FGFR1,OPRM1,ESR1,GPBAR1,NTRK1,TYK2,JAK3,HTR2A,ADORA2A"
Process,GO:0048518,Positive regulation of biological process,92,6207,1.21e-20,6.31e-18,"MAPK1,CSNK2A1,CYP27B1,MAPK14,NR3C1,CTSD,FLT3,CDC25B,CHRM3,FABP4,RORA,SLC6A4,KCNH2,MAPK3,KDR,CDK2,SLC6A3,EGFR,ADRA2A,CA2,PPARG,ACE,FABP1,ACHE,CDC25A,GLUL,F2,PLG,ADAM17,PPARD,PTPN2,PRKDC,MET,BACE1,PGR,RORC,NOS2,CACNA1H,PDE2A,HSP90AA1,NR1I2,DYRK1A,PTGES,ESR2,PDE4D,NR3C2,PDE3A,SREBF2,DRD2,PTGS2,NR1I3,PTPN1,ABL1,PLAU,TACR2,ALOX5,AR,F10,GABBR1,PIK3CD,RPS6KA3,AKR1C3,AKR1C2,AKR1C1,JAK2,DRD3,G6PD,MAPK8,CYP19A1,HCRTR1,PPARA,IL6,ADRA2C,TBXAS1,CHEK1,FGFR1,OPRM1,ESR1,TOP2A,PIK3CG,EPHX2,GPBAR1,NTRK1,TYK2,JAK3,HTR2A,NR1H4,NR1H3,ABCB1,ADORA2A,PTPN11,NR1H2"
Process,GO:0044238,Primary metabolic process,98,7156,2.62e-20,1.33e-17,"CYP51A1,MAPK1,CSNK2A1,STS,HSD17B1,CYP27B1,MAPK14,NR3C1,CTSD,FLT3,CDC25B,CHRM3,CYP2C9,RORA,MAPK3,KDR,BCHE,POLB,CDK2,SRD5A1,EGFR,ADRA2A,PPARG,HMGCR,NPC1L1,ACE,CYP11B1,ACHE,CDC25A,UGT2B7,GLUL,F2,PLG,ADAM17,PPARD,PTPN2,PRKDC,HSD11B2,MET,BACE1,NOS2,CACNA1H,PDE2A,HSP90AA1,NR1I2,DYRK1A,PTGES,SERPINA6,PDE4D,CTSB,PDE3A,AKR1B10,SREBF2,TOP1,PTGS1,HSD11B1,PTGS2,CYP17A1,CYP2C19,PTPN1,ABL1,PLAU,ALOX5,AR,HSD17B3,F10,PIK3CD,POLA1,RPS6KA3,AKR1C3,AKR1C2,AKR1C1,JAK2,G6PD,MAPK8,CYP19A1,PPARA,PDE7A,TBXAS1,CHEK1,FGFR1,ESR1,TOP2A,PIK3CG,GC,EPHX2,NTRK1,TYK2,JAK3,HTR2A,NR1H4,SRD5A2,NR1H3,PTPN11,CYP2D6,PREP,NR1H2,CES2"
Process,GO:0071396,Cellular response to lipid,30,502,4.33e-20,2.12e-17,"MAPK1,MAPK14,NR3C1,FLT3,RORA,SLC6A4,MAPK3,SRD5A1,EGFR,PPARG,ACE,PPARD,PGR,RORC,NOS2,ESR2,NR3C2,ABL1,AR,AKR1C3,AKR1C2,AKR1C1,JAK2,MAPK8,PPARA,IL6,ESR1,GPBAR1,NR1H4,NR1H3"
Process,GO:0051049,Regulation of transport,50,1763,5.47e-20,2.6e-17,"CYP51A1,MAPK1,MAPK14,ADORA3,CHRM3,SLC6A4,KCNH2,MAPK3,ADRA2A,CA2,PPARG,HMGCR,ACE,ACHE,GLUL,F2,PPARD,BACE1,NOS2,CACNA1H,HSP90AA1,PTGES,PDE4D,SREBF2,DRD2,PTGS2,PTPN1,ABL1,TACR2,ALOX5,GABBR1,JAK2,DRD3,G6PD,MAPK8,CYP19A1,PPARA,IL6,ADRA2C,OPRM1,CHRM2,PIK3CG,JAK3,HTR2A,NR1H4,NR1H3,ABCB1,ADORA2A,PTPN11,NR1H2"
Process,GO:0032879,Regulation of localization,54,2103,7.5e-20,3.46e-17,"CYP51A1,MAPK1,MAPK14,CTSD,ADORA3,CHRM3,SLC6A4,KCNH2,MAPK3,EGFR,ADRA2A,CA2,PPARG,HMGCR,ACE,ACHE,GLUL,F2,PPARD,PTPN2,BACE1,NOS2,CACNA1H,HSP90AA1,PTGES,PDE4D,SREBF2,DRD2,PTGS2,PTPN1,ABL1,TACR2,ALOX5,AR,GABBR1,JAK2,DRD3,G6PD,MAPK8,CYP19A1,PPARA,IL6,ADRA2C,OPRM1,CHRM2,PIK3CG,JAK3,HTR2A,NR1H4,NR1H3,ABCB1,ADORA2A,PTPN11,NR1H2"
Process,GO:0032501,Multicellular organismal process,92,6490,3.36e-19,1.5e-16,"MAPK1,STS,SLC6A2,HSD17B1,CYP27B1,MAPK14,NR3C1,FLT3,CDC25B,CHRM3,RORA,SLC6A4,KCNH2,MAPK3,KDR,BCHE,POLB,SLC6A3,SRD5A1,EGFR,SIGMAR1,ADRA2A,PPARG,HMGCR,NPC1L1,ACE,CYP11B1,FABP1,ACHE,GLUL,F2,PLG,ADAM17,PPARD,PTPN2,PRKDC,HSD11B2,MET,BACE1,PGR,RORC,NOS2,CACNA1H,PDE2A,HSP90AA1,DYRK1A,PTGES,PDE4D,CTSB,PDE3A,TOP1,PTGS1,DRD2,HSD11B1,PTGS2,NR1I3,ABL1,PLAU,TACR2,ALOX5,AR,HSD17B3,F10,GABBR1,PIK3CD,RPS6KA3,AKR1C3,AKR1C2,AKR1C1,JAK2,DRD3,G6PD,CYP19A1,HCRTR1,PPARA,IL6,ADRA2C,TBXAS1,CHEK1,FGFR1,OPRM1,CHRM2,ESR1,TOP2A,PIK3CG,NTRK1,JAK3,HTR2A,SRD5A2,ABCB1,ADORA2A,PTPN11"
Process,GO:0048522,Positive regulation of cellular process,85,5584,6.58e-19,2.87e-16,"MAPK1,CSNK2A1,CYP27B1,MAPK14,NR3C1,CTSD,FLT3,CDC25B,RORA,SLC6A4,KCNH2,MAPK3,KDR,CDK2,EGFR,ADRA2A,CA2,PPARG,ACE,FABP1,ACHE,CDC25A,GLUL,F2,PLG,ADAM17,PPARD,PTPN2,PRKDC,MET,BACE1,PGR,RORC,NOS2,CACNA1H,HSP90AA1,NR1I2,DYRK1A,PTGES,ESR2,NR3C2,PDE3A,SREBF2,DRD2,PTGS2,NR1I3,PTPN1,ABL1,PLAU,TACR2,ALOX5,AR,F10,GABBR1,PIK3CD,RPS6KA3,AKR1C3,AKR1C2,AKR1C1,JAK2,DRD3,G6PD,MAPK8,CYP19A1,HCRTR1,PPARA,IL6,ADRA2C,CHEK1,FGFR1,OPRM1,ESR1,TOP2A,PIK3CG,GPBAR1,NTRK1,TYK2,JAK3,HTR2A,NR1H4,NR1H3,ABCB1,ADORA2A,PTPN11,NR1H2"
Process,GO:0044281,Small molecule metabolic process,47,1645,8.49e-19,3.6e-16,"CYP51A1,MAPK1,HSD17B1,CYP27B1,MAPK14,CYP2C9,RORA,SRD5A1,CA2,PPARG,HMGCR,NPC1L1,CYP11B1,UGT2B7,GLUL,PPARD,HSD11B2,NOS2,CACNA1H,PDE2A,PTGES,PDE4D,AKR1B10,SREBF2,PTGS1,PTGS2,CYP17A1,CYP2C19,ALOX5,HSD17B3,CA9,AKR1C3,AKR1C2,AKR1C1,G6PD,CYP19A1,PPARA,PDE7A,TBXAS1,GC,EPHX2,CA1,HTR2A,NR1H4,SRD5A2,CYP2D6,CES2"
Process,GO:1903530,Regulation of secretion by cell,30,564,9.53e-19,3.93e-16,"CYP51A1,ADORA3,SLC6A4,ADRA2A,PPARG,HMGCR,ACHE,GLUL,PPARD,BACE1,NOS2,CACNA1H,PTGES,DRD2,TACR2,ALOX5,GABBR1,JAK2,DRD3,CYP19A1,IL6,ADRA2C,OPRM1,CHRM2,HTR2A,NR1H4,NR1H3,ADORA2A,PTPN11,NR1H2"
Process,GO:0051046,Regulation of secretion,31,620,1.23e-18,4.95e-16,"CYP51A1,ADORA3,SLC6A4,ADRA2A,PPARG,HMGCR,ACE,ACHE,GLUL,PPARD,BACE1,NOS2,CACNA1H,PTGES,DRD2,TACR2,ALOX5,GABBR1,JAK2,DRD3,CYP19A1,IL6,ADRA2C,OPRM1,CHRM2,HTR2A,NR1H4,NR1H3,ADORA2A,PTPN11,NR1H2"
Process,GO:0032870,Cellular response to hormone stimulus,28,489,2.64e-18,1.01e-15,"NR3C1,FLT3,SRD5A1,ADRA2A,CA2,PPARG,ACE,CYP11B1,PPARD,PTPN2,PRKDC,PGR,CACNA1H,ESR2,CTSB,NR3C2,PTPN1,AR,AKR1C3,AKR1C2,AKR1C1,JAK2,PPARA,ESR1,TYK2,JAK3,NR1H3,PTPN11"
Process,GO:1901699,Cellular response to nitrogen compound,31,637,2.57e-18,1.01e-15,"MAPK1,CHRM3,SLC6A4,MAPK3,CDK2,SRD5A1,EGFR,CA2,PPARG,CYP11B1,ACHE,PTPN2,PRKDC,BACE1,PDE2A,PDE4D,PDE3A,DRD2,PTGS2,PTPN1,ABL1,JAK2,DRD3,CHEK1,OPRM1,CHRM2,PIK3CG,TYK2,JAK3,HTR2A,NR1H4"
Process,GO:0071417,Cellular response to organonitrogen compound,29,574,1.47e-17,5.49e-15,"MAPK1,CHRM3,SLC6A4,MAPK3,SRD5A1,EGFR,CA2,PPARG,CYP11B1,PTPN2,PRKDC,BACE1,PDE2A,PDE4D,PDE3A,DRD2,PTGS2,PTPN1,ABL1,JAK2,DRD3,CHEK1,OPRM1,CHRM2,PIK3CG,TYK2,JAK3,HTR2A,NR1H4"
Process,GO:0010647,Positive regulation of cell communication,46,1693,1.57e-17,5.71e-15,"MAPK1,CSNK2A1,CYP27B1,FLT3,MAPK3,KDR,EGFR,ADRA2A,CA2,PPARG,GLUL,F2,ADAM17,PPARD,PTPN2,MET,HSP90AA1,NR3C2,DRD2,PTGS2,PTPN1,ABL1,TACR2,AR,F10,GABBR1,PIK3CD,AKR1C3,AKR1C2,JAK2,DRD3,CYP19A1,HCRTR1,IL6,ADRA2C,FGFR1,OPRM1,PIK3CG,GPBAR1,NTRK1,TYK2,HTR2A,NR1H4,NR1H3,ADORA2A,PTPN11"
Process,GO:1901615,Organic hydroxy compound metabolic process,27,478,1.6e-17,5.71e-15,"CYP51A1,HSD17B1,CYP27B1,CYP2C9,SLC6A3,SRD5A1,HMGCR,NPC1L1,CYP11B1,PPARD,HSD11B2,CACNA1H,CTSB,AKR1B10,SREBF2,DRD2,HSD17B3,AKR1C3,AKR1C2,AKR1C1,DRD3,G6PD,CYP19A1,GC,NR1H4,SRD5A2,CYP2D6"
Process,GO:0023056,Positive regulation of signaling,46,1698,1.75e-17,6.1e-15,"MAPK1,CSNK2A1,CYP27B1,FLT3,MAPK3,KDR,EGFR,ADRA2A,CA2,PPARG,GLUL,F2,ADAM17,PPARD,PTPN2,MET,HSP90AA1,NR3C2,DRD2,PTGS2,PTPN1,ABL1,TACR2,AR,F10,GABBR1,PIK3CD,AKR1C3,AKR1C2,JAK2,DRD3,CYP19A1,HCRTR1,IL6,ADRA2C,FGFR1,OPRM1,PIK3CG,GPBAR1,NTRK1,TYK2,HTR2A,NR1H4,NR1H3,ADORA2A,PTPN11"
Process,GO:0044237,Cellular metabolic process,90,6568,1.92e-17,6.56e-15,"MAPK1,CSNK2A1,HSD17B1,CYP27B1,MAPK14,CTSD,FLT3,CDC25B,CYP2C9,RORA,MAPK3,KDR,BCHE,POLB,CDK2,SLC6A3,SRD5A1,EGFR,ADRA2A,CA2,PPARG,HMGCR,NPC1L1,ACE,CYP11B1,ACHE,CDC25A,UGT2B7,GLUL,PPARD,PTPN2,PRKDC,HSD11B2,MET,BACE1,RORC,NOS2,CACNA1H,PDE2A,HSP90AA1,NR1I2,DYRK1A,PTGES,PDE4D,CTSB,AKR1B10,TOP1,PTGS1,DRD2,PTGS2,CYP17A1,CYP2C19,PTPN1,ABL1,ALOX5,AR,HSD17B3,PIK3CD,CA9,POLA1,RPS6KA3,AKR1C3,AKR1C2,AKR1C1,JAK2,DRD3,G6PD,MAPK8,CYP19A1,PPARA,PDE7A,TBXAS1,CHEK1,FGFR1,ESR1,TOP2A,PIK3CG,EPHX2,CA1,NTRK1,TYK2,JAK3,HTR2A,NR1H4,SRD5A2,NR1H3,PTPN11,CYP2D6,NR1H2,CES2"
Process,GO:0042445,Hormone metabolic process,20,208,2.82e-17,9.3e-15,"HSD17B1,CYP2C9,BCHE,SRD5A1,ACE,CYP11B1,UGT2B7,CACNA1H,CTSB,AKR1B10,CYP17A1,HSD17B3,AKR1C3,AKR1C2,AKR1C1,CYP19A1,ESR1,SRD5A2,PTPN11,CYP2D6"
Process,GO:0048583,Regulation of response to stimulus,69,3931,2.79e-17,9.3e-15,"MAPK1,CSNK2A1,CYP27B1,MAPK14,FLT3,FABP4,RORA,MAPK3,KDR,SLC6A3,EGFR,ADRA2A,PPARG,HMGCR,ACE,F2,PLG,ADAM17,PPARD,PTPN2,PRKDC,MET,BACE1,PDE2A,HSP90AA1,DYRK1A,PTGES,ESR2,PDE4D,NR3C2,PDE3A,SREBF2,DRD2,PTGS2,PTPN1,ABL1,PLAU,ALOX5,AR,F10,PIK3CD,RPS6KA3,AKR1C3,AKR1C2,JAK2,DRD3,G6PD,MAPK8,CYP19A1,HCRTR1,PPARA,IL6,ADRA2C,CHEK1,FGFR1,OPRM1,ESR1,PIK3CG,GPBAR1,NTRK1,TYK2,JAK3,HTR2A,NR1H4,NR1H3,ABCB1,ADORA2A,PTPN11,NR1H2"
Process,GO:0008015,Blood circulation,25,403,3.68e-17,1.18e-14,"CHRM3,SLC6A4,KCNH2,ADRA2A,PPARG,ACE,CYP11B1,PPARD,HSD11B2,NOS2,PDE2A,PDE4D,PDE3A,PTGS1,DRD2,PTGS2,ABL1,TACR2,AR,DRD3,PPARA,ADRA2C,TBXAS1,HTR2A,ADORA2A"
Process,GO:0007154,Cell communication,79,5165,4.74e-17,1.49e-14,"MAPK1,CSNK2A1,SLC6A2,MAPK14,NR3C1,ADORA3,FLT3,CHRM3,RORA,MAPK3,KDR,POLB,CDK2,SLC6A3,SRD5A1,EGFR,SIGMAR1,ADRA2A,CA2,PPARG,ACHE,GLUL,F2,PLG,ADAM17,PPARD,PTPN2,PRKDC,MET,PGR,RORC,NOS2,CACNA1H,PDE2A,NR1I2,PTGES,ESR2,PDE4D,NR3C2,PDE3A,SREBF2,DRD2,PTGS2,NR1I3,PTPN1,ABL1,PLAU,TACR2,AR,GABBR1,PIK3CD,RPS6KA3,AKR1C3,AKR1C2,JAK2,DRD3,MAPK8,HCRTR1,PPARA,PDE7A,IL6,ADRA2C,CHEK1,FGFR1,OPRM1,CHRM2,ESR1,PIK3CG,GPBAR1,NTRK1,TYK2,JAK3,HTR2A,NR1H4,SRD5A2,NR1H3,ADORA2A,PTPN11,NR1H2"
Process,GO:0023052,Signaling,78,5057,5.88e-17,1.81e-14,"MAPK1,CSNK2A1,SLC6A2,MAPK14,NR3C1,ADORA3,FLT3,CHRM3,RORA,KCNH2,MAPK3,KDR,POLB,CDK2,SLC6A3,EGFR,SIGMAR1,ADRA2A,CA2,PPARG,ACHE,F2,PLG,ADAM17,PPARD,PTPN2,PRKDC,MET,PGR,RORC,NOS2,CACNA1H,PDE2A,NR1I2,PTGES,ESR2,PDE4D,NR3C2,PDE3A,SREBF2,DRD2,PTGS2,NR1I3,PTPN1,ABL1,PLAU,TACR2,AR,GABBR1,PIK3CD,RPS6KA3,AKR1C3,AKR1C2,JAK2,DRD3,MAPK8,HCRTR1,PPARA,PDE7A,IL6,ADRA2C,CHEK1,FGFR1,OPRM1,CHRM2,ESR1,PIK3CG,GPBAR1,NTRK1,TYK2,JAK3,HTR2A,NR1H4,SRD5A2,NR1H3,ADORA2A,PTPN11,NR1H2"
Process,GO:0044057,Regulation of system process,28,567,1.01e-16,3.05e-14,"ADORA3,CHRM3,KCNH2,ADRA2A,PPARG,ACE,CACNA1H,HSP90AA1,PDE4D,DRD2,PTGS2,ABL1,TACR2,JAK2,DRD3,G6PD,CYP19A1,PPARA,ADRA2C,TBXAS1,OPRM1,CHRM2,PIK3CG,HTR2A,NR1H3,ADORA2A,PTPN11,NR1H2"
Process,GO:1901360,Organic cyclic compound metabolic process,61,3181,1.33e-16,3.94e-14,"CYP51A1,MAPK1,STS,HSD17B1,CYP27B1,MAPK14,NR3C1,CYP2C9,RORA,MAPK3,BCHE,POLB,CDK2,SLC6A3,SRD5A1,ADRA2A,PPARG,HMGCR,NPC1L1,CYP11B1,UGT2B7,PPARD,PRKDC,HSD11B2,CACNA1H,PDE2A,HSP90AA1,NR1I2,SERPINA6,PDE4D,CTSB,AKR1B10,SREBF2,TOP1,DRD2,HSD11B1,CYP17A1,CYP2C19,ABL1,ALOX5,AR,HSD17B3,POLA1,AKR1C3,AKR1C2,AKR1C1,JAK2,DRD3,G6PD,CYP19A1,PDE7A,CHEK1,ESR1,TOP2A,GC,EPHX2,HTR2A,NR1H4,SRD5A2,NR1H3,CYP2D6"
Process,GO:0042592,Homeostatic process,41,1406,1.52e-16,4.42e-14,"MAPK1,ATP12A,SLC6A2,CYP27B1,FLT3,FABP4,RORA,KCNH2,MAPK3,KDR,POLB,ADRA2A,CA2,PPARG,NPC1L1,ACE,CYP11B1,F2,PLG,PTPN2,MET,NOS2,SREBF2,DRD2,PTGS2,ABL1,ALOX5,AKR1C1,JAK2,DRD3,G6PD,HCRTR1,IL6,TBXAS1,EPHX2,JAK3,HTR2A,NR1H4,NR1H3,PTPN11,NR1H2"
Process,GO:0009893,Positive regulation of metabolic process,67,3847,1.86e-16,5.27e-14,"MAPK1,CSNK2A1,MAPK14,NR3C1,CTSD,FLT3,CDC25B,FABP4,RORA,SLC6A4,KCNH2,MAPK3,KDR,CDK2,EGFR,ADRA2A,PPARG,ACE,FABP1,ACHE,F2,ADAM17,PPARD,PTPN2,PRKDC,MET,PGR,RORC,NOS2,PDE2A,HSP90AA1,NR1I2,DYRK1A,ESR2,PDE4D,SREBF2,DRD2,PTGS2,NR1I3,PTPN1,ABL1,AR,PIK3CD,RPS6KA3,AKR1C3,AKR1C1,JAK2,DRD3,MAPK8,PPARA,IL6,ADRA2C,CHEK1,FGFR1,OPRM1,ESR1,TOP2A,PIK3CG,EPHX2,NTRK1,TYK2,JAK3,HTR2A,NR1H4,NR1H3,PTPN11,NR1H2"
Process,GO:1902531,Regulation of intracellular signal transduction,45,1726,1.85e-16,5.27e-14,"MAPK1,MAPK14,FLT3,RORA,MAPK3,KDR,EGFR,ADRA2A,PPARG,HMGCR,F2,PPARD,PTPN2,MET,PDE2A,HSP90AA1,DYRK1A,PDE4D,NR3C2,PDE3A,DRD2,PTGS2,PTPN1,ABL1,AR,F10,PIK3CD,AKR1C3,AKR1C2,JAK2,DRD3,HCRTR1,PPARA,IL6,ADRA2C,CHEK1,FGFR1,OPRM1,ESR1,PIK3CG,GPBAR1,NTRK1,HTR2A,NR1H4,PTPN11"
Process,GO:0043067,Regulation of programmed cell death,42,1492,1.95e-16,5.35e-14,"CSNK2A1,NR3C1,CTSD,FLT3,KDR,EGFR,SIGMAR1,PPARG,ACE,FABP1,ADAM17,PPARD,PTPN2,PRKDC,MET,BACE1,RORC,NOS2,HSP90AA1,CTSB,PDE3A,PTGS2,PTPN1,ABL1,AR,PIK3CD,RPS6KA3,AKR1C3,JAK2,DRD3,G6PD,MAPK8,PPARA,IL6,FGFR1,ESR1,TOP2A,PIK3CG,NTRK1,JAK3,NR1H4,ADORA2A"
Process,GO:0003013,Circulatory system process,26,493,3.3e-16,8.92e-14,"CHRM3,SLC6A4,KCNH2,ADRA2A,PPARG,ACE,CYP11B1,PPARD,HSD11B2,NOS2,PDE2A,PDE4D,PDE3A,PTGS1,DRD2,PTGS2,ABL1,TACR2,AR,DRD3,PPARA,ADRA2C,TBXAS1,HTR2A,ABCB1,ADORA2A"
Process,GO:0030522,Intracellular receptor signaling pathway,17,148,5.29e-16,1.41e-13,"NR3C1,RORA,PPARG,PPARD,PGR,RORC,NR1I2,ESR2,NR3C2,NR1I3,AR,JAK2,PPARA,ESR1,NR1H4,NR1H3,NR1H2"
Process,GO:0010941,Regulation of cell death,43,1651,1.16e-15,3.02e-13,"CSNK2A1,NR3C1,CTSD,FLT3,KDR,EGFR,SIGMAR1,PPARG,ACE,FABP1,ADAM17,PPARD,PTPN2,PRKDC,MET,BACE1,RORC,NOS2,HSP90AA1,CTSB,PDE3A,DRD2,PTGS2,PTPN1,ABL1,AR,PIK3CD,RPS6KA3,AKR1C3,JAK2,DRD3,G6PD,MAPK8,PPARA,IL6,FGFR1,ESR1,TOP2A,PIK3CG,NTRK1,JAK3,NR1H4,ADORA2A"
Process,GO:0070201,Regulation of establishment of protein localization,26,528,1.57e-15,4.03e-13,"CYP51A1,MAPK14,CTSD,ADRA2A,PPARG,HMGCR,ACHE,GLUL,PPARD,NOS2,HSP90AA1,SREBF2,DRD2,PTGS2,PTPN1,ALOX5,JAK2,DRD3,MAPK8,IL6,OPRM1,NR1H4,NR1H3,ADORA2A,PTPN11,NR1H2"
Process,GO:0034754,Cellular hormone metabolic process,16,131,1.67e-15,4.22e-13,"HSD17B1,CYP2C9,SRD5A1,CYP11B1,UGT2B7,CACNA1H,AKR1B10,CYP17A1,HSD17B3,AKR1C3,AKR1C2,AKR1C1,CYP19A1,ESR1,SRD5A2,CYP2D6"
Process,GO:0080134,Regulation of response to stress,39,1373,2.45e-15,6.09e-13,"MAPK1,MAPK14,FABP4,RORA,MAPK3,EGFR,ADRA2A,PPARG,ACE,F2,PLG,PPARD,PTPN2,PRKDC,MET,PDE2A,HSP90AA1,DYRK1A,PTGES,DRD2,PTGS2,PTPN1,ABL1,PLAU,ALOX5,JAK2,CYP19A1,PPARA,IL6,CHEK1,OPRM1,ESR1,PIK3CG,NR1H4,NR1H3,ABCB1,ADORA2A,PTPN11,NR1H2"
Process,GO:0042981,Regulation of apoptotic process,40,1462,3.26e-15,7.99e-13,"CSNK2A1,NR3C1,CTSD,FLT3,KDR,EGFR,SIGMAR1,PPARG,ACE,FABP1,ADAM17,PPARD,PTPN2,PRKDC,BACE1,RORC,HSP90AA1,CTSB,PDE3A,PTGS2,PTPN1,ABL1,AR,PIK3CD,RPS6KA3,AKR1C3,JAK2,DRD3,G6PD,MAPK8,PPARA,IL6,FGFR1,ESR1,TOP2A,PIK3CG,NTRK1,JAK3,NR1H4,ADORA2A"
Process,GO:0048584,Positive regulation of response to stimulus,48,2131,3.39e-15,8.17e-13,"MAPK1,CSNK2A1,CYP27B1,FLT3,FABP4,MAPK3,KDR,EGFR,ADRA2A,PPARG,ACE,F2,PLG,ADAM17,PPARD,PTPN2,PRKDC,MET,PDE2A,HSP90AA1,PDE4D,NR3C2,DRD2,PTGS2,PTPN1,ABL1,PLAU,AR,F10,PIK3CD,AKR1C3,AKR1C2,JAK2,DRD3,HCRTR1,IL6,ADRA2C,FGFR1,OPRM1,PIK3CG,GPBAR1,NTRK1,TYK2,HTR2A,NR1H4,NR1H3,ADORA2A,PTPN11"
Process,GO:0065007,Biological regulation,119,12385,3.56e-15,8.47e-13,"CYP51A1,MAPK1,CSNK2A1,ATP12A,SLC6A2,HSD17B1,CYP27B1,MAPK14,NR3C1,CTSD,ADORA3,FLT3,CDC25B,CHRM3,FABP4,CYP2C9,RORA,SLC6A4,KCNH2,MAPK3,KDR,BCHE,POLB,CDK2,SLC6A3,SRD5A1,EGFR,SIGMAR1,ADRA2A,CA2,PPARG,HMGCR,NPC1L1,ACE,CYP11B1,FABP1,ACHE,CDC25A,UGT2B7,GLUL,F2,PLG,ADAM17,PPARD,PTPN2,PRKDC,HSD11B2,MET,BACE1,PGR,RORC,NOS2,CACNA1H,PDE2A,HSP90AA1,NR1I2,DYRK1A,PTGES,SERPINA6,ESR2,PDE4D,CTSB,NR3C2,PDE3A,AKR1B10,SREBF2,TOP1,PTGS1,DRD2,PTGS2,NR1I3,CYP17A1,PTPN1,ABL1,PLAU,TACR2,ALOX5,AR,HSD17B3,F10,GABBR1,PIK3CD,POLA1,RPS6KA3,AKR1C3,AKR1C2,AKR1C1,JAK2,DRD3,G6PD,MAPK8,CYP19A1,HCRTR1,PPARA,PDE7A,IL6,ADRA2C,TBXAS1,CHEK1,FGFR1,OPRM1,CHRM2,ESR1,TOP2A,PIK3CG,EPHX2,GPBAR1,NTRK1,TYK2,JAK3,HTR2A,NR1H4,SRD5A2,NR1H3,ABCB1,ADORA2A,PTPN11,CYP2D6,NR1H2"
Process,GO:0048519,Negative regulation of biological process,77,5313,4.7e-15,1.1e-12,"CYP51A1,MAPK1,CSNK2A1,CYP27B1,MAPK14,NR3C1,ADORA3,FABP4,RORA,SLC6A4,KCNH2,KDR,BCHE,CDK2,SLC6A3,EGFR,ADRA2A,PPARG,HMGCR,ACE,FABP1,ACHE,F2,PLG,ADAM17,PPARD,PTPN2,PRKDC,MET,BACE1,PGR,RORC,NOS2,PDE2A,NR1I2,DYRK1A,PTGES,SERPINA6,ESR2,PDE4D,CTSB,PDE3A,SREBF2,DRD2,PTGS2,NR1I3,PTPN1,ABL1,PLAU,TACR2,ALOX5,AR,GABBR1,RPS6KA3,AKR1C3,JAK2,DRD3,G6PD,MAPK8,CYP19A1,PPARA,IL6,ADRA2C,CHEK1,OPRM1,ESR1,TOP2A,PIK3CG,NTRK1,JAK3,HTR2A,NR1H4,NR1H3,ADORA2A,PTPN11,CYP2D6,NR1H2"
Process,GO:0051223,Regulation of protein transport,25,503,4.82e-15,1.11e-12,"CYP51A1,MAPK14,ADRA2A,PPARG,HMGCR,ACHE,GLUL,PPARD,NOS2,HSP90AA1,SREBF2,DRD2,PTGS2,PTPN1,ALOX5,JAK2,DRD3,MAPK8,IL6,OPRM1,NR1H4,NR1H3,ADORA2A,PTPN11,NR1H2"
Process,GO:0009605,Response to external stimulus,50,2355,6.96e-15,1.58e-12,"MAPK1,CYP27B1,MAPK14,FABP4,SLC6A4,MAPK3,BCHE,SLC6A3,SRD5A1,PPARG,ACE,GLUL,F2,ADAM17,PPARD,PRKDC,HSD11B2,MET,BACE1,NOS2,PDE2A,HSP90AA1,SREBF2,DRD2,PTGS2,ABL1,PLAU,ALOX5,PIK3CD,RPS6KA3,AKR1C3,JAK2,DRD3,G6PD,MAPK8,PPARA,IL6,CHEK1,OPRM1,CHRM2,PIK3CG,NTRK1,TYK2,JAK3,HTR2A,NR1H4,SRD5A2,NR1H3,ADORA2A,NR1H2"
Process,GO:0051240,Positive regulation of multicellular organismal process,40,1505,8.37e-15,1.88e-12,"CYP27B1,MAPK14,CHRM3,FABP4,RORA,KDR,SLC6A3,ADRA2A,PPARG,ACE,ACHE,F2,PLG,ADAM17,PRKDC,NOS2,HSP90AA1,PDE4D,DRD2,PTGS2,ABL1,PLAU,TACR2,ALOX5,AR,PIK3CD,JAK2,DRD3,CYP19A1,IL6,TBXAS1,OPRM1,PIK3CG,NTRK1,TYK2,HTR2A,NR1H4,ADORA2A,PTPN11,NR1H2"
Process,GO:0050708,Regulation of protein secretion,19,250,1.02e-14,2.25e-12,"CYP51A1,ADRA2A,PPARG,HMGCR,ACHE,GLUL,PPARD,NOS2,DRD2,ALOX5,JAK2,DRD3,IL6,OPRM1,NR1H4,NR1H3,ADORA2A,PTPN11,NR1H2"
Process,GO:0009966,Regulation of signal transduction,56,2978,1.26e-14,2.75e-12,"MAPK1,CSNK2A1,CYP27B1,MAPK14,FLT3,RORA,MAPK3,KDR,EGFR,ADRA2A,PPARG,HMGCR,F2,ADAM17,PPARD,PTPN2,MET,PDE2A,HSP90AA1,DYRK1A,ESR2,PDE4D,NR3C2,PDE3A,SREBF2,DRD2,PTGS2,PTPN1,ABL1,PLAU,AR,F10,PIK3CD,AKR1C3,AKR1C2,JAK2,DRD3,HCRTR1,PPARA,IL6,ADRA2C,CHEK1,FGFR1,OPRM1,ESR1,PIK3CG,GPBAR1,NTRK1,TYK2,JAK3,HTR2A,NR1H4,NR1H3,ADORA2A,PTPN11,NR1H2"
Process,GO:0031347,Regulation of defense response,27,638,1.43e-14,3.07e-12,"MAPK14,FABP4,RORA,MAPK3,PPARG,ACE,PPARD,PTPN2,PRKDC,PDE2A,HSP90AA1,PTGES,DRD2,PTGS2,PTPN1,ALOX5,JAK2,CYP19A1,PPARA,IL6,ESR1,PIK3CG,NR1H4,NR1H3,ADORA2A,PTPN11,NR1H2"
Process,GO:0007165,Signal transduction,71,4714,2.55e-14,5.4e-12,"MAPK1,CSNK2A1,MAPK14,NR3C1,ADORA3,FLT3,CHRM3,RORA,MAPK3,KDR,POLB,CDK2,EGFR,SIGMAR1,ADRA2A,CA2,PPARG,ACHE,F2,ADAM17,PPARD,PTPN2,PRKDC,MET,PGR,RORC,NOS2,PDE2A,NR1I2,PTGES,ESR2,PDE4D,NR3C2,PDE3A,SREBF2,DRD2,NR1I3,PTPN1,ABL1,PLAU,TACR2,AR,GABBR1,PIK3CD,RPS6KA3,AKR1C3,AKR1C2,JAK2,DRD3,MAPK8,HCRTR1,PPARA,PDE7A,IL6,ADRA2C,CHEK1,FGFR1,OPRM1,CHRM2,ESR1,PIK3CG,GPBAR1,NTRK1,TYK2,JAK3,HTR2A,NR1H4,NR1H3,ADORA2A,PTPN11,NR1H2"
Process,GO:0048878,Chemical homeostasis,31,904,2.84e-14,5.95e-12,"MAPK1,ATP12A,CYP27B1,FABP4,RORA,KCNH2,MAPK3,KDR,ADRA2A,CA2,PPARG,NPC1L1,ACE,CYP11B1,F2,PTPN2,MET,SREBF2,DRD2,ALOX5,AKR1C1,DRD3,HCRTR1,IL6,TBXAS1,EPHX2,HTR2A,NR1H4,NR1H3,PTPN11,NR1H2"
Process,GO:0048511,Rhythmic process,19,270,3.75e-14,7.74e-12,"CSNK2A1,RORA,SLC6A4,SRD5A1,PPARG,PRKDC,PGR,RORC,NOS2,DYRK1A,TOP1,DRD2,DRD3,MAPK8,PPARA,OPRM1,ESR1,TOP2A,NTRK1"
Process,GO:0051050,Positive regulation of transport,31,915,3.89e-14,7.93e-12,"MAPK14,SLC6A4,KCNH2,ADRA2A,CA2,PPARG,ACHE,GLUL,F2,PPARD,CACNA1H,HSP90AA1,PTGES,SREBF2,DRD2,PTGS2,ABL1,TACR2,GABBR1,JAK2,DRD3,G6PD,MAPK8,CYP19A1,JAK3,NR1H4,NR1H3,ABCB1,ADORA2A,PTPN11,NR1H2"
Process,GO:0032502,Developmental process,78,5657,4.5e-14,9.04e-12,"MAPK1,STS,HSD17B1,CYP27B1,MAPK14,NR3C1,FLT3,CDC25B,CHRM3,FABP4,RORA,SLC6A4,MAPK3,KDR,BCHE,POLB,SLC6A3,SRD5A1,EGFR,SIGMAR1,CA2,PPARG,ACE,ACHE,GLUL,PLG,ADAM17,PPARD,PTPN2,PRKDC,MET,PGR,RORC,CACNA1H,PDE2A,HSP90AA1,NR1I2,DYRK1A,PDE4D,CTSB,PDE3A,TOP1,DRD2,HSD11B1,PTGS2,NR1I3,CYP17A1,ABL1,AR,HSD17B3,GABBR1,PIK3CD,CA9,RPS6KA3,AKR1C3,AKR1C2,AKR1C1,JAK2,G6PD,CYP19A1,PPARA,IL6,CHEK1,FGFR1,CHRM2,ESR1,TOP2A,PIK3CG,NTRK1,TYK2,JAK3,HTR2A,NR1H4,SRD5A2,NR1H3,ADORA2A,PTPN11,NR1H2"
Process,GO:0065009,Regulation of molecular function,56,3085,5.7e-14,1.13e-11,"MAPK1,CSNK2A1,CYP27B1,MAPK14,CTSD,ADORA3,FLT3,CDC25B,CHRM3,FABP4,MAPK3,KDR,EGFR,ADRA2A,PPARG,HMGCR,ACE,FABP1,CDC25A,F2,ADAM17,PTPN2,MET,NOS2,HSP90AA1,SERPINA6,ESR2,PDE4D,CTSB,PDE3A,DRD2,PTGS2,PTPN1,ABL1,PLAU,AR,GABBR1,RPS6KA3,JAK2,DRD3,MAPK8,PPARA,IL6,ADRA2C,FGFR1,OPRM1,ESR1,PIK3CG,NTRK1,HTR2A,NR1H4,NR1H3,ABCB1,ADORA2A,CYP2D6,NR1H2"
Process,GO:0031667,Response to nutrient levels,23,461,6.31e-14,1.24e-11,"MAPK1,CYP27B1,MAPK14,SLC6A4,MAPK3,BCHE,SRD5A1,PPARG,ACE,GLUL,PPARD,HSD11B2,SREBF2,PTGS2,AKR1C3,G6PD,MAPK8,PPARA,OPRM1,NTRK1,NR1H4,SRD5A2,NR1H2"
Process,GO:0009967,Positive regulation of signal transduction,39,1525,6.79e-14,1.31e-11,"CSNK2A1,CYP27B1,FLT3,MAPK3,KDR,EGFR,ADRA2A,PPARG,F2,ADAM17,PPARD,PTPN2,MET,HSP90AA1,NR3C2,DRD2,PTPN1,ABL1,AR,F10,PIK3CD,AKR1C3,AKR1C2,JAK2,DRD3,HCRTR1,IL6,ADRA2C,FGFR1,OPRM1,PIK3CG,GPBAR1,NTRK1,TYK2,HTR2A,NR1H4,NR1H3,ADORA2A,PTPN11"
Process,GO:0010628,Positive regulation of gene expression,34,1146,7.21e-14,1.38e-11,"MAPK1,MAPK14,RORA,SLC6A4,MAPK3,EGFR,ADRA2A,PPARG,ADAM17,PPARD,PRKDC,PGR,NOS2,PDE2A,HSP90AA1,NR1I2,DYRK1A,PDE4D,DRD2,PTGS2,ABL1,AR,PIK3CD,JAK2,MAPK8,IL6,CHEK1,ESR1,PIK3CG,EPHX2,TYK2,NR1H4,PTPN11,NR1H2"
Process,GO:0010604,Positive regulation of macromolecule metabolic process,60,3533,7.61e-14,1.44e-11,"MAPK1,CSNK2A1,MAPK14,NR3C1,CTSD,FLT3,CDC25B,RORA,SLC6A4,KCNH2,MAPK3,KDR,CDK2,EGFR,ADRA2A,PPARG,ACE,F2,ADAM17,PPARD,PRKDC,MET,PGR,RORC,NOS2,PDE2A,HSP90AA1,NR1I2,DYRK1A,ESR2,PDE4D,SREBF2,DRD2,PTGS2,NR1I3,PTPN1,ABL1,AR,PIK3CD,RPS6KA3,JAK2,DRD3,MAPK8,PPARA,IL6,ADRA2C,CHEK1,FGFR1,ESR1,TOP2A,PIK3CG,EPHX2,NTRK1,TYK2,JAK3,HTR2A,NR1H4,NR1H3,PTPN11,NR1H2"
Process,GO:0048545,Response to steroid hormone,19,285,9.35e-14,1.75e-11,"NR3C1,FLT3,BCHE,SRD5A1,ACE,PPARD,HSD11B2,PGR,ESR2,NR3C2,PTGS2,AR,AKR1C3,JAK2,PPARA,IL6,ESR1,SRD5A2,NR1H3"
Process,GO:0042180,Cellular ketone metabolic process,13,89,1.05e-13,1.93e-11,"HSD17B1,SRD5A1,CYP11B1,HSD11B2,CACNA1H,AKR1B10,CYP17A1,HSD17B3,AKR1C3,AKR1C2,AKR1C1,CYP19A1,SRD5A2"
Process,GO:0006694,Steroid biosynthetic process,14,116,1.23e-13,2.24e-11,"CYP51A1,HSD17B1,CYP27B1,SRD5A1,HMGCR,NPC1L1,CYP11B1,CACNA1H,CYP17A1,HSD17B3,AKR1C3,G6PD,CYP19A1,SRD5A2"
Process,GO:0048523,Negative regulation of cellular process,70,4736,1.26e-13,2.27e-11,"CYP51A1,MAPK1,CSNK2A1,CYP27B1,MAPK14,NR3C1,ADORA3,FABP4,RORA,SLC6A4,KCNH2,KDR,BCHE,CDK2,EGFR,ADRA2A,PPARG,HMGCR,ACE,FABP1,ACHE,F2,PLG,ADAM17,PPARD,PTPN2,PRKDC,MET,RORC,PDE2A,NR1I2,DYRK1A,PTGES,ESR2,PDE4D,PDE3A,SREBF2,DRD2,PTGS2,NR1I3,PTPN1,ABL1,TACR2,ALOX5,AR,GABBR1,RPS6KA3,AKR1C3,JAK2,DRD3,G6PD,MAPK8,CYP19A1,PPARA,IL6,ADRA2C,CHEK1,OPRM1,ESR1,TOP2A,PIK3CG,NTRK1,JAK3,HTR2A,NR1H4,NR1H3,ADORA2A,PTPN11,CYP2D6,NR1H2"
Process,GO:0006950,Response to stress,58,3358,1.3e-13,2.32e-11,"MAPK1,SLC6A2,CYP27B1,MAPK14,ADORA3,RORA,SLC6A4,MAPK3,KDR,POLB,CDK2,SRD5A1,EGFR,SIGMAR1,ADRA2A,PPARG,NPC1L1,ACE,FABP1,GLUL,F2,PLG,ADAM17,PPARD,PRKDC,HSD11B2,NOS2,HSP90AA1,SREBF2,PTGS1,DRD2,PTGS2,PTPN1,ABL1,PLAU,ALOX5,F10,PIK3CD,CA9,POLA1,RPS6KA3,AKR1C3,JAK2,G6PD,MAPK8,PPARA,IL6,ADRA2C,CHEK1,OPRM1,TOP2A,PIK3CG,NTRK1,TYK2,JAK3,NR1H4,ADORA2A,PTPN11"
Process,GO:0060341,Regulation of cellular localization,31,963,1.46e-13,2.57e-11,"CYP51A1,MAPK1,MAPK14,CTSD,MAPK3,EGFR,ADRA2A,PPARG,HMGCR,ACHE,GLUL,F2,PPARD,NOS2,HSP90AA1,SREBF2,DRD2,PTGS2,PTPN1,ALOX5,AR,JAK2,DRD3,MAPK8,IL6,OPRM1,NR1H4,NR1H3,ADORA2A,PTPN11,NR1H2"
Process,GO:0009892,Negative regulation of metabolic process,54,2982,2.37e-13,4.08e-11,"CYP51A1,CSNK2A1,CYP27B1,MAPK14,NR3C1,FABP4,KDR,CDK2,EGFR,ADRA2A,PPARG,HMGCR,ACE,FABP1,F2,ADAM17,PPARD,PTPN2,PRKDC,MET,PGR,RORC,NOS2,PDE2A,NR1I2,DYRK1A,SERPINA6,ESR2,PDE4D,CTSB,SREBF2,DRD2,PTGS2,NR1I3,PTPN1,ABL1,PLAU,AR,RPS6KA3,AKR1C3,DRD3,G6PD,PPARA,IL6,CHEK1,OPRM1,ESR1,PIK3CG,JAK3,NR1H4,NR1H3,ADORA2A,CYP2D6,NR1H2"
Process,GO:0019216,Regulation of lipid metabolic process,20,346,2.45e-13,4.18e-11,"CYP27B1,NR3C1,FLT3,RORA,ADRA2A,PPARG,FABP1,F2,PPARD,RORC,SREBF2,PTGS2,AKR1C3,PPARA,PIK3CG,EPHX2,HTR2A,NR1H4,NR1H3,NR1H2"
Process,GO:0032880,Regulation of protein localization,29,852,2.71e-13,4.58e-11,"CYP51A1,MAPK14,CTSD,EGFR,ADRA2A,PPARG,HMGCR,ACHE,GLUL,F2,PPARD,NOS2,HSP90AA1,SREBF2,DRD2,PTGS2,PTPN1,ALOX5,AR,JAK2,DRD3,MAPK8,IL6,OPRM1,NR1H4,NR1H3,ADORA2A,PTPN11,NR1H2"
Process,GO:0003008,System process,44,2029,2.89e-13,4.82e-11,"MAPK1,CHRM3,SLC6A4,KCNH2,MAPK3,BCHE,SLC6A3,EGFR,ADRA2A,PPARG,HMGCR,NPC1L1,ACE,CYP11B1,FABP1,PPARD,HSD11B2,BACE1,NOS2,CACNA1H,PDE2A,HSP90AA1,PTGES,PDE4D,PDE3A,PTGS1,DRD2,PTGS2,ABL1,TACR2,AR,GABBR1,AKR1C3,AKR1C1,DRD3,PPARA,ADRA2C,TBXAS1,OPRM1,CHRM2,NTRK1,HTR2A,ABCB1,ADORA2A"
Process,GO:0008284,Positive regulation of cell population proliferation,30,945,5.52e-13,9.12e-11,"MAPK1,CSNK2A1,MAPK14,FLT3,CDC25B,MAPK3,KDR,CDK2,EGFR,ADRA2A,GLUL,F2,ADAM17,PPARD,DRD2,PTGS2,ABL1,AR,PIK3CD,AKR1C3,AKR1C2,JAK2,DRD3,IL6,FGFR1,ESR1,GPBAR1,TYK2,JAK3,HTR2A"
Process,GO:0008610,Lipid biosynthetic process,24,577,7.28e-13,1.19e-10,"CYP51A1,HSD17B1,CYP27B1,CYP2C9,SRD5A1,HMGCR,NPC1L1,CYP11B1,PPARD,CACNA1H,PTGES,PTGS1,PTGS2,CYP17A1,ALOX5,HSD17B3,PIK3CD,AKR1C3,G6PD,CYP19A1,TBXAS1,PIK3CG,SRD5A2,CYP2D6"
Process,GO:0019220,Regulation of phosphate metabolic process,36,1405,7.87e-13,1.27e-10,"MAPK1,FLT3,CDC25B,FABP4,MAPK3,KDR,EGFR,ADRA2A,PPARG,HMGCR,ACE,CDC25A,F2,ADAM17,PTPN2,PRKDC,MET,NOS2,HSP90AA1,PDE4D,DRD2,PTGS2,PTPN1,ABL1,AR,JAK2,PPARA,IL6,ADRA2C,FGFR1,PIK3CG,NTRK1,HTR2A,NR1H4,ADORA2A,PTPN11"
Process,GO:0019222,Regulation of metabolic process,84,6784,7.95e-13,1.27e-10,"CYP51A1,MAPK1,CSNK2A1,CYP27B1,MAPK14,NR3C1,CTSD,ADORA3,FLT3,CDC25B,FABP4,RORA,SLC6A4,KCNH2,MAPK3,KDR,CDK2,SLC6A3,EGFR,ADRA2A,PPARG,HMGCR,ACE,FABP1,ACHE,CDC25A,F2,ADAM17,PPARD,PTPN2,PRKDC,MET,PGR,RORC,NOS2,PDE2A,HSP90AA1,NR1I2,DYRK1A,SERPINA6,ESR2,PDE4D,CTSB,NR3C2,PDE3A,SREBF2,TOP1,DRD2,PTGS2,NR1I3,PTPN1,ABL1,PLAU,ALOX5,AR,PIK3CD,POLA1,RPS6KA3,AKR1C3,AKR1C1,JAK2,DRD3,G6PD,MAPK8,PPARA,IL6,ADRA2C,CHEK1,FGFR1,OPRM1,ESR1,TOP2A,PIK3CG,EPHX2,NTRK1,TYK2,JAK3,HTR2A,NR1H4,NR1H3,ADORA2A,PTPN11,CYP2D6,NR1H2"
Process,GO:0042325,Regulation of phosphorylation,34,1251,8.15e-13,1.28e-10,"MAPK1,FLT3,CDC25B,FABP4,MAPK3,KDR,EGFR,ADRA2A,PPARG,HMGCR,ACE,CDC25A,F2,ADAM17,PTPN2,PRKDC,MET,HSP90AA1,PDE4D,DRD2,PTGS2,PTPN1,ABL1,AR,JAK2,PPARA,IL6,ADRA2C,FGFR1,PIK3CG,NTRK1,HTR2A,ADORA2A,PTPN11"
Process,GO:0050727,Regulation of inflammatory response,20,371,8.34e-13,1.3e-10,"MAPK14,FABP4,RORA,PPARG,ACE,PPARD,PTPN2,PDE2A,PTGES,PTGS2,ALOX5,JAK2,CYP19A1,PPARA,IL6,ESR1,PIK3CG,NR1H4,NR1H3,ADORA2A"
Process,GO:0031325,Positive regulation of cellular metabolic process,54,3114,1.36e-12,2.1e-10,"MAPK1,MAPK14,NR3C1,FLT3,CDC25B,RORA,KCNH2,MAPK3,KDR,CDK2,EGFR,ADRA2A,PPARG,ACE,FABP1,F2,ADAM17,PPARD,PTPN2,PRKDC,MET,PGR,RORC,NOS2,HSP90AA1,NR1I2,DYRK1A,ESR2,SREBF2,DRD2,PTGS2,NR1I3,PTPN1,ABL1,AR,RPS6KA3,AKR1C3,AKR1C1,JAK2,DRD3,PPARA,IL6,ADRA2C,FGFR1,OPRM1,ESR1,TOP2A,PIK3CG,NTRK1,HTR2A,NR1H4,NR1H3,PTPN11,NR1H2"
Process,GO:0045937,Positive regulation of phosphate metabolic process,29,912,1.4e-12,2.13e-10,"MAPK1,FLT3,CDC25B,MAPK3,KDR,EGFR,ADRA2A,PPARG,ACE,F2,ADAM17,MET,NOS2,HSP90AA1,DRD2,PTGS2,PTPN1,ABL1,AR,JAK2,PPARA,IL6,ADRA2C,FGFR1,PIK3CG,NTRK1,HTR2A,NR1H4,PTPN11"
Process,GO:1903522,Regulation of blood circulation,17,250,1.53e-12,2.29e-10,"ADORA3,CHRM3,KCNH2,ADRA2A,ACE,CACNA1H,HSP90AA1,PDE4D,DRD2,PTGS2,ABL1,JAK2,ADRA2C,TBXAS1,CHRM2,PIK3CG,HTR2A"
Process,GO:0048608,Reproductive structure development,21,436,1.66e-12,2.46e-10,"MAPK1,CYP27B1,MAPK14,KDR,SRD5A1,EGFR,PPARG,ACE,PLG,PPARD,PGR,CTSB,PTGS2,AR,HSD17B3,AKR1C3,CYP19A1,ESR1,NTRK1,SRD5A2,PTPN11"
Process,GO:1902533,Positive regulation of intracellular signal transduction,30,997,2.07e-12,3.01e-10,"FLT3,MAPK3,KDR,EGFR,ADRA2A,F2,PPARD,PTPN2,MET,HSP90AA1,NR3C2,DRD2,PTPN1,ABL1,AR,F10,PIK3CD,AKR1C3,AKR1C2,JAK2,HCRTR1,IL6,ADRA2C,FGFR1,OPRM1,PIK3CG,GPBAR1,NTRK1,HTR2A,PTPN11"
Process,GO:0044283,Small molecule biosynthetic process,21,446,2.51e-12,3.61e-10,"CYP51A1,HSD17B1,CYP27B1,CYP2C9,HMGCR,NPC1L1,CYP11B1,GLUL,CACNA1H,PTGES,PTGS1,PTGS2,ALOX5,HSD17B3,AKR1C3,G6PD,CYP19A1,PPARA,TBXAS1,SRD5A2,CYP2D6"
Process,GO:0009628,Response to abiotic stimulus,31,1107,5.01e-12,7.14e-10,"MAPK14,RORA,SLC6A4,MAPK3,POLB,EGFR,PPARG,HMGCR,ACE,FABP1,CDC25A,ADAM17,PPARD,PRKDC,HSD11B2,BACE1,NOS2,PDE2A,HSP90AA1,DRD2,PTGS2,PLAU,TACR2,CA9,DRD3,MAPK8,PPARA,CHEK1,OPRM1,NTRK1,HTR2A"
Process,GO:0001932,Regulation of protein phosphorylation,31,1108,5.13e-12,7.24e-10,"MAPK1,FLT3,CDC25B,FABP4,MAPK3,KDR,EGFR,ADRA2A,PPARG,HMGCR,ACE,CDC25A,F2,ADAM17,PTPN2,PRKDC,HSP90AA1,PDE4D,DRD2,PTGS2,PTPN1,ABL1,JAK2,IL6,ADRA2C,FGFR1,PIK3CG,NTRK1,HTR2A,ADORA2A,PTPN11"
Process,GO:0043085,Positive regulation of catalytic activity,32,1191,6.08e-12,8.51e-10,"MAPK1,CYP27B1,MAPK14,CTSD,ADORA3,FLT3,CDC25B,MAPK3,KDR,EGFR,ADRA2A,PPARG,ACE,FABP1,F2,ADAM17,MET,NOS2,HSP90AA1,DRD2,PTPN1,ABL1,JAK2,MAPK8,ADRA2C,FGFR1,ESR1,PIK3CG,NTRK1,HTR2A,NR1H3,NR1H2"
Process,GO:0010648,Negative regulation of cell communication,34,1348,6.2e-12,8.61e-10,"CSNK2A1,MAPK14,RORA,SLC6A4,BCHE,EGFR,ADRA2A,PPARG,HMGCR,ACHE,ADAM17,PTPN2,MET,PDE2A,DYRK1A,PDE4D,PDE3A,DRD2,PTGS2,PTPN1,ABL1,TACR2,AR,GABBR1,DRD3,PPARA,IL6,OPRM1,ESR1,HTR2A,NR1H4,NR1H3,PTPN11,NR1H2"
Process,GO:0023057,Negative regulation of signaling,34,1354,6.99e-12,9.62e-10,"CSNK2A1,MAPK14,RORA,SLC6A4,BCHE,EGFR,ADRA2A,PPARG,HMGCR,ACHE,ADAM17,PTPN2,MET,PDE2A,DYRK1A,PDE4D,PDE3A,DRD2,PTGS2,PTPN1,ABL1,TACR2,AR,GABBR1,DRD3,PPARA,IL6,OPRM1,ESR1,HTR2A,NR1H4,NR1H3,PTPN11,NR1H2"
Process,GO:0033559,Unsaturated fatty acid metabolic process,12,99,7.12e-12,9.71e-10,"CYP2C9,PTGES,PTGS1,PTGS2,CYP2C19,ALOX5,AKR1C3,AKR1C2,AKR1C1,TBXAS1,CYP2D6,CES2"
Process,GO:0051246,Regulation of protein metabolic process,48,2622,7.15e-12,9.71e-10,"CYP51A1,MAPK1,CSNK2A1,CTSD,FLT3,CDC25B,FABP4,MAPK3,KDR,CDK2,EGFR,ADRA2A,PPARG,HMGCR,ACE,FABP1,CDC25A,F2,ADAM17,PTPN2,PRKDC,NOS2,HSP90AA1,DYRK1A,SERPINA6,PDE4D,CTSB,DRD2,PTGS2,PTPN1,ABL1,PLAU,RPS6KA3,JAK2,G6PD,MAPK8,IL6,ADRA2C,CHEK1,FGFR1,PIK3CG,NTRK1,JAK3,HTR2A,NR1H3,ADORA2A,PTPN11,NR1H2"
Process,GO:0010035,Response to inorganic substance,22,532,8.27e-12,1.11e-09,"MAPK1,HSD17B1,FABP4,MAPK3,KDR,CDK2,SLC6A3,EGFR,SIGMAR1,CYP11B1,FABP1,BACE1,CACNA1H,DRD2,PTGS2,ABL1,AKR1C3,G6PD,MAPK8,IL6,NTRK1,ADORA2A"
Process,GO:0048585,Negative regulation of response to stimulus,37,1612,8.52e-12,1.13e-09,"CSNK2A1,MAPK14,RORA,SLC6A3,EGFR,ADRA2A,PPARG,HMGCR,F2,PLG,ADAM17,PPARD,PTPN2,MET,BACE1,PDE2A,DYRK1A,PDE4D,PDE3A,DRD2,PTGS2,PTPN1,ABL1,PLAU,ALOX5,AR,DRD3,CYP19A1,PPARA,IL6,OPRM1,ESR1,JAK3,NR1H4,NR1H3,ADORA2A,NR1H2"
Process,GO:0051173,Positive regulation of nitrogen compound metabolic process,53,3166,9.91e-12,1.31e-09,"MAPK1,CSNK2A1,MAPK14,NR3C1,CTSD,FLT3,CDC25B,RORA,KCNH2,MAPK3,KDR,CDK2,EGFR,ADRA2A,PPARG,ACE,F2,ADAM17,PPARD,PRKDC,MET,PGR,RORC,NOS2,HSP90AA1,NR1I2,DYRK1A,ESR2,SREBF2,DRD2,PTGS2,NR1I3,PTPN1,ABL1,AR,RPS6KA3,JAK2,DRD3,MAPK8,PPARA,IL6,ADRA2C,FGFR1,OPRM1,ESR1,TOP2A,PIK3CG,NTRK1,HTR2A,NR1H4,NR1H3,PTPN11,NR1H2"
Process,GO:0062012,Regulation of small molecule metabolic process,18,330,1.06e-11,1.39e-09,"CYP27B1,NR3C1,RORA,PPARG,FABP1,PPARD,PTPN2,RORC,NOS2,SREBF2,PTGS2,AKR1C3,PPARA,EPHX2,HTR2A,NR1H4,NR1H3,NR1H2"
Process,GO:0060255,Regulation of macromolecule metabolic process,78,6249,1.23e-11,1.6e-09,"CYP51A1,MAPK1,CSNK2A1,MAPK14,NR3C1,CTSD,ADORA3,FLT3,CDC25B,FABP4,RORA,SLC6A4,KCNH2,MAPK3,KDR,CDK2,EGFR,ADRA2A,PPARG,HMGCR,ACE,FABP1,ACHE,CDC25A,F2,ADAM17,PPARD,PTPN2,PRKDC,MET,PGR,RORC,NOS2,PDE2A,HSP90AA1,NR1I2,DYRK1A,SERPINA6,ESR2,PDE4D,CTSB,NR3C2,PDE3A,SREBF2,TOP1,DRD2,PTGS2,NR1I3,PTPN1,ABL1,PLAU,ALOX5,AR,PIK3CD,POLA1,RPS6KA3,JAK2,DRD3,G6PD,MAPK8,PPARA,IL6,ADRA2C,CHEK1,FGFR1,ESR1,TOP2A,PIK3CG,EPHX2,NTRK1,TYK2,JAK3,HTR2A,NR1H4,NR1H3,ADORA2A,PTPN11,NR1H2"
Process,GO:0050790,Regulation of catalytic activity,45,2370,1.32e-11,1.7e-09,"MAPK1,CSNK2A1,CYP27B1,MAPK14,CTSD,ADORA3,FLT3,CDC25B,FABP4,MAPK3,KDR,EGFR,ADRA2A,PPARG,HMGCR,ACE,FABP1,CDC25A,F2,ADAM17,PTPN2,MET,NOS2,HSP90AA1,SERPINA6,CTSB,PDE3A,DRD2,PTGS2,PTPN1,ABL1,GABBR1,RPS6KA3,JAK2,DRD3,MAPK8,ADRA2C,FGFR1,ESR1,PIK3CG,NTRK1,HTR2A,NR1H3,ADORA2A,NR1H2"
Process,GO:0050804,Modulation of chemical synaptic transmission,20,436,1.38e-11,1.76e-09,"MAPK1,SLC6A4,BCHE,ADRA2A,CA2,ACE,ACHE,GLUL,BACE1,DRD2,PTGS2,ABL1,TACR2,GABBR1,JAK2,DRD3,CHRM2,NTRK1,HTR2A,ADORA2A"
Process,GO:0043408,Regulation of MAPK cascade,24,668,1.43e-11,1.8e-09,"MAPK1,FLT3,MAPK3,KDR,EGFR,ADRA2A,PPARG,HMGCR,PTPN2,DRD2,PTPN1,ABL1,AR,JAK2,HCRTR1,IL6,ADRA2C,FGFR1,OPRM1,PIK3CG,GPBAR1,NTRK1,HTR2A,PTPN11"
Process,GO:0032102,Negative regulation of response to external stimulus,19,387,1.54e-11,1.91e-09,"MAPK14,RORA,SLC6A3,PPARG,F2,PLG,PPARD,PTPN2,BACE1,DRD2,PLAU,ALOX5,DRD3,CYP19A1,PPARA,NR1H4,NR1H3,ADORA2A,NR1H2"
Process,GO:0006468,Protein phosphorylation,25,736,1.62e-11,2e-09,"MAPK1,CSNK2A1,MAPK14,FLT3,CDC25B,MAPK3,KDR,CDK2,EGFR,PRKDC,MET,DYRK1A,TOP1,ABL1,PIK3CD,RPS6KA3,JAK2,MAPK8,CHEK1,FGFR1,PIK3CG,NTRK1,TYK2,JAK3,HTR2A"
Process,GO:0120255,Olefinic compound biosynthetic process,7,12,1.87e-11,2.29e-09,"HSD17B1,CYP11B1,CACNA1H,HSD17B3,AKR1C3,CYP19A1,SRD5A2"
Process,GO:0044093,Positive regulation of molecular function,36,1587,2.47e-11,3e-09,"MAPK1,CYP27B1,MAPK14,CTSD,ADORA3,FLT3,CDC25B,MAPK3,KDR,EGFR,ADRA2A,PPARG,ACE,FABP1,F2,ADAM17,MET,NOS2,HSP90AA1,ESR2,DRD2,PTPN1,ABL1,AR,JAK2,MAPK8,IL6,ADRA2C,FGFR1,ESR1,PIK3CG,NTRK1,HTR2A,NR1H3,ABCB1,NR1H2"
Process,GO:0006690,Icosanoid metabolic process,12,112,2.68e-11,3.23e-09,"CYP2C9,PTGES,PTGS1,PTGS2,CYP2C19,ALOX5,AKR1C3,AKR1C2,AKR1C1,TBXAS1,CYP2D6,CES2"
Process,GO:0042327,Positive regulation of phosphorylation,26,826,3.06e-11,3.66e-09,"MAPK1,FLT3,CDC25B,MAPK3,KDR,EGFR,ADRA2A,PPARG,ACE,F2,ADAM17,MET,HSP90AA1,DRD2,PTGS2,PTPN1,ABL1,AR,JAK2,IL6,ADRA2C,FGFR1,PIK3CG,NTRK1,HTR2A,PTPN11"
Process,GO:0031323,Regulation of cellular metabolic process,73,5681,3.23e-11,3.83e-09,"MAPK1,CSNK2A1,CYP27B1,MAPK14,NR3C1,ADORA3,FLT3,CDC25B,FABP4,RORA,KCNH2,MAPK3,KDR,CDK2,SLC6A3,EGFR,ADRA2A,PPARG,HMGCR,ACE,FABP1,ACHE,CDC25A,F2,ADAM17,PPARD,PTPN2,PRKDC,MET,PGR,RORC,NOS2,PDE2A,HSP90AA1,NR1I2,DYRK1A,ESR2,PDE4D,NR3C2,PDE3A,SREBF2,DRD2,PTGS2,NR1I3,PTPN1,ABL1,ALOX5,AR,RPS6KA3,AKR1C3,AKR1C1,JAK2,DRD3,G6PD,MAPK8,PPARA,IL6,ADRA2C,CHEK1,FGFR1,OPRM1,ESR1,TOP2A,PIK3CG,NTRK1,JAK3,HTR2A,NR1H4,NR1H3,ADORA2A,PTPN11,CYP2D6,NR1H2"
Process,GO:0051047,Positive regulation of secretion,17,308,3.49e-11,4.11e-09,"SLC6A4,PPARG,ACHE,GLUL,PPARD,CACNA1H,PTGES,DRD2,TACR2,GABBR1,JAK2,DRD3,CYP19A1,NR1H4,ADORA2A,PTPN11,NR1H2"
Process,GO:0006796,Phosphate-containing compound metabolic process,39,1877,3.8e-11,4.45e-09,"MAPK1,CSNK2A1,MAPK14,FLT3,CDC25B,RORA,MAPK3,KDR,CDK2,EGFR,HMGCR,CDC25A,PPARD,PTPN2,PRKDC,MET,PDE2A,DYRK1A,PDE4D,TOP1,PTPN1,ABL1,PIK3CD,RPS6KA3,JAK2,G6PD,MAPK8,PDE7A,CHEK1,FGFR1,PIK3CG,EPHX2,NTRK1,TYK2,JAK3,HTR2A,NR1H3,PTPN11,NR1H2"
Process,GO:0030154,Cell differentiation,55,3507,4.13e-11,4.8e-09,"MAPK1,MAPK14,FLT3,CDC25B,FABP4,RORA,MAPK3,KDR,BCHE,SRD5A1,EGFR,PPARG,ACE,ACHE,PLG,ADAM17,PPARD,PTPN2,PRKDC,MET,PGR,RORC,CACNA1H,PDE2A,HSP90AA1,NR1I2,PDE4D,CTSB,PDE3A,DRD2,PTGS2,NR1I3,ABL1,AR,GABBR1,PIK3CD,AKR1C3,AKR1C2,AKR1C1,JAK2,G6PD,PPARA,IL6,FGFR1,ESR1,TOP2A,NTRK1,TYK2,JAK3,NR1H4,SRD5A2,NR1H3,ADORA2A,PTPN11,NR1H2"
Process,GO:0032496,Response to lipopolysaccharide,17,314,4.65e-11,5.32e-09,"MAPK1,CYP27B1,MAPK14,MAPK3,ACE,ADAM17,PPARD,NOS2,PTGS2,ABL1,RPS6KA3,JAK2,MAPK8,IL6,OPRM1,NR1H4,NR1H3"
Process,GO:0051338,Regulation of transferase activity,27,912,4.61e-11,5.32e-09,"MAPK1,FLT3,CDC25B,FABP4,MAPK3,KDR,EGFR,ADRA2A,PPARG,HMGCR,ACE,CDC25A,F2,ADAM17,PTPN2,MET,HSP90AA1,DRD2,PTPN1,ABL1,JAK2,ADRA2C,FGFR1,PIK3CG,NTRK1,HTR2A,ADORA2A"
Process,GO:0009891,Positive regulation of biosynthetic process,41,2080,5.03e-11,5.71e-09,"MAPK1,MAPK14,NR3C1,RORA,KCNH2,MAPK3,KDR,CDK2,EGFR,PPARG,F2,PPARD,PTPN2,PRKDC,MET,PGR,RORC,NOS2,HSP90AA1,NR1I2,DYRK1A,ESR2,SREBF2,DRD2,PTGS2,NR1I3,ABL1,AR,RPS6KA3,JAK2,DRD3,PPARA,IL6,OPRM1,ESR1,TOP2A,JAK3,HTR2A,NR1H4,NR1H3,NR1H2"
Process,GO:0043549,Regulation of kinase activity,25,778,5.1e-11,5.76e-09,"FLT3,CDC25B,FABP4,KDR,EGFR,ADRA2A,PPARG,HMGCR,ACE,CDC25A,F2,ADAM17,PTPN2,MET,HSP90AA1,DRD2,PTPN1,ABL1,JAK2,ADRA2C,FGFR1,PIK3CG,NTRK1,HTR2A,ADORA2A"
Process,GO:0071383,Cellular response to steroid hormone stimulus,13,152,5.28e-11,5.91e-09,"NR3C1,FLT3,SRD5A1,ACE,PPARD,PGR,ESR2,NR3C2,AR,AKR1C3,JAK2,PPARA,ESR1"
Process,GO:1902644,Tertiary alcohol metabolic process,7,15,6.23e-11,6.83e-09,"CYP11B1,HSD11B2,CACNA1H,AKR1B10,AKR1C3,AKR1C2,AKR1C1"
Process,GO:0080090,Regulation of primary metabolic process,74,5899,6.78e-11,7.38e-09,"CYP51A1,MAPK1,CSNK2A1,CYP27B1,MAPK14,NR3C1,CTSD,ADORA3,FLT3,CDC25B,FABP4,RORA,KCNH2,MAPK3,KDR,CDK2,SLC6A3,EGFR,ADRA2A,PPARG,HMGCR,ACE,FABP1,CDC25A,F2,ADAM17,PPARD,PTPN2,PRKDC,MET,PGR,RORC,NOS2,PDE2A,HSP90AA1,NR1I2,DYRK1A,SERPINA6,ESR2,PDE4D,CTSB,NR3C2,PDE3A,SREBF2,DRD2,PTGS2,NR1I3,PTPN1,ABL1,PLAU,AR,RPS6KA3,AKR1C3,JAK2,DRD3,G6PD,MAPK8,PPARA,IL6,ADRA2C,CHEK1,FGFR1,ESR1,TOP2A,PIK3CG,EPHX2,NTRK1,JAK3,HTR2A,NR1H4,NR1H3,ADORA2A,PTPN11,NR1H2"
Process,GO:0031399,Regulation of protein modification process,35,1560,6.84e-11,7.4e-09,"MAPK1,FLT3,CDC25B,FABP4,MAPK3,KDR,EGFR,ADRA2A,PPARG,HMGCR,ACE,CDC25A,F2,ADAM17,PTPN2,PRKDC,HSP90AA1,DYRK1A,PDE4D,DRD2,PTGS2,PTPN1,ABL1,JAK2,G6PD,MAPK8,IL6,ADRA2C,CHEK1,FGFR1,PIK3CG,NTRK1,HTR2A,ADORA2A,PTPN11"
Process,GO:0048856,Anatomical structure development,68,5117,7.1e-11,7.63e-09,"MAPK1,STS,HSD17B1,CYP27B1,MAPK14,NR3C1,FLT3,CDC25B,CHRM3,RORA,SLC6A4,MAPK3,KDR,BCHE,POLB,SLC6A3,SRD5A1,EGFR,SIGMAR1,CA2,PPARG,ACE,ACHE,GLUL,PLG,ADAM17,PPARD,PTPN2,PRKDC,MET,PGR,RORC,CACNA1H,PDE2A,HSP90AA1,DYRK1A,PDE4D,CTSB,PDE3A,TOP1,DRD2,HSD11B1,PTGS2,ABL1,AR,HSD17B3,PIK3CD,CA9,RPS6KA3,AKR1C3,AKR1C2,AKR1C1,JAK2,G6PD,CYP19A1,PPARA,IL6,CHEK1,FGFR1,CHRM2,ESR1,TOP2A,PIK3CG,NTRK1,JAK3,SRD5A2,ADORA2A,PTPN11"
Process,GO:0043410,Positive regulation of MAPK cascade,20,481,7.41e-11,7.91e-09,"FLT3,MAPK3,KDR,EGFR,ADRA2A,DRD2,PTPN1,ABL1,AR,JAK2,HCRTR1,IL6,ADRA2C,FGFR1,OPRM1,PIK3CG,GPBAR1,NTRK1,HTR2A,PTPN11"
Process,GO:0051172,Negative regulation of nitrogen compound metabolic process,44,2403,8.08e-11,8.56e-09,"CYP51A1,CSNK2A1,MAPK14,NR3C1,FABP4,CDK2,EGFR,PPARG,HMGCR,FABP1,F2,PPARD,PTPN2,PRKDC,RORC,NOS2,PDE2A,NR1I2,DYRK1A,SERPINA6,ESR2,PDE4D,CTSB,SREBF2,DRD2,PTGS2,NR1I3,PTPN1,ABL1,PLAU,AR,RPS6KA3,DRD3,G6PD,PPARA,IL6,CHEK1,OPRM1,ESR1,JAK3,NR1H4,NR1H3,ADORA2A,NR1H2"
Process,GO:1905953,Negative regulation of lipid localization,9,47,8.6e-11,9.05e-09,"PPARG,PPARD,PTPN2,SREBF2,PPARA,IL6,NR1H3,PTPN11,NR1H2"
Process,GO:1903532,Positive regulation of secretion by cell,16,282,9.33e-11,9.76e-09,"SLC6A4,PPARG,ACHE,GLUL,PPARD,CACNA1H,PTGES,DRD2,TACR2,GABBR1,JAK2,CYP19A1,NR1H4,ADORA2A,PTPN11,NR1H2"
Process,GO:0120178,Steroid hormone biosynthetic process,8,31,1.26e-10,1.3e-08,"HSD17B1,SRD5A1,CYP11B1,CACNA1H,CYP17A1,HSD17B3,CYP19A1,SRD5A2"
Process,GO:0001934,Positive regulation of protein phosphorylation,24,747,1.32e-10,1.35e-08,"MAPK1,FLT3,CDC25B,MAPK3,KDR,EGFR,ADRA2A,PPARG,ACE,F2,ADAM17,HSP90AA1,DRD2,PTGS2,PTPN1,ABL1,JAK2,IL6,ADRA2C,FGFR1,PIK3CG,NTRK1,HTR2A,PTPN11"
Process,GO:0040012,Regulation of locomotion,28,1032,1.35e-10,1.37e-08,"MAPK1,ADORA3,MAPK3,KDR,EGFR,ADRA2A,PPARG,ACE,GLUL,PLG,ADAM17,PPARD,PTPN2,MET,DRD2,PTGS2,ABL1,PLAU,TACR2,F10,PIK3CD,JAK2,DRD3,CYP19A1,IL6,FGFR1,PIK3CG,ADORA2A"
Process,GO:0051241,Negative regulation of multicellular organismal process,28,1035,1.44e-10,1.45e-08,"CYP51A1,SLC6A4,EGFR,ADRA2A,PPARG,HMGCR,ACE,F2,PLG,ADAM17,PTPN2,PDE4D,DRD2,PTGS2,PLAU,TACR2,ALOX5,JAK2,DRD3,G6PD,PPARA,IL6,PIK3CG,JAK3,NR1H4,NR1H3,PTPN11,NR1H2"
Process,GO:0009611,Response to wounding,19,444,1.45e-10,1.46e-08,"MAPK14,ADORA3,KDR,ADRA2A,F2,PLG,ADAM17,PPARD,DRD2,PLAU,F10,JAK2,PPARA,IL6,ADRA2C,OPRM1,PIK3CG,NTRK1,ADORA2A"
Process,GO:0051896,Regulation of protein kinase B signaling,13,166,1.47e-10,1.46e-08,"EGFR,MET,HSP90AA1,DRD2,F10,PIK3CD,AKR1C3,AKR1C2,DRD3,PPARA,FGFR1,PIK3CG,NTRK1"
Process,GO:0051171,Regulation of nitrogen compound metabolic process,72,5734,1.65e-10,1.64e-08,"CYP51A1,MAPK1,CSNK2A1,MAPK14,NR3C1,CTSD,ADORA3,FLT3,CDC25B,FABP4,RORA,KCNH2,MAPK3,KDR,CDK2,SLC6A3,EGFR,ADRA2A,PPARG,HMGCR,ACE,FABP1,CDC25A,F2,ADAM17,PPARD,PTPN2,PRKDC,MET,PGR,RORC,NOS2,PDE2A,HSP90AA1,NR1I2,DYRK1A,SERPINA6,ESR2,PDE4D,CTSB,NR3C2,PDE3A,SREBF2,DRD2,PTGS2,NR1I3,PTPN1,ABL1,PLAU,AR,RPS6KA3,JAK2,DRD3,G6PD,MAPK8,PPARA,IL6,ADRA2C,CHEK1,FGFR1,OPRM1,ESR1,TOP2A,PIK3CG,NTRK1,JAK3,HTR2A,NR1H4,NR1H3,ADORA2A,PTPN11,NR1H2"
Process,GO:0009755,Hormone-mediated signaling pathway,12,133,1.7e-10,1.67e-08,"NR3C1,PPARG,PPARD,PGR,ESR2,NR3C2,AR,JAK2,PPARA,ESR1,NR1H3,PTPN11"
Process,GO:0048731,System development,57,3867,1.71e-10,1.67e-08,"MAPK1,HSD17B1,CYP27B1,MAPK14,NR3C1,FLT3,CHRM3,RORA,SLC6A4,MAPK3,KDR,BCHE,POLB,SLC6A3,SRD5A1,EGFR,SIGMAR1,PPARG,ACE,ACHE,GLUL,PLG,ADAM17,PPARD,PTPN2,PRKDC,MET,PGR,RORC,PDE2A,HSP90AA1,DYRK1A,CTSB,DRD2,HSD11B1,PTGS2,ABL1,AR,HSD17B3,PIK3CD,RPS6KA3,AKR1C3,JAK2,G6PD,CYP19A1,PPARA,IL6,FGFR1,CHRM2,ESR1,TOP2A,PIK3CG,NTRK1,JAK3,SRD5A2,ADORA2A,PTPN11"
Process,GO:0032103,Positive regulation of response to external stimulus,19,453,2.01e-10,1.96e-08,"MAPK1,FABP4,MAPK3,KDR,ACE,F2,PLG,ADAM17,PRKDC,MET,PDE2A,HSP90AA1,PTGS2,PLAU,JAK2,IL6,FGFR1,OPRM1,PIK3CG"
Process,GO:0043269,Regulation of ion transport,23,700,2.21e-10,2.14e-08,"CHRM3,SLC6A4,KCNH2,ADRA2A,CA2,ACE,F2,CACNA1H,PTGES,PDE4D,DRD2,PTGS2,ABL1,TACR2,GABBR1,DRD3,G6PD,OPRM1,PIK3CG,JAK3,HTR2A,ABCB1,ADORA2A"
Process,GO:1901617,Organic hydroxy compound biosynthetic process,13,172,2.21e-10,2.14e-08,"CYP51A1,HSD17B1,CYP27B1,SLC6A3,HMGCR,NPC1L1,CYP11B1,CACNA1H,HSD17B3,AKR1C3,G6PD,CYP19A1,SRD5A2"
Process,GO:0048534,Hematopoietic or lymphoid organ development,23,705,2.53e-10,2.42e-08,"MAPK1,MAPK14,FLT3,RORA,MAPK3,KDR,POLB,PPARG,ACE,ADAM17,PTPN2,PRKDC,RORC,PDE2A,ABL1,PIK3CD,JAK2,G6PD,IL6,TOP2A,NTRK1,JAK3,PTPN11"
Process,GO:0044092,Negative regulation of molecular function,29,1143,2.75e-10,2.61e-08,"CSNK2A1,CYP27B1,ADORA3,FABP4,MAPK3,ADRA2A,PPARG,HMGCR,ACE,FABP1,PTPN2,MET,SERPINA6,ESR2,CTSB,DRD2,PTGS2,PTPN1,ABL1,GABBR1,RPS6KA3,JAK2,DRD3,MAPK8,PPARA,ESR1,NR1H4,ADORA2A,CYP2D6"
Process,GO:0018108,Peptidyl-tyrosine phosphorylation,13,176,2.88e-10,2.73e-08,"FLT3,MAPK3,KDR,EGFR,MET,DYRK1A,ABL1,JAK2,FGFR1,NTRK1,TYK2,JAK3,HTR2A"
Process,GO:0051347,Positive regulation of transferase activity,21,586,3.28e-10,3.08e-08,"MAPK1,FLT3,CDC25B,MAPK3,KDR,EGFR,ADRA2A,ACE,F2,ADAM17,MET,HSP90AA1,DRD2,PTPN1,ABL1,JAK2,ADRA2C,FGFR1,PIK3CG,NTRK1,HTR2A"
Process,GO:0003018,Vascular process in circulatory system,15,262,3.33e-10,3.09e-08,"CHRM3,SLC6A4,ADRA2A,ACE,PPARD,PDE2A,PDE3A,PTGS2,ABL1,TACR2,ADRA2C,TBXAS1,HTR2A,ABCB1,ADORA2A"
Process,GO:0010888,Negative regulation of lipid storage,7,21,4.19e-10,3.87e-08,"PPARG,PPARD,PTPN2,PPARA,IL6,NR1H3,NR1H2"
Process,GO:0045595,Regulation of cell differentiation,34,1582,4.23e-10,3.87e-08,"MAPK1,CYP27B1,MAPK14,RORA,SLC6A4,KDR,EGFR,PPARG,ACE,F2,PPARD,PTPN2,PRKDC,RORC,PDE3A,DRD2,PTGS2,ABL1,ALOX5,AR,RPS6KA3,JAK2,DRD3,G6PD,PPARA,IL6,ADRA2C,FGFR1,OPRM1,JAK3,HTR2A,NR1H3,PTPN11,NR1H2"
Process,GO:0007275,Multicellular organism development,59,4209,4.9e-10,4.46e-08,"MAPK1,HSD17B1,CYP27B1,MAPK14,NR3C1,FLT3,CHRM3,RORA,SLC6A4,MAPK3,KDR,BCHE,POLB,SLC6A3,SRD5A1,EGFR,SIGMAR1,PPARG,ACE,ACHE,GLUL,PLG,ADAM17,PPARD,PTPN2,PRKDC,MET,PGR,RORC,PDE2A,HSP90AA1,DYRK1A,CTSB,TOP1,DRD2,HSD11B1,PTGS2,ABL1,AR,HSD17B3,PIK3CD,RPS6KA3,AKR1C3,JAK2,G6PD,CYP19A1,PPARA,IL6,CHEK1,FGFR1,CHRM2,ESR1,TOP2A,PIK3CG,NTRK1,JAK3,SRD5A2,ADORA2A,PTPN11"
Process,GO:0022414,Reproductive process,33,1504,4.89e-10,4.46e-08,"MAPK1,STS,CYP27B1,MAPK14,NR3C1,CDC25B,SLC6A4,KDR,CDK2,SRD5A1,EGFR,ADRA2A,PPARG,ACE,PLG,PPARD,PRKDC,HSD11B2,PGR,CTSB,PDE3A,PTGS2,CYP17A1,AR,HSD17B3,AKR1C3,CYP19A1,OPRM1,ESR1,TOP2A,NTRK1,SRD5A2,PTPN11"
Process,GO:0062013,Positive regulation of small molecule metabolic process,12,147,4.96e-10,4.47e-08,"PPARG,FABP1,PPARD,PTPN2,NOS2,SREBF2,PTGS2,PPARA,HTR2A,NR1H4,NR1H3,NR1H2"
Process,GO:0007169,Transmembrane receptor protein tyrosine kinase signaling pathway,18,425,5.43e-10,4.86e-08,"MAPK1,MAPK14,FLT3,KDR,EGFR,ADAM17,PTPN2,MET,PTPN1,ABL1,AR,PIK3CD,JAK2,FGFR1,NTRK1,TYK2,JAK3,PTPN11"
Process,GO:0050878,Regulation of body fluid levels,17,371,5.43e-10,4.86e-08,"MAPK14,CHRM3,SLC6A3,ADRA2A,F2,PLG,HSD11B2,MET,DRD2,PLAU,F10,IL6,ADRA2C,PIK3CG,NR1H3,ADORA2A,NR1H2"
Process,GO:0010605,Negative regulation of macromolecule metabolic process,46,2760,5.6e-10,4.96e-08,"CYP51A1,CSNK2A1,MAPK14,NR3C1,FABP4,KDR,CDK2,EGFR,PPARG,HMGCR,ACE,FABP1,F2,PPARD,PTPN2,PRKDC,PGR,RORC,NOS2,PDE2A,NR1I2,DYRK1A,SERPINA6,ESR2,PDE4D,CTSB,SREBF2,DRD2,PTGS2,NR1I3,PTPN1,ABL1,PLAU,AR,RPS6KA3,DRD3,G6PD,PPARA,IL6,CHEK1,ESR1,JAK3,NR1H4,NR1H3,ADORA2A,NR1H2"
Process,GO:0006693,Prostaglandin metabolic process,8,39,6.16e-10,5.4e-08,"PTGES,PTGS1,PTGS2,AKR1C3,AKR1C2,AKR1C1,TBXAS1,CES2"
Process,GO:0006066,Alcohol metabolic process,16,324,6.46e-10,5.6e-08,"CYP51A1,CYP27B1,CYP2C9,HMGCR,NPC1L1,CYP11B1,PPARD,HSD11B2,CACNA1H,AKR1B10,SREBF2,AKR1C3,AKR1C2,AKR1C1,G6PD,CYP2D6"
Process,GO:0006631,Fatty acid metabolic process,16,325,6.75e-10,5.81e-08,"MAPK14,CYP2C9,PPARG,PPARD,PTGES,PTGS1,PTGS2,CYP2C19,ALOX5,AKR1C3,AKR1C2,AKR1C1,PPARA,TBXAS1,CYP2D6,CES2"
Process,GO:0042752,Regulation of circadian rhythm,11,117,6.75e-10,5.81e-08,"RORA,PPARG,PRKDC,RORC,DRD2,DRD3,MAPK8,PPARA,TOP2A,NR1H3,ADORA2A"
Process,GO:0033674,Positive regulation of kinase activity,19,494,8.11e-10,6.88e-08,"FLT3,CDC25B,KDR,EGFR,ADRA2A,ACE,F2,ADAM17,MET,HSP90AA1,DRD2,PTPN1,ABL1,JAK2,ADRA2C,FGFR1,PIK3CG,NTRK1,HTR2A"
Process,GO:1901362,Organic cyclic compound biosynthetic process,28,1121,8.4e-10,7.08e-08,"CYP51A1,HSD17B1,CYP27B1,MAPK14,MAPK3,POLB,CDK2,SLC6A3,SRD5A1,PPARG,HMGCR,NPC1L1,CYP11B1,CACNA1H,HSP90AA1,CYP17A1,ALOX5,AR,HSD17B3,POLA1,AKR1C3,JAK2,G6PD,CYP19A1,ESR1,NR1H4,SRD5A2,NR1H3"
Process,GO:0045834,Positive regulation of lipid metabolic process,12,155,8.74e-10,7.33e-08,"FLT3,PPARG,FABP1,F2,PPARD,SREBF2,PTGS2,PPARA,HTR2A,NR1H4,NR1H3,NR1H2"
Process,GO:0046883,Regulation of hormone secretion,14,239,1.01e-09,8.44e-08,"ADRA2A,PPARG,GLUL,PPARD,NOS2,DRD2,TACR2,ALOX5,GABBR1,JAK2,CYP19A1,IL6,NR1H4,PTPN11"
Process,GO:0032787,Monocarboxylic acid metabolic process,19,502,1.05e-09,8.7e-08,"MAPK14,CYP2C9,PPARG,UGT2B7,PPARD,PTGES,PTGS1,PTGS2,CYP2C19,ALOX5,AKR1C3,AKR1C2,AKR1C1,PPARA,TBXAS1,HTR2A,NR1H4,CYP2D6,CES2"
Process,GO:0044255,Cellular lipid metabolic process,25,918,1.45e-09,1.19e-07,"MAPK14,CYP2C9,SRD5A1,PPARG,HMGCR,PPARD,PTGES,AKR1B10,PTGS1,PTGS2,CYP2C19,ALOX5,PIK3CD,AKR1C3,AKR1C2,AKR1C1,PPARA,TBXAS1,PIK3CG,EPHX2,NR1H3,PTPN11,CYP2D6,NR1H2,CES2"
Process,GO:0051048,Negative regulation of secretion,12,164,1.6e-09,1.3e-07,"CYP51A1,ADRA2A,HMGCR,ACE,DRD2,TACR2,GABBR1,DRD3,ADRA2C,OPRM1,NR1H3,PTPN11"
Process,GO:0031328,Positive regulation of cellular biosynthetic process,38,2041,1.64e-09,1.33e-07,"MAPK1,MAPK14,NR3C1,RORA,KCNH2,MAPK3,CDK2,EGFR,PPARG,PPARD,PTPN2,PRKDC,MET,PGR,RORC,NOS2,HSP90AA1,NR1I2,DYRK1A,ESR2,SREBF2,DRD2,PTGS2,NR1I3,ABL1,AR,RPS6KA3,JAK2,DRD3,PPARA,IL6,OPRM1,ESR1,TOP2A,HTR2A,NR1H4,NR1H3,NR1H2"
Process,GO:0071870,Cellular response to catecholamine stimulus,10,96,1.66e-09,1.34e-07,"MAPK1,CHRM3,MAPK3,SRD5A1,PDE4D,DRD2,ABL1,DRD3,CHRM2,HTR2A"
Process,GO:1902532,Negative regulation of intracellular signal transduction,19,519,1.78e-09,1.43e-07,"MAPK14,RORA,PPARG,HMGCR,PTPN2,MET,PDE2A,DYRK1A,PDE4D,PDE3A,DRD2,PTGS2,PTPN1,ABL1,DRD3,PPARA,OPRM1,ESR1,NR1H4"
Process,GO:0008207,C21-steroid hormone metabolic process,7,27,1.84e-09,1.47e-07,"SRD5A1,CYP11B1,CACNA1H,CYP17A1,AKR1C3,AKR1C2,AKR1C1"
Process,GO:0043279,Response to alkaloid,10,99,2.19e-09,1.73e-07,"BCHE,SLC6A3,PPARG,HSP90AA1,DRD2,DRD3,CHEK1,OPRM1,HTR2A,ADORA2A"
Process,GO:0061370,Testosterone biosynthetic process,5,5,2.55e-09,1.99e-07,"HSD17B1,HSD17B3,AKR1C3,CYP19A1,SRD5A2"
Process,GO:0045859,Regulation of protein kinase activity,21,663,2.79e-09,2.17e-07,"FLT3,CDC25B,FABP4,EGFR,ADRA2A,PPARG,HMGCR,ACE,CDC25A,ADAM17,PTPN2,HSP90AA1,DRD2,PTPN1,ABL1,JAK2,ADRA2C,FGFR1,PIK3CG,HTR2A,ADORA2A"
Process,GO:0007610,Behavior,20,598,2.85e-09,2.19e-07,"MAPK1,NR3C1,SLC6A4,BCHE,SLC6A3,SRD5A1,EGFR,HMGCR,ACE,DRD2,PTGS2,ABL1,TACR2,DRD3,HCRTR1,PPARA,OPRM1,NTRK1,HTR2A,ADORA2A"
Process,GO:0008209,Androgen metabolic process,7,29,2.83e-09,2.19e-07,"SRD5A1,UGT2B7,CYP17A1,HSD17B3,CYP19A1,ESR1,SRD5A2"
Process,GO:0008211,Glucocorticoid metabolic process,6,15,3.22e-09,2.47e-07,"NR3C1,CYP11B1,HSD11B2,CACNA1H,SERPINA6,CYP17A1"
Process,GO:0001817,Regulation of cytokine production,22,739,3.38e-09,2.57e-07,"MAPK14,RORA,ADRA2A,F2,ADAM17,NOS2,HSP90AA1,PDE4D,DRD2,PTGS2,ABL1,ALOX5,PIK3CD,POLA1,JAK2,PPARA,IL6,PIK3CG,TYK2,JAK3,NR1H4,PTPN11"
Process,GO:0042181,Ketone biosynthetic process,7,30,3.47e-09,2.63e-07,"HSD17B1,CYP11B1,CACNA1H,HSD17B3,AKR1C3,CYP19A1,SRD5A2"
Process,GO:0010883,Regulation of lipid storage,8,50,3.54e-09,2.67e-07,"PPARG,PPARD,PTPN2,SREBF2,PPARA,IL6,NR1H3,NR1H2"
Process,GO:0007623,Circadian rhythm,11,139,3.66e-09,2.75e-07,"RORA,SLC6A4,SRD5A1,RORC,NOS2,DYRK1A,TOP1,DRD2,DRD3,PPARA,NTRK1"
Process,GO:0097746,Blood vessel diameter maintenance,11,140,3.93e-09,2.93e-07,"CHRM3,SLC6A4,ADRA2A,ACE,PPARD,PTGS2,ABL1,ADRA2C,TBXAS1,HTR2A,ADORA2A"
Process,GO:0001505,Regulation of neurotransmitter levels,13,222,4.15e-09,3.06e-07,"SLC6A2,SLC6A4,BCHE,SLC6A3,ADRA2A,ACHE,BACE1,DRD2,TACR2,DRD3,CHRM2,HTR2A,ADORA2A"
Process,GO:0070482,Response to oxygen levels,15,318,4.16e-09,3.06e-07,"RORA,SLC6A4,POLB,PPARG,ACE,FABP1,ADAM17,PPARD,HSD11B2,NOS2,DRD2,PTGS2,PLAU,CA9,PPARA"
Process,GO:1903531,Negative regulation of secretion by cell,11,141,4.21e-09,3.07e-07,"CYP51A1,ADRA2A,HMGCR,DRD2,TACR2,GABBR1,DRD3,ADRA2C,OPRM1,NR1H3,PTPN11"
Process,GO:0043401,Steroid hormone mediated signaling pathway,9,77,4.44e-09,3.21e-07,"NR3C1,PPARD,PGR,ESR2,NR3C2,AR,JAK2,PPARA,ESR1"
Process,GO:0071466,Cellular response to xenobiotic stimulus,12,181,4.55e-09,3.28e-07,"CYP2C9,RORA,KCNH2,BCHE,RORC,NOS2,PDE2A,NR1I2,CYP2C19,AKR1C1,CYP2D6,CES2"
Process,GO:0018193,Peptidyl-amino acid modification,24,900,4.86e-09,3.48e-07,"MAPK1,CSNK2A1,MAPK14,FLT3,MAPK3,KDR,CDK2,EGFR,PRKDC,MET,NOS2,DYRK1A,TOP1,ABL1,RPS6KA3,JAK2,MAPK8,CHEK1,FGFR1,NTRK1,TYK2,JAK3,HTR2A,NR1H4"
Process,GO:0051051,Negative regulation of transport,17,432,4.92e-09,3.5e-07,"CYP51A1,KCNH2,ADRA2A,HMGCR,ACE,SREBF2,DRD2,PTGS2,TACR2,GABBR1,DRD3,ADRA2C,OPRM1,HTR2A,NR1H3,PTPN11,NR1H2"
Process,GO:0014074,Response to purine-containing compound,11,145,5.54e-09,3.93e-07,"SLC6A4,SLC6A3,SRD5A1,PPARG,PDE2A,PDE4D,PDE3A,PTGS2,CHEK1,PIK3CG,ADORA2A"
Process,GO:1901564,Organonitrogen compound metabolic process,63,4981,5.77e-09,4.07e-07,"MAPK1,CSNK2A1,MAPK14,CTSD,FLT3,CDC25B,CHRM3,CYP2C9,RORA,MAPK3,KDR,BCHE,CDK2,SLC6A3,SRD5A1,EGFR,HMGCR,NPC1L1,ACE,ACHE,CDC25A,GLUL,F2,PLG,ADAM17,PPARD,PTPN2,PRKDC,MET,BACE1,NOS2,PDE2A,HSP90AA1,DYRK1A,PDE4D,CTSB,TOP1,DRD2,PTPN1,ABL1,PLAU,F10,PIK3CD,RPS6KA3,JAK2,DRD3,G6PD,MAPK8,PPARA,PDE7A,CHEK1,FGFR1,PIK3CG,NTRK1,TYK2,JAK3,HTR2A,NR1H4,NR1H3,PTPN11,CYP2D6,PREP,NR1H2"
Process,GO:0010885,Regulation of cholesterol storage,6,17,5.94e-09,4.17e-07,"PPARG,PPARD,SREBF2,PPARA,NR1H3,NR1H2"
Process,GO:0043069,Negative regulation of programmed cell death,24,911,6.12e-09,4.28e-07,"CSNK2A1,KDR,EGFR,FABP1,PPARD,PRKDC,MET,RORC,PDE3A,PTGS2,PTPN1,ABL1,AR,RPS6KA3,JAK2,DRD3,MAPK8,PPARA,IL6,PIK3CG,NTRK1,JAK3,NR1H4,ADORA2A"
Process,GO:2000145,Regulation of cell motility,25,988,6.17e-09,4.3e-07,"MAPK1,ADORA3,MAPK3,KDR,EGFR,ADRA2A,PPARG,ACE,GLUL,PLG,ADAM17,PPARD,MET,DRD2,PTGS2,ABL1,PLAU,TACR2,F10,PIK3CD,JAK2,CYP19A1,IL6,FGFR1,PIK3CG"
Process,GO:0050728,Negative regulation of inflammatory response,11,147,6.33e-09,4.39e-07,"MAPK14,RORA,PPARG,PPARD,PTPN2,ALOX5,CYP19A1,PPARA,NR1H4,NR1H3,ADORA2A"
Process,GO:0001666,Response to hypoxia,14,278,6.41e-09,4.43e-07,"RORA,SLC6A4,PPARG,ACE,FABP1,ADAM17,PPARD,HSD11B2,NOS2,DRD2,PTGS2,PLAU,CA9,PPARA"
Process,GO:0044419,Biological process involved in interspecies interaction between organisms,31,1490,6.5e-09,4.47e-07,"MAPK1,CYP27B1,MAPK14,FABP4,MAPK3,EGFR,PPARG,ACE,F2,PLG,ADAM17,PPARD,PRKDC,NOS2,HSP90AA1,CTSB,PTGS2,ABL1,PIK3CD,RPS6KA3,JAK2,MAPK8,IL6,OPRM1,CHRM2,PIK3CG,TYK2,JAK3,HTR2A,NR1H4,NR1H3"
Process,GO:0031348,Negative regulation of defense response,13,232,6.85e-09,4.69e-07,"MAPK14,RORA,PPARG,PPARD,PTPN2,DRD2,ALOX5,CYP19A1,PPARA,NR1H4,NR1H3,ADORA2A,NR1H2"
Process,GO:0019369,Arachidonic acid metabolic process,8,55,6.96e-09,4.75e-07,"CYP2C9,PTGS1,PTGS2,CYP2C19,ALOX5,AKR1C3,TBXAS1,CYP2D6"
Process,GO:0044703,Multi-organism reproductive process,12,190,7.61e-09,5.17e-07,"STS,CYP27B1,SLC6A4,ADRA2A,ACE,PPARD,HSD11B2,PGR,CTSB,PTGS2,AR,ESR1"
Process,GO:0090087,Regulation of peptide transport,12,190,7.61e-09,5.17e-07,"ADRA2A,CA2,GLUL,PPARD,NOS2,DRD2,ALOX5,GABBR1,JAK2,IL6,NR1H4,PTPN11"
Process,GO:0007267,Cell-cell signaling,26,1079,7.8e-09,5.25e-07,"MAPK1,CSNK2A1,SLC6A2,CHRM3,SLC6A3,ACHE,PLG,PGR,NOS2,ESR2,DRD2,PTGS2,TACR2,AR,GABBR1,RPS6KA3,JAK2,DRD3,HCRTR1,IL6,ADRA2C,OPRM1,CHRM2,HTR2A,SRD5A2,ADORA2A"
Process,GO:0038083,Peptidyl-tyrosine autophosphorylation,6,18,7.87e-09,5.28e-07,"MAPK3,KDR,EGFR,DYRK1A,ABL1,NTRK1"
Process,GO:0050433,Regulation of catecholamine secretion,8,56,7.91e-09,5.28e-07,"ADORA3,ADRA2A,DRD2,GABBR1,DRD3,ADRA2C,HTR2A,ADORA2A"
Process,GO:0008217,Regulation of blood pressure,12,191,8.05e-09,5.35e-07,"PPARG,ACE,CYP11B1,HSD11B2,NOS2,PDE4D,PTGS1,DRD2,PTGS2,AR,DRD3,PPARA"
Process,GO:0009987,Cellular process,121,14826,8.17e-09,5.41e-07,"MAPK1,CSNK2A1,ATP12A,SLC6A2,HSD17B1,CYP27B1,MAPK14,NR3C1,CTSD,ADORA3,FLT3,CDC25B,CHRM3,FABP4,CYP2C9,RORA,SLC6A4,KCNH2,MAPK3,KDR,BCHE,POLB,CDK2,SLC6A3,SRD5A1,EGFR,SIGMAR1,ADRA2A,CA2,PPARG,HMGCR,NPC1L1,ACE,CYP11B1,FABP1,ACHE,CDC25A,UGT2B7,GLUL,F2,PLG,ADAM17,PPARD,PTPN2,PRKDC,HSD11B2,MET,BACE1,PGR,RORC,NOS2,CACNA1H,PDE2A,HSP90AA1,NR1I2,DYRK1A,PTGES,ESR2,PDE4D,CTSB,NR3C2,PDE3A,AKR1B10,SREBF2,TOP1,PTGS1,DRD2,PTGS2,NR1I3,CYP17A1,CYP2C19,PTPN1,ABL1,PLAU,TACR2,ALOX5,AR,HSD17B3,GABBR1,PIK3CD,CA9,POLA1,RPS6KA3,AKR1C3,AKR1C2,AKR1C1,JAK2,DRD3,G6PD,MAPK8,CYP19A1,HCRTR1,PPARA,PDE7A,IL6,ADRA2C,TBXAS1,CHEK1,FGFR1,OPRM1,CHRM2,ESR1,TOP2A,PIK3CG,GC,EPHX2,CA1,GPBAR1,NTRK1,TYK2,JAK3,HTR2A,NR1H4,SRD5A2,NR1H3,ABCB1,ADORA2A,PTPN11,CYP2D6,NR1H2,CES2"
Process,GO:0031324,Negative regulation of cellular metabolic process,39,2265,8.21e-09,5.41e-07,"CSNK2A1,CYP27B1,MAPK14,NR3C1,FABP4,CDK2,PPARG,HMGCR,PPARD,PTPN2,PRKDC,MET,RORC,PDE2A,NR1I2,DYRK1A,ESR2,PDE4D,SREBF2,DRD2,NR1I3,PTPN1,ABL1,AR,AKR1C3,DRD3,G6PD,PPARA,IL6,CHEK1,OPRM1,ESR1,PIK3CG,JAK3,NR1H4,NR1H3,ADORA2A,CYP2D6,NR1H2"
Process,GO:0042060,Wound healing,15,336,8.45e-09,5.54e-07,"MAPK14,KDR,ADRA2A,F2,PLG,ADAM17,PPARD,PLAU,F10,PPARA,IL6,ADRA2C,OPRM1,PIK3CG,ADORA2A"
Process,GO:0030334,Regulation of cell migration,24,927,8.49e-09,5.55e-07,"MAPK1,ADORA3,MAPK3,KDR,EGFR,ADRA2A,PPARG,ACE,GLUL,PLG,ADAM17,PPARD,MET,DRD2,PTGS2,ABL1,PLAU,F10,PIK3CD,JAK2,CYP19A1,IL6,FGFR1,PIK3CG"
Process,GO:0007167,Enzyme-linked receptor protein signaling pathway,20,641,8.89e-09,5.79e-07,"MAPK1,MAPK14,FLT3,MAPK3,KDR,EGFR,PPARG,ADAM17,PTPN2,MET,PTPN1,ABL1,AR,PIK3CD,JAK2,FGFR1,NTRK1,TYK2,JAK3,PTPN11"
Process,GO:0050789,Regulation of biological process,106,11655,8.92e-09,5.79e-07,"CYP51A1,MAPK1,CSNK2A1,CYP27B1,MAPK14,NR3C1,CTSD,ADORA3,FLT3,CDC25B,CHRM3,FABP4,RORA,SLC6A4,KCNH2,MAPK3,KDR,BCHE,POLB,CDK2,SLC6A3,EGFR,SIGMAR1,ADRA2A,CA2,PPARG,HMGCR,ACE,FABP1,ACHE,CDC25A,GLUL,F2,PLG,ADAM17,PPARD,PTPN2,PRKDC,MET,BACE1,PGR,RORC,NOS2,CACNA1H,PDE2A,HSP90AA1,NR1I2,DYRK1A,PTGES,SERPINA6,ESR2,PDE4D,CTSB,NR3C2,PDE3A,SREBF2,TOP1,PTGS1,DRD2,PTGS2,NR1I3,PTPN1,ABL1,PLAU,TACR2,ALOX5,AR,F10,GABBR1,PIK3CD,POLA1,RPS6KA3,AKR1C3,AKR1C2,AKR1C1,JAK2,DRD3,G6PD,MAPK8,CYP19A1,HCRTR1,PPARA,PDE7A,IL6,ADRA2C,TBXAS1,CHEK1,FGFR1,OPRM1,CHRM2,ESR1,TOP2A,PIK3CG,EPHX2,GPBAR1,NTRK1,TYK2,JAK3,HTR2A,NR1H4,NR1H3,ABCB1,ADORA2A,PTPN11,CYP2D6,NR1H2"
Process,GO:0051247,Positive regulation of protein metabolic process,31,1512,9.11e-09,5.88e-07,"MAPK1,CSNK2A1,CTSD,FLT3,CDC25B,MAPK3,KDR,EGFR,ADRA2A,PPARG,ACE,F2,ADAM17,PRKDC,HSP90AA1,DYRK1A,DRD2,PTGS2,PTPN1,ABL1,JAK2,MAPK8,IL6,ADRA2C,FGFR1,PIK3CG,NTRK1,HTR2A,NR1H3,PTPN11,NR1H2"
Process,GO:0048513,Animal organ development,48,3246,1.05e-08,6.72e-07,"MAPK1,HSD17B1,CYP27B1,MAPK14,NR3C1,FLT3,RORA,SLC6A4,MAPK3,KDR,POLB,SLC6A3,SRD5A1,EGFR,PPARG,ACE,ACHE,PLG,ADAM17,PPARD,PTPN2,PRKDC,MET,PGR,RORC,CACNA1H,PDE2A,CTSB,DRD2,HSD11B1,PTGS2,ABL1,AR,HSD17B3,PIK3CD,AKR1C3,JAK2,G6PD,CYP19A1,PPARA,IL6,FGFR1,ESR1,TOP2A,NTRK1,JAK3,SRD5A2,PTPN11"
Process,GO:0060548,Negative regulation of cell death,25,1016,1.06e-08,6.8e-07,"CSNK2A1,KDR,EGFR,FABP1,PPARD,PRKDC,MET,RORC,PDE3A,DRD2,PTGS2,PTPN1,ABL1,AR,RPS6KA3,JAK2,DRD3,MAPK8,PPARA,IL6,PIK3CG,NTRK1,JAK3,NR1H4,ADORA2A"
Process,GO:0031401,Positive regulation of protein modification process,25,1018,1.1e-08,7.04e-07,"MAPK1,FLT3,CDC25B,MAPK3,KDR,EGFR,ADRA2A,PPARG,ACE,F2,ADAM17,HSP90AA1,DYRK1A,DRD2,PTGS2,PTPN1,ABL1,JAK2,IL6,ADRA2C,FGFR1,PIK3CG,NTRK1,HTR2A,PTPN11"
Process,GO:0043068,Positive regulation of programmed cell death,18,519,1.12e-08,7.07e-07,"NR3C1,CTSD,PPARG,ACE,PTPN2,PRKDC,BACE1,NOS2,PTGS2,ABL1,PIK3CD,AKR1C3,JAK2,MAPK8,IL6,TOP2A,NTRK1,ADORA2A"
Process,GO:0003006,Developmental process involved in reproduction,25,1023,1.21e-08,7.65e-07,"MAPK1,CYP27B1,MAPK14,CDC25B,KDR,SRD5A1,EGFR,PPARG,ACE,PLG,PPARD,PRKDC,PGR,CTSB,PDE3A,PTGS2,CYP17A1,AR,HSD17B3,AKR1C3,CYP19A1,ESR1,NTRK1,SRD5A2,PTPN11"
Process,GO:0045923,Positive regulation of fatty acid metabolic process,7,37,1.24e-08,7.81e-07,"PPARG,FABP1,PPARD,PTGS2,PPARA,NR1H3,NR1H2"
Process,GO:0009058,Biosynthetic process,41,2506,1.26e-08,7.86e-07,"CYP51A1,HSD17B1,CYP27B1,MAPK14,CYP2C9,RORA,MAPK3,POLB,CDK2,SLC6A3,SRD5A1,PPARG,HMGCR,NPC1L1,CYP11B1,GLUL,PPARD,NOS2,CACNA1H,HSP90AA1,PTGES,PTGS1,PTGS2,CYP17A1,ALOX5,AR,HSD17B3,PIK3CD,POLA1,AKR1C3,JAK2,G6PD,CYP19A1,PPARA,TBXAS1,ESR1,PIK3CG,NR1H4,SRD5A2,NR1H3,CYP2D6"
Process,GO:0030097,Hemopoiesis,20,655,1.26e-08,7.86e-07,"MAPK14,FLT3,RORA,KDR,PPARG,ACE,ADAM17,PTPN2,PRKDC,RORC,PDE2A,ABL1,PIK3CD,JAK2,G6PD,IL6,TOP2A,NTRK1,JAK3,PTPN11"
Process,GO:0044706,Multi-multicellular organism process,12,200,1.31e-08,8.11e-07,"STS,CYP27B1,SLC6A4,ADRA2A,ACE,PPARD,HSD11B2,PGR,CTSB,PTGS2,AR,ESR1"
Process,GO:0042632,Cholesterol homeostasis,9,89,1.42e-08,8.78e-07,"FABP4,RORA,NPC1L1,SREBF2,AKR1C1,EPHX2,NR1H4,NR1H3,NR1H2"
Process,GO:0051248,Negative regulation of protein metabolic process,25,1038,1.61e-08,9.85e-07,"CYP51A1,CSNK2A1,FABP4,EGFR,PPARG,HMGCR,FABP1,F2,PTPN2,PRKDC,NOS2,SERPINA6,PDE4D,CTSB,DRD2,PTGS2,PTPN1,ABL1,PLAU,RPS6KA3,G6PD,JAK3,NR1H3,ADORA2A,NR1H2"
Process,GO:0050709,Negative regulation of protein secretion,8,62,1.63e-08,9.97e-07,"CYP51A1,ADRA2A,HMGCR,DRD2,DRD3,OPRM1,NR1H3,PTPN11"
Process,GO:0050805,Negative regulation of synaptic transmission,8,62,1.63e-08,9.97e-07,"SLC6A4,BCHE,ACHE,DRD2,PTGS2,GABBR1,DRD3,HTR2A"
Process,GO:0043434,Response to peptide hormone,15,355,1.71e-08,1.03e-06,"MAPK14,SRD5A1,CA2,PPARG,CYP11B1,PTPN2,PRKDC,HSD11B2,PTGS2,PTPN1,JAK2,PPARA,TYK2,JAK3,SRD5A2"
Process,GO:0019229,Regulation of vasoconstriction,8,63,1.83e-08,1.1e-06,"CHRM3,ADRA2A,ACE,PTGS2,ABL1,ADRA2C,TBXAS1,HTR2A"
Process,GO:0010557,Positive regulation of macromolecule biosynthetic process,35,1935,1.85e-08,1.11e-06,"MAPK1,MAPK14,NR3C1,RORA,KCNH2,MAPK3,KDR,CDK2,EGFR,PPARG,PPARD,PRKDC,MET,PGR,RORC,HSP90AA1,NR1I2,DYRK1A,ESR2,SREBF2,DRD2,NR1I3,ABL1,AR,RPS6KA3,JAK2,DRD3,PPARA,IL6,ESR1,TOP2A,JAK3,NR1H4,NR1H3,NR1H2"
Process,GO:0043066,Negative regulation of apoptotic process,23,891,1.92e-08,1.15e-06,"CSNK2A1,KDR,EGFR,FABP1,PPARD,PRKDC,RORC,PDE3A,PTGS2,PTPN1,ABL1,AR,RPS6KA3,JAK2,DRD3,MAPK8,PPARA,IL6,PIK3CG,NTRK1,JAK3,NR1H4,ADORA2A"
Process,GO:0007166,Cell surface receptor signaling pathway,36,2040,2.03e-08,1.21e-06,"MAPK1,CSNK2A1,MAPK14,ADORA3,FLT3,CHRM3,MAPK3,KDR,EGFR,PPARG,F2,ADAM17,PTPN2,MET,PDE4D,DRD2,PTPN1,ABL1,PLAU,AR,GABBR1,PIK3CD,JAK2,DRD3,MAPK8,IL6,FGFR1,OPRM1,CHRM2,GPBAR1,NTRK1,TYK2,JAK3,NR1H4,ADORA2A,PTPN11"
Process,GO:0019752,Carboxylic acid metabolic process,22,819,2.05e-08,1.22e-06,"MAPK14,CYP2C9,PPARG,UGT2B7,GLUL,PPARD,NOS2,PTGES,PTGS1,PTGS2,CYP2C19,ALOX5,AKR1C3,AKR1C2,AKR1C1,PPARA,TBXAS1,HTR2A,NR1H4,SRD5A2,CYP2D6,CES2"
Process,GO:0048732,Gland development,16,419,2.16e-08,1.28e-06,"MAPK1,NR3C1,MAPK3,POLB,SLC6A3,SRD5A1,EGFR,MET,PGR,DRD2,ABL1,AR,JAK2,CYP19A1,IL6,ESR1"
Process,GO:1905952,Regulation of lipid localization,11,167,2.2e-08,1.29e-06,"PPARG,PPARD,PTPN2,PTGES,SREBF2,CYP19A1,PPARA,IL6,NR1H3,PTPN11,NR1H2"
Process,GO:0033554,Cellular response to stress,31,1572,2.21e-08,1.3e-06,"MAPK1,MAPK14,RORA,MAPK3,POLB,CDK2,SRD5A1,EGFR,SIGMAR1,PPARG,NPC1L1,FABP1,GLUL,PPARD,PRKDC,HSP90AA1,SREBF2,PTGS2,PTPN1,ABL1,POLA1,RPS6KA3,AKR1C3,JAK2,G6PD,MAPK8,PPARA,IL6,CHEK1,TOP2A,PTPN11"
Process,GO:0001819,Positive regulation of cytokine production,17,482,2.33e-08,1.36e-06,"MAPK14,RORA,ADRA2A,ADAM17,NOS2,HSP90AA1,PDE4D,DRD2,PTGS2,ABL1,PIK3CD,JAK2,IL6,PIK3CG,TYK2,NR1H4,PTPN11"
Process,GO:0006807,Nitrogen compound metabolic process,74,6643,2.32e-08,1.36e-06,"MAPK1,CSNK2A1,MAPK14,CTSD,FLT3,CDC25B,CHRM3,CYP2C9,RORA,MAPK3,KDR,BCHE,POLB,CDK2,SLC6A3,SRD5A1,EGFR,ADRA2A,PPARG,HMGCR,NPC1L1,ACE,ACHE,CDC25A,GLUL,F2,PLG,ADAM17,PPARD,PTPN2,PRKDC,MET,BACE1,NOS2,PDE2A,HSP90AA1,DYRK1A,PDE4D,CTSB,AKR1B10,TOP1,DRD2,PTPN1,ABL1,PLAU,AR,F10,PIK3CD,POLA1,RPS6KA3,AKR1C3,AKR1C2,AKR1C1,JAK2,DRD3,G6PD,MAPK8,PPARA,PDE7A,CHEK1,FGFR1,ESR1,TOP2A,PIK3CG,NTRK1,TYK2,JAK3,HTR2A,NR1H4,NR1H3,PTPN11,CYP2D6,PREP,NR1H2"
Process,GO:1902652,Secondary alcohol metabolic process,10,129,2.32e-08,1.36e-06,"CYP51A1,CYP27B1,CYP2C9,HMGCR,NPC1L1,CYP11B1,PPARD,SREBF2,G6PD,CYP2D6"
Process,GO:0010468,Regulation of gene expression,61,4899,2.37e-08,1.37e-06,"MAPK1,MAPK14,NR3C1,ADORA3,FABP4,RORA,SLC6A4,KCNH2,MAPK3,KDR,CDK2,EGFR,ADRA2A,PPARG,ACE,F2,ADAM17,PPARD,PTPN2,PRKDC,MET,PGR,RORC,NOS2,PDE2A,HSP90AA1,NR1I2,DYRK1A,ESR2,PDE4D,NR3C2,SREBF2,TOP1,DRD2,PTGS2,NR1I3,ABL1,PLAU,ALOX5,AR,PIK3CD,POLA1,RPS6KA3,JAK2,DRD3,MAPK8,PPARA,IL6,CHEK1,ESR1,TOP2A,PIK3CG,EPHX2,NTRK1,TYK2,JAK3,NR1H4,NR1H3,ADORA2A,PTPN11,NR1H2"
Process,GO:0051952,Regulation of amine transport,9,95,2.4e-08,1.39e-06,"ADORA3,ADRA2A,DRD2,TACR2,GABBR1,DRD3,ADRA2C,HTR2A,ADORA2A"
Process,GO:0010594,Regulation of endothelial cell migration,11,169,2.46e-08,1.42e-06,"KDR,PPARG,GLUL,PLG,ADAM17,MET,PTGS2,ABL1,PIK3CD,FGFR1,PIK3CG"
Process,GO:0007565,Female pregnancy,11,170,2.61e-08,1.49e-06,"STS,CYP27B1,ADRA2A,ACE,PPARD,HSD11B2,PGR,CTSB,PTGS2,AR,ESR1"
Process,GO:0051128,Regulation of cellular component organization,39,2365,2.67e-08,1.52e-06,"MAPK1,CSNK2A1,CYP27B1,MAPK14,MAPK3,KDR,CDK2,EGFR,PPARG,ACE,F2,ADAM17,PPARD,MET,PDE2A,HSP90AA1,DYRK1A,ESR2,PDE3A,SREBF2,DRD2,PTPN1,ABL1,AR,RPS6KA3,DRD3,G6PD,MAPK8,PPARA,IL6,CHEK1,ESR1,TOP2A,GPBAR1,NTRK1,NR1H4,NR1H3,PTPN11,NR1H2"
Process,GO:0010887,Negative regulation of cholesterol storage,5,10,2.96e-08,1.68e-06,"PPARG,PPARD,PPARA,NR1H3,NR1H2"
Process,GO:2000147,Positive regulation of cell motility,18,555,3.01e-08,1.7e-06,"MAPK1,MAPK3,KDR,EGFR,ADRA2A,PLG,ADAM17,MET,PTGS2,ABL1,PLAU,TACR2,F10,PIK3CD,JAK2,IL6,FGFR1,PIK3CG"
Process,GO:0016125,Sterol metabolic process,10,135,3.48e-08,1.95e-06,"CYP51A1,CYP2C9,HMGCR,NPC1L1,CYP11B1,PPARD,SREBF2,G6PD,CYP19A1,CYP2D6"
Process,GO:0050776,Regulation of immune response,22,844,3.46e-08,1.95e-06,"MAPK1,MAPK14,PPARG,PTPN2,PRKDC,HSP90AA1,PDE4D,DRD2,PTPN1,ABL1,PIK3CD,RPS6KA3,JAK2,MAPK8,IL6,ESR1,TYK2,JAK3,NR1H4,NR1H3,PTPN11,NR1H2"
Process,GO:0050793,Regulation of developmental process,40,2492,3.46e-08,1.95e-06,"MAPK1,CYP27B1,MAPK14,RORA,SLC6A4,KDR,SLC6A3,EGFR,PPARG,ACE,GLUL,F2,PPARD,PTPN2,PRKDC,RORC,PDE3A,DRD2,PTGS2,ABL1,ALOX5,AR,PIK3CD,RPS6KA3,JAK2,DRD3,G6PD,PPARA,IL6,ADRA2C,FGFR1,OPRM1,ESR1,NTRK1,JAK3,HTR2A,NR1H4,NR1H3,PTPN11,NR1H2"
Process,GO:0045944,Positive regulation of transcription by RNA polymerase II,27,1250,3.59e-08,2e-06,"MAPK14,NR3C1,RORA,MAPK3,EGFR,PPARG,PPARD,PRKDC,MET,PGR,NR1I2,ESR2,SREBF2,DRD2,NR1I3,ABL1,AR,RPS6KA3,JAK2,DRD3,PPARA,IL6,ESR1,TOP2A,NR1H4,NR1H3,NR1H2"
Process,GO:0035556,Intracellular signal transduction,30,1518,3.78e-08,2.09e-06,"MAPK1,MAPK14,CHRM3,MAPK3,KDR,POLB,CDK2,EGFR,ADRA2A,PPARD,PRKDC,NOS2,PDE2A,PDE4D,PDE3A,DRD2,ABL1,AR,PIK3CD,RPS6KA3,JAK2,MAPK8,PDE7A,CHEK1,FGFR1,PIK3CG,TYK2,JAK3,HTR2A,PTPN11"
Process,GO:1901652,Response to peptide,16,437,3.79e-08,2.1e-06,"MAPK14,SRD5A1,CA2,PPARG,CYP11B1,PTPN2,PRKDC,HSD11B2,BACE1,PTGS2,PTPN1,JAK2,PPARA,TYK2,JAK3,SRD5A2"
Process,GO:0062197,Cellular response to chemical stress,13,272,4.13e-08,2.27e-06,"MAPK1,MAPK3,EGFR,SIGMAR1,PPARG,FABP1,PTGS2,ABL1,AKR1C3,JAK2,G6PD,MAPK8,IL6"
Process,GO:0070848,Response to growth factor,17,503,4.25e-08,2.33e-06,"MAPK1,MAPK14,NR3C1,FLT3,MAPK3,KDR,SRD5A1,EGFR,PPARG,PDE2A,PDE3A,ABL1,PIK3CD,FGFR1,OPRM1,NTRK1,PTPN11"
Process,GO:0071241,Cellular response to inorganic substance,12,227,4.94e-08,2.69e-06,"MAPK1,HSD17B1,FABP4,MAPK3,CDK2,EGFR,CYP11B1,BACE1,CACNA1H,PTGS2,AKR1C3,MAPK8"
Process,GO:0006706,Steroid catabolic process,6,26,5.08e-08,2.76e-06,"STS,CYP27B1,SRD5A1,HSD11B1,CYP19A1,SRD5A2"
Process,GO:0050794,Regulation of cellular process,101,11025,5.14e-08,2.78e-06,"CYP51A1,MAPK1,CSNK2A1,CYP27B1,MAPK14,NR3C1,CTSD,ADORA3,FLT3,CDC25B,CHRM3,FABP4,RORA,SLC6A4,KCNH2,MAPK3,KDR,BCHE,POLB,CDK2,SLC6A3,EGFR,SIGMAR1,ADRA2A,CA2,PPARG,HMGCR,ACE,FABP1,ACHE,CDC25A,GLUL,F2,PLG,ADAM17,PPARD,PTPN2,PRKDC,MET,BACE1,PGR,RORC,NOS2,CACNA1H,PDE2A,HSP90AA1,NR1I2,DYRK1A,PTGES,ESR2,PDE4D,CTSB,NR3C2,PDE3A,SREBF2,PTGS1,DRD2,PTGS2,NR1I3,PTPN1,ABL1,PLAU,TACR2,ALOX5,AR,F10,GABBR1,PIK3CD,RPS6KA3,AKR1C3,AKR1C2,AKR1C1,JAK2,DRD3,G6PD,MAPK8,CYP19A1,HCRTR1,PPARA,PDE7A,IL6,ADRA2C,CHEK1,FGFR1,OPRM1,CHRM2,ESR1,TOP2A,PIK3CG,GPBAR1,NTRK1,TYK2,JAK3,HTR2A,NR1H4,NR1H3,ABCB1,ADORA2A,PTPN11,CYP2D6,NR1H2"
Process,GO:0002376,Immune system process,36,2121,5.45e-08,2.94e-06,"MAPK1,CYP27B1,MAPK14,CTSD,FLT3,RORA,MAPK3,KDR,POLB,PPARG,ACE,CYP11B1,F2,PLG,ADAM17,PTPN2,PRKDC,RORC,NOS2,PDE2A,HSP90AA1,PDE4D,ABL1,ALOX5,PIK3CD,JAK2,G6PD,IL6,OPRM1,TOP2A,PIK3CG,NTRK1,TYK2,JAK3,NR1H4,PTPN11"
Process,GO:0048806,Genitalia development,7,47,5.45e-08,2.94e-06,"SRD5A1,AR,HSD17B3,CYP19A1,ESR1,SRD5A2,PTPN11"
Process,GO:0007193,Adenylate cyclase-inhibiting G protein-coupled receptor signaling pathway,8,74,5.78e-08,3.08e-06,"CHRM3,ADRA2A,PDE2A,DRD2,GABBR1,DRD3,OPRM1,CHRM2"
Process,GO:0019233,Sensory perception of pain,8,74,5.78e-08,3.08e-06,"MAPK3,ACE,BACE1,PTGES,PTGS2,OPRM1,NTRK1,HTR2A"
Process,GO:0090276,Regulation of peptide hormone secretion,11,185,5.92e-08,3.13e-06,"ADRA2A,GLUL,PPARD,NOS2,DRD2,ALOX5,GABBR1,JAK2,IL6,NR1H4,PTPN11"
Process,GO:1901576,Organic substance biosynthetic process,39,2438,6.04e-08,3.19e-06,"CYP51A1,HSD17B1,CYP27B1,MAPK14,CYP2C9,MAPK3,POLB,CDK2,SLC6A3,SRD5A1,PPARG,HMGCR,NPC1L1,CYP11B1,GLUL,PPARD,CACNA1H,HSP90AA1,PTGES,PTGS1,PTGS2,CYP17A1,ALOX5,AR,HSD17B3,PIK3CD,POLA1,AKR1C3,JAK2,G6PD,CYP19A1,PPARA,TBXAS1,ESR1,PIK3CG,NR1H4,SRD5A2,NR1H3,CYP2D6"
Process,GO:0007548,Sex differentiation,13,282,6.18e-08,3.25e-06,"KDR,SRD5A1,ACE,PGR,CYP17A1,AR,HSD17B3,AKR1C3,CYP19A1,ESR1,NTRK1,SRD5A2,PTPN11"
Process,GO:0010595,Positive regulation of endothelial cell migration,9,107,6.25e-08,3.28e-06,"KDR,PLG,ADAM17,MET,PTGS2,ABL1,PIK3CD,FGFR1,PIK3CG"
Process,GO:0099536,Synaptic signaling,16,456,6.68e-08,3.49e-06,"MAPK1,SLC6A2,CHRM3,SLC6A3,ACHE,PLG,DRD2,GABBR1,RPS6KA3,JAK2,DRD3,HCRTR1,OPRM1,CHRM2,HTR2A,ADORA2A"
Process,GO:0046456,Icosanoid biosynthetic process,7,49,7.06e-08,3.67e-06,"CYP2C9,PTGES,PTGS1,PTGS2,ALOX5,AKR1C3,TBXAS1"
Process,GO:0043270,Positive regulation of ion transport,13,286,7.23e-08,3.74e-06,"SLC6A4,KCNH2,ADRA2A,F2,PTGES,DRD2,ABL1,TACR2,GABBR1,G6PD,JAK3,ABCB1,ADORA2A"
Process,GO:0090257,Regulation of muscle system process,12,236,7.4e-08,3.81e-06,"CHRM3,ADRA2A,PPARG,HSP90AA1,PDE4D,PTGS2,TACR2,G6PD,PPARA,ADRA2C,CHRM2,PIK3CG"
Process,GO:0009617,Response to bacterium,19,663,8.01e-08,4.1e-06,"MAPK1,CYP27B1,MAPK14,FABP4,MAPK3,ACE,F2,ADAM17,PPARD,NOS2,PTGS2,ABL1,RPS6KA3,JAK2,MAPK8,IL6,OPRM1,NR1H4,NR1H3"
Process,GO:0045935,Positive regulation of nucleobase-containing compound metabolic process,35,2056,8.27e-08,4.23e-06,"MAPK1,MAPK14,NR3C1,RORA,KCNH2,MAPK3,CDK2,EGFR,PPARG,PPARD,PRKDC,MET,PGR,RORC,NOS2,HSP90AA1,NR1I2,DYRK1A,ESR2,SREBF2,DRD2,NR1I3,ABL1,AR,RPS6KA3,JAK2,DRD3,PPARA,IL6,ESR1,TOP2A,HTR2A,NR1H4,NR1H3,NR1H2"
Process,GO:0060134,Prepulse inhibition,5,13,8.3e-08,4.23e-06,"SLC6A3,BACE1,DRD2,DRD3,ADORA2A"
Process,GO:0031279,Regulation of cyclase activity,8,78,8.42e-08,4.27e-06,"MAPK14,ADORA3,MAPK3,NOS2,DRD2,GABBR1,DRD3,MAPK8"
Process,GO:0030335,Positive regulation of cell migration,17,529,8.57e-08,4.33e-06,"MAPK1,MAPK3,KDR,EGFR,ADRA2A,PLG,ADAM17,MET,PTGS2,ABL1,PLAU,F10,PIK3CD,JAK2,IL6,FGFR1,PIK3CG"
Process,GO:0050731,Positive regulation of peptidyl-tyrosine phosphorylation,11,194,9.35e-08,4.71e-06,"FLT3,EGFR,ADRA2A,ACE,ADAM17,PTPN1,ABL1,JAK2,IL6,HTR2A,PTPN11"
Process,GO:0051897,Positive regulation of protein kinase B signaling,9,113,9.68e-08,4.87e-06,"EGFR,MET,HSP90AA1,F10,PIK3CD,AKR1C3,AKR1C2,FGFR1,PIK3CG"
Process,GO:0071222,Cellular response to lipopolysaccharide,11,195,9.82e-08,4.92e-06,"MAPK1,MAPK14,MAPK3,PPARD,NOS2,ABL1,JAK2,MAPK8,IL6,NR1H4,NR1H3"
Process,GO:0050796,Regulation of insulin secretion,10,153,1.05e-07,5.27e-06,"ADRA2A,GLUL,PPARD,NOS2,DRD2,ALOX5,JAK2,IL6,NR1H4,PTPN11"
Process,GO:1903351,Cellular response to dopamine,8,81,1.1e-07,5.49e-06,"MAPK1,CHRM3,MAPK3,DRD2,ABL1,DRD3,CHRM2,HTR2A"
Process,GO:0006805,Xenobiotic metabolic process,9,115,1.11e-07,5.53e-06,"CYP2C9,RORA,BCHE,RORC,NR1I2,CYP2C19,AKR1C1,CYP2D6,CES2"
Process,GO:0042448,Progesterone metabolic process,5,14,1.12e-07,5.55e-06,"SRD5A1,CYP17A1,AKR1C3,AKR1C2,AKR1C1"
Process,GO:0071248,Cellular response to metal ion,11,198,1.14e-07,5.61e-06,"MAPK1,HSD17B1,FABP4,MAPK3,EGFR,CYP11B1,BACE1,CACNA1H,PTGS2,AKR1C3,MAPK8"
Process,GO:0070372,Regulation of ERK1 and ERK2 cascade,13,299,1.18e-07,5.82e-06,"MAPK3,KDR,EGFR,PTPN2,DRD2,PTPN1,ABL1,HCRTR1,OPRM1,GPBAR1,NTRK1,HTR2A,PTPN11"
Process,GO:0051707,Response to other organism,27,1328,1.21e-07,5.9e-06,"MAPK1,CYP27B1,MAPK14,FABP4,MAPK3,PPARG,ACE,F2,ADAM17,PPARD,PRKDC,NOS2,HSP90AA1,PTGS2,ABL1,PIK3CD,RPS6KA3,JAK2,MAPK8,IL6,OPRM1,CHRM2,PIK3CG,TYK2,JAK3,NR1H4,NR1H3"
Process,GO:0045860,Positive regulation of protein kinase activity,15,416,1.26e-07,6.14e-06,"FLT3,CDC25B,EGFR,ADRA2A,ACE,ADAM17,HSP90AA1,DRD2,PTPN1,ABL1,JAK2,ADRA2C,FGFR1,PIK3CG,HTR2A"
Process,GO:0034614,Cellular response to reactive oxygen species,9,118,1.37e-07,6.63e-06,"MAPK1,MAPK3,EGFR,SIGMAR1,FABP1,ABL1,AKR1C3,MAPK8,IL6"
Process,GO:0051222,Positive regulation of protein transport,13,303,1.37e-07,6.63e-06,"MAPK14,PPARG,ACHE,GLUL,PPARD,HSP90AA1,SREBF2,PTGS2,JAK2,MAPK8,NR1H4,ADORA2A,NR1H2"
Process,GO:0009968,Negative regulation of signal transduction,26,1252,1.45e-07,6.95e-06,"CSNK2A1,MAPK14,RORA,EGFR,PPARG,HMGCR,ADAM17,PTPN2,MET,PDE2A,DYRK1A,PDE4D,PDE3A,DRD2,PTGS2,PTPN1,ABL1,AR,DRD3,PPARA,IL6,OPRM1,ESR1,NR1H4,NR1H3,NR1H2"
Process,GO:0045893,"Positive regulation of transcription, DNA-templated",31,1710,1.45e-07,6.95e-06,"MAPK14,NR3C1,RORA,KCNH2,MAPK3,CDK2,EGFR,PPARG,PPARD,PRKDC,MET,PGR,RORC,NR1I2,DYRK1A,ESR2,SREBF2,DRD2,NR1I3,ABL1,AR,RPS6KA3,JAK2,DRD3,PPARA,IL6,ESR1,TOP2A,NR1H4,NR1H3,NR1H2"
Process,GO:0006720,Isoprenoid metabolic process,9,119,1.46e-07,6.97e-06,"CYP2C9,SRD5A1,HMGCR,PPARD,AKR1B10,CYP2C19,AKR1C3,AKR1C1,CYP2D6"
Process,GO:0008203,Cholesterol metabolic process,9,119,1.46e-07,6.97e-06,"CYP51A1,CYP2C9,HMGCR,NPC1L1,CYP11B1,PPARD,SREBF2,G6PD,CYP2D6"
Process,GO:0097305,Response to alcohol,12,252,1.46e-07,6.97e-06,"POLB,SLC6A3,PPARG,ACE,DRD2,GABBR1,AKR1C3,AKR1C2,G6PD,PPARA,TBXAS1,OPRM1"
Process,GO:0010038,Response to metal ion,14,362,1.5e-07,7.1e-06,"MAPK1,HSD17B1,FABP4,MAPK3,SLC6A3,EGFR,CYP11B1,BACE1,CACNA1H,DRD2,PTGS2,AKR1C3,G6PD,MAPK8"
Process,GO:0002682,Regulation of immune system process,28,1438,1.61e-07,7.56e-06,"MAPK1,MAPK14,RORA,MAPK3,PPARG,ADAM17,PTPN2,PRKDC,NOS2,HSP90AA1,PDE4D,DRD2,PTPN1,ABL1,PIK3CD,RPS6KA3,JAK2,MAPK8,CYP19A1,IL6,ESR1,TYK2,JAK3,NR1H4,NR1H3,ADORA2A,PTPN11,NR1H2"
Process,GO:0030518,Intracellular steroid hormone receptor signaling pathway,7,56,1.62e-07,7.58e-06,"NR3C1,PGR,ESR2,NR3C2,AR,JAK2,ESR1"
Process,GO:0007186,G protein-coupled receptor signaling pathway,25,1174,1.65e-07,7.69e-06,"ADORA3,CHRM3,SIGMAR1,ADRA2A,CA2,PPARG,PDE2A,PDE4D,PDE3A,DRD2,TACR2,GABBR1,AKR1C3,AKR1C2,JAK2,DRD3,HCRTR1,ADRA2C,OPRM1,CHRM2,ESR1,PIK3CG,GPBAR1,HTR2A,ADORA2A"
Process,GO:0010876,Lipid localization,14,365,1.66e-07,7.69e-06,"FABP4,SIGMAR1,PPARG,NPC1L1,ACE,FABP1,PPARD,NOS2,DRD2,PTGS2,AKR1C1,DRD3,PPARA,ABCB1"
Process,GO:0055088,Lipid homeostasis,10,161,1.65e-07,7.69e-06,"FABP4,RORA,PPARG,NPC1L1,SREBF2,AKR1C1,EPHX2,NR1H4,NR1H3,NR1H2"
Process,GO:0099537,Trans-synaptic signaling,15,426,1.7e-07,7.82e-06,"MAPK1,SLC6A2,CHRM3,SLC6A3,ACHE,PLG,DRD2,GABBR1,RPS6KA3,DRD3,HCRTR1,OPRM1,CHRM2,HTR2A,ADORA2A"
Process,GO:0009888,Tissue development,31,1723,1.71e-07,7.86e-06,"MAPK1,STS,CYP27B1,MAPK14,NR3C1,MAPK3,KDR,EGFR,CA2,PPARG,ADAM17,PPARD,PRKDC,MET,PGR,RORC,PDE2A,PDE4D,CTSB,PTGS2,ABL1,AR,CA9,AKR1C3,AKR1C2,AKR1C1,JAK2,PPARA,FGFR1,ESR1,NTRK1"
Process,GO:0050678,Regulation of epithelial cell proliferation,14,366,1.71e-07,7.86e-06,"KDR,EGFR,PPARG,GLUL,ADAM17,PPARD,PRKDC,PGR,DRD2,ALOX5,AR,PIK3CD,FGFR1,GPBAR1"
Process,GO:1901654,Response to ketone,11,207,1.74e-07,7.97e-06,"NR3C1,SRD5A1,PPARG,ACE,AR,CA9,AKR1C3,AKR1C2,JAK2,SRD5A2,NR1H3"
Process,GO:0060135,Maternal process involved in female pregnancy,7,57,1.81e-07,8.27e-06,"CYP27B1,PPARD,PGR,CTSB,PTGS2,AR,ESR1"
Process,GO:0001963,"Synaptic transmission, dopaminergic",5,16,1.94e-07,8.81e-06,"SLC6A2,SLC6A3,DRD2,DRD3,ADORA2A"
Process,GO:0050730,Regulation of peptidyl-tyrosine phosphorylation,12,259,1.94e-07,8.81e-06,"FLT3,EGFR,ADRA2A,ACE,ADAM17,PTPN2,PTPN1,ABL1,JAK2,IL6,HTR2A,PTPN11"
Process,GO:0071496,Cellular response to external stimulus,13,317,2.26e-07,1.02e-05,"MAPK1,MAPK3,SRD5A1,PPARG,GLUL,PDE2A,SREBF2,PTGS2,AKR1C3,MAPK8,PPARA,CHEK1,NR1H4"
Process,GO:0031960,Response to corticosteroid,10,167,2.28e-07,1.03e-05,"NR3C1,FLT3,BCHE,SRD5A1,ACE,HSD11B2,PTGS2,AKR1C3,JAK2,IL6"
Process,GO:0070374,Positive regulation of ERK1 and ERK2 cascade,11,213,2.29e-07,1.03e-05,"MAPK3,KDR,EGFR,DRD2,ABL1,HCRTR1,OPRM1,GPBAR1,NTRK1,HTR2A,PTPN11"
Process,GO:0008285,Negative regulation of cell population proliferation,19,713,2.39e-07,1.07e-05,"CYP27B1,ADORA3,SLC6A4,BCHE,PPARG,PLG,PPARD,PTPN2,PTGES,DRD2,PTGS2,ALOX5,AR,GABBR1,JAK2,IL6,OPRM1,NTRK1,ADORA2A"
Process,GO:0009612,Response to mechanical stimulus,11,214,2.39e-07,1.07e-05,"MAPK14,MAPK3,PPARG,BACE1,PDE2A,DRD2,PTGS2,MAPK8,CHEK1,NTRK1,HTR2A"
Process,GO:0046887,Positive regulation of hormone secretion,9,127,2.46e-07,1.09e-05,"PPARG,GLUL,PPARD,DRD2,GABBR1,JAK2,CYP19A1,NR1H4,PTPN11"
Process,GO:0044249,Cellular biosynthetic process,37,2362,2.54e-07,1.12e-05,"HSD17B1,CYP27B1,MAPK14,CYP2C9,RORA,MAPK3,POLB,CDK2,SLC6A3,SRD5A1,PPARG,HMGCR,CYP11B1,GLUL,PPARD,NOS2,CACNA1H,HSP90AA1,PTGES,PTGS1,PTGS2,CYP17A1,ALOX5,AR,HSD17B3,PIK3CD,POLA1,AKR1C3,JAK2,CYP19A1,TBXAS1,ESR1,PIK3CG,NR1H4,SRD5A2,NR1H3,CYP2D6"
Process,GO:0051924,Regulation of calcium ion transport,12,266,2.55e-07,1.12e-05,"ADRA2A,ACE,F2,PDE4D,DRD2,PTGS2,ABL1,DRD3,G6PD,PIK3CG,JAK3,ADORA2A"
Process,GO:1903131,Mononuclear cell differentiation,13,321,2.59e-07,1.14e-05,"FLT3,RORA,PPARG,ADAM17,PTPN2,PRKDC,RORC,PDE2A,ABL1,PIK3CD,IL6,NTRK1,JAK3"
Process,GO:0043065,Positive regulation of apoptotic process,16,507,2.69e-07,1.18e-05,"NR3C1,CTSD,PPARG,ACE,PTPN2,PRKDC,BACE1,PTGS2,ABL1,PIK3CD,AKR1C3,JAK2,MAPK8,IL6,TOP2A,ADORA2A"
Process,GO:0030183,B cell differentiation,9,129,2.79e-07,1.22e-05,"FLT3,ADAM17,PTPN2,PRKDC,ABL1,PIK3CD,IL6,NTRK1,JAK3"
Process,GO:0046683,Response to organophosphorus,9,130,2.97e-07,1.29e-05,"SLC6A4,SLC6A3,SRD5A1,PDE2A,PDE4D,PDE3A,PTGS2,AKR1C1,PIK3CG"
Process,GO:0046890,Regulation of lipid biosynthetic process,10,172,2.95e-07,1.29e-05,"CYP27B1,NR3C1,SREBF2,PTGS2,AKR1C3,PPARA,HTR2A,NR1H4,NR1H3,NR1H2"
Process,GO:0007596,Blood coagulation,10,173,3.11e-07,1.34e-05,"MAPK14,ADRA2A,F2,PLG,PLAU,F10,IL6,ADRA2C,PIK3CG,ADORA2A"
Process,GO:0007611,Learning or memory,12,271,3.09e-07,1.34e-05,"MAPK1,SLC6A4,BCHE,EGFR,HMGCR,DRD2,PTGS2,ABL1,TACR2,DRD3,NTRK1,HTR2A"
Process,GO:0006869,Lipid transport,13,329,3.4e-07,1.46e-05,"FABP4,SIGMAR1,PPARG,NPC1L1,ACE,FABP1,PPARD,NOS2,DRD2,PTGS2,AKR1C1,DRD3,ABCB1"
Process,GO:0034762,Regulation of transmembrane transport,17,587,3.57e-07,1.53e-05,"MAPK14,CHRM3,KCNH2,ADRA2A,CA2,ACE,F2,CACNA1H,PDE4D,DRD2,ABL1,DRD3,G6PD,OPRM1,PIK3CG,ABCB1,PTPN11"
Process,GO:0034599,Cellular response to oxidative stress,11,224,3.7e-07,1.58e-05,"MAPK1,MAPK3,EGFR,SIGMAR1,FABP1,ABL1,AKR1C3,JAK2,G6PD,MAPK8,IL6"
Process,GO:0010565,Regulation of cellular ketone metabolic process,9,134,3.78e-07,1.61e-05,"PPARG,FABP1,PPARD,PTGS2,AKR1C3,PPARA,NR1H4,NR1H3,NR1H2"
Process,GO:0045598,Regulation of fat cell differentiation,9,135,4.01e-07,1.7e-05,"MAPK14,RORA,PPARG,PPARD,RORC,PTGS2,ALOX5,IL6,HTR2A"
Process,GO:0010469,Regulation of signaling receptor activity,10,179,4.18e-07,1.77e-05,"ADRA2A,PPARG,ADAM17,ESR2,PDE4D,PLAU,JAK2,PPARA,ADRA2C,OPRM1"
Process,GO:0002521,Leukocyte differentiation,14,396,4.29e-07,1.81e-05,"MAPK14,FLT3,RORA,PPARG,ADAM17,PTPN2,PRKDC,RORC,PDE2A,ABL1,PIK3CD,IL6,NTRK1,JAK3"
Process,GO:0019218,Regulation of steroid metabolic process,8,98,4.3e-07,1.81e-05,"CYP27B1,NR3C1,RORA,RORC,SREBF2,AKR1C3,EPHX2,NR1H4"
Process,GO:1903829,Positive regulation of protein localization,15,461,4.49e-07,1.88e-05,"MAPK14,EGFR,PPARG,ACHE,GLUL,F2,PPARD,HSP90AA1,SREBF2,PTGS2,JAK2,MAPK8,NR1H4,ADORA2A,NR1H2"
Process,GO:0006721,Terpenoid metabolic process,8,99,4.62e-07,1.93e-05,"CYP2C9,SRD5A1,PPARD,AKR1B10,CYP2C19,AKR1C3,AKR1C1,CYP2D6"
Process,GO:0034308,Primary alcohol metabolic process,8,99,4.62e-07,1.93e-05,"CYP11B1,HSD11B2,CACNA1H,AKR1B10,AKR1C3,AKR1C2,AKR1C1,CYP2D6"
Process,GO:0007188,Adenylate cyclase-modulating G protein-coupled receptor signaling pathway,11,232,5.16e-07,2.14e-05,"CHRM3,ADRA2A,PDE2A,PDE4D,DRD2,GABBR1,DRD3,ADRA2C,OPRM1,CHRM2,ADORA2A"
Process,GO:0010959,Regulation of metal ion transport,14,405,5.56e-07,2.3e-05,"KCNH2,ADRA2A,ACE,F2,PDE4D,DRD2,PTGS2,ABL1,DRD3,G6PD,PIK3CG,JAK3,HTR2A,ADORA2A"
Process,GO:0001516,Prostaglandin biosynthetic process,5,21,6.12e-07,2.52e-05,"PTGES,PTGS1,PTGS2,AKR1C3,TBXAS1"
Process,GO:0071363,Cellular response to growth factor stimulus,15,473,6.15e-07,2.52e-05,"MAPK14,NR3C1,FLT3,MAPK3,KDR,SRD5A1,EGFR,PPARG,PDE2A,PDE3A,ABL1,PIK3CD,FGFR1,NTRK1,PTPN11"
Process,GO:1901655,Cellular response to ketone,8,103,6.13e-07,2.52e-05,"NR3C1,SRD5A1,PPARG,ACE,AR,AKR1C3,AKR1C2,JAK2"
Process,GO:0007268,Chemical synaptic transmission,14,409,6.23e-07,2.54e-05,"MAPK1,SLC6A2,CHRM3,SLC6A3,ACHE,DRD2,GABBR1,RPS6KA3,DRD3,HCRTR1,OPRM1,CHRM2,HTR2A,ADORA2A"
Process,GO:0051384,Response to glucocorticoid,9,144,6.69e-07,2.71e-05,"NR3C1,FLT3,BCHE,SRD5A1,ACE,HSD11B2,PTGS2,JAK2,IL6"
Process,GO:0009889,Regulation of biosynthetic process,52,4205,7.15e-07,2.89e-05,"MAPK1,CYP27B1,MAPK14,NR3C1,ADORA3,FABP4,RORA,KCNH2,MAPK3,KDR,CDK2,EGFR,PPARG,F2,PPARD,PTPN2,PRKDC,MET,PGR,RORC,NOS2,PDE2A,HSP90AA1,NR1I2,DYRK1A,ESR2,NR3C2,SREBF2,DRD2,PTGS2,NR1I3,ABL1,ALOX5,AR,RPS6KA3,AKR1C3,JAK2,DRD3,MAPK8,PPARA,IL6,CHEK1,OPRM1,ESR1,TOP2A,NTRK1,JAK3,HTR2A,NR1H4,NR1H3,ADORA2A,NR1H2"
Process,GO:0051336,Regulation of hydrolase activity,22,1011,7.2e-07,2.9e-05,"CSNK2A1,CTSD,EGFR,PPARG,FABP1,MET,SERPINA6,CTSB,PDE3A,DRD2,PTGS2,ABL1,RPS6KA3,JAK2,MAPK8,FGFR1,ESR1,NTRK1,HTR2A,NR1H3,ADORA2A,NR1H2"
Process,GO:0001775,Cell activation,18,693,7.35e-07,2.96e-05,"MAPK14,FLT3,RORA,ADRA2A,F2,ADAM17,PTPN2,PRKDC,RORC,ABL1,PIK3CD,JAK2,IL6,ADRA2C,PIK3CG,NTRK1,JAK3,ADORA2A"
Process,GO:0071880,Adenylate cyclase-activating adrenergic receptor signaling pathway,5,22,7.47e-07,2.99e-05,"ADRA2A,PDE4D,DRD2,DRD3,ADRA2C"
Process,GO:0060336,Negative regulation of interferon-gamma-mediated signaling pathway,4,8,7.88e-07,3.14e-05,"PPARG,PTPN2,NR1H3,NR1H2"
Process,GO:0051588,Regulation of neurotransmitter transport,8,108,8.58e-07,3.4e-05,"ADRA2A,BACE1,DRD2,TACR2,DRD3,CHRM2,HTR2A,ADORA2A"
Process,GO:0001890,Placenta development,9,149,8.76e-07,3.46e-05,"MAPK1,CYP27B1,MAPK14,EGFR,PPARG,PLG,PPARD,CTSB,PTGS2"
Process,GO:0014066,Regulation of phosphatidylinositol 3-kinase signaling,8,109,9.16e-07,3.61e-05,"FLT3,KDR,EGFR,F2,PPARD,JAK2,FGFR1,NTRK1"
Process,GO:0015908,Fatty acid transport,7,75,1.01e-06,3.95e-05,"FABP4,PPARG,ACE,FABP1,PPARD,DRD2,DRD3"
Process,GO:0001959,Regulation of cytokine-mediated signaling pathway,9,152,1.03e-06,4.01e-05,"PPARG,ADAM17,PTPN2,PTPN1,IL6,NR1H4,NR1H3,PTPN11,NR1H2"
Process,GO:0009056,Catabolic process,32,1976,1.05e-06,4.08e-05,"STS,CYP27B1,CTSD,CYP2C9,MAPK3,BCHE,SLC6A3,SRD5A1,ACE,ACHE,GLUL,PPARD,NOS2,PDE2A,HSP90AA1,NR1I2,PDE4D,CTSB,AKR1B10,DRD2,HSD11B1,CYP2C19,ABL1,AKR1C3,DRD3,CYP19A1,PDE7A,EPHX2,HTR2A,SRD5A2,CYP2D6,CES2"
Process,GO:0008283,Cell population proliferation,18,712,1.07e-06,4.17e-05,"MAPK1,FLT3,RORA,KDR,EGFR,ACE,CDC25A,GLUL,PPARD,PTGES,DRD2,ABL1,AR,IL6,CHEK1,ESR1,PIK3CG,ABCB1"
Process,GO:0051966,"Regulation of synaptic transmission, glutamatergic",7,76,1.09e-06,4.25e-05,"GLUL,DRD2,PTGS2,DRD3,NTRK1,HTR2A,ADORA2A"
Process,GO:0006702,Androgen biosynthetic process,4,9,1.13e-06,4.39e-05,"SRD5A1,CYP17A1,HSD17B3,SRD5A2"
Process,GO:0019371,Cyclooxygenase pathway,4,9,1.13e-06,4.39e-05,"PTGS1,PTGS2,AKR1C3,TBXAS1"
Process,GO:0044597,Daunorubicin metabolic process,4,9,1.13e-06,4.39e-05,"AKR1B10,AKR1C3,AKR1C2,AKR1C1"
Process,GO:0006979,Response to oxidative stress,13,368,1.15e-06,4.4e-05,"MAPK1,MAPK3,EGFR,SIGMAR1,FABP1,PTGS1,PTGS2,ABL1,AKR1C3,JAK2,G6PD,MAPK8,IL6"
Process,GO:0042220,Response to cocaine,6,47,1.15e-06,4.42e-05,"SLC6A3,HSP90AA1,DRD2,DRD3,OPRM1,HTR2A"
Process,GO:0019538,Protein metabolic process,49,3910,1.26e-06,4.81e-05,"MAPK1,CSNK2A1,MAPK14,CTSD,FLT3,CDC25B,CHRM3,MAPK3,KDR,BCHE,CDK2,EGFR,NPC1L1,ACE,ACHE,CDC25A,GLUL,F2,PLG,ADAM17,PPARD,PTPN2,PRKDC,MET,BACE1,NOS2,HSP90AA1,DYRK1A,CTSB,TOP1,PTPN1,ABL1,PLAU,F10,PIK3CD,RPS6KA3,JAK2,MAPK8,PPARA,CHEK1,FGFR1,PIK3CG,NTRK1,TYK2,JAK3,HTR2A,NR1H4,PTPN11,PREP"
Process,GO:0035094,Response to nicotine,6,48,1.29e-06,4.92e-05,"MAPK1,SLC6A3,DRD2,GABBR1,PPARA,NTRK1"
Process,GO:0014068,Positive regulation of phosphatidylinositol 3-kinase signaling,7,79,1.39e-06,5.28e-05,"FLT3,KDR,F2,PPARD,JAK2,FGFR1,NTRK1"
Process,GO:0044598,Doxorubicin metabolic process,4,10,1.58e-06,5.96e-05,"AKR1B10,AKR1C3,AKR1C2,AKR1C1"
Process,GO:0060397,Growth hormone receptor signaling pathway via JAK-STAT,4,10,1.58e-06,5.96e-05,"PTPN1,JAK2,TYK2,JAK3"
Process,GO:0009314,Response to radiation,14,444,1.59e-06,5.97e-05,"MAPK14,POLB,EGFR,HMGCR,CDC25A,PRKDC,BACE1,DRD2,PTGS2,DRD3,MAPK8,CHEK1,OPRM1,NTRK1"
Process,GO:0006633,Fatty acid biosynthetic process,8,119,1.71e-06,6.37e-05,"CYP2C9,PTGES,PTGS1,PTGS2,ALOX5,AKR1C3,TBXAS1,CYP2D6"
Process,GO:0060429,Epithelium development,22,1069,1.78e-06,6.61e-05,"MAPK1,NR3C1,KDR,EGFR,CA2,PPARG,ADAM17,PRKDC,MET,PGR,PDE2A,PDE4D,CTSB,ABL1,AR,CA9,AKR1C3,AKR1C2,AKR1C1,JAK2,ESR1,NTRK1"
Process,GO:0009894,Regulation of catabolic process,21,988,1.92e-06,7.1e-05,"CYP51A1,CSNK2A1,MAPK14,MAPK3,KDR,CDK2,EGFR,ADRA2A,HMGCR,FABP1,MET,NOS2,HSP90AA1,SREBF2,PTPN1,ABL1,MAPK8,PPARA,IL6,PIK3CG,HTR2A"
Process,GO:0040008,Regulation of growth,17,671,2.14e-06,7.86e-05,"CSNK2A1,CYP27B1,MAPK14,SLC6A4,SLC6A3,EGFR,PPARG,F2,ADAM17,PPARD,ESR2,DRD2,ABL1,AR,RPS6KA3,G6PD,PPARA"
Process,GO:0060020,Bergmann glial cell differentiation,4,11,2.14e-06,7.86e-05,"MAPK1,MAPK3,ABL1,PTPN11"
Process,GO:0006937,Regulation of muscle contraction,9,167,2.15e-06,7.88e-05,"CHRM3,ADRA2A,HSP90AA1,PDE4D,PTGS2,TACR2,ADRA2C,CHRM2,PIK3CG"
Process,GO:0043536,Positive regulation of blood vessel endothelial cell migration,6,53,2.19e-06,7.99e-05,"KDR,PLG,ADAM17,PTGS2,ABL1,FGFR1"
Process,GO:1904892,Regulation of receptor signaling pathway via STAT,7,85,2.2e-06,8.01e-05,"PPARG,F2,PTPN2,JAK2,IL6,TYK2,JAK3"
Process,GO:0031669,Cellular response to nutrient levels,10,217,2.22e-06,8.05e-05,"MAPK1,MAPK3,SRD5A1,PPARG,GLUL,SREBF2,AKR1C3,MAPK8,PPARA,NR1H4"
Process,GO:0046889,Positive regulation of lipid biosynthetic process,7,86,2.37e-06,8.56e-05,"SREBF2,PTGS2,PPARA,HTR2A,NR1H4,NR1H3,NR1H2"
Process,GO:0045471,Response to ethanol,8,126,2.55e-06,9.21e-05,"POLB,SLC6A3,DRD2,GABBR1,G6PD,PPARA,TBXAS1,OPRM1"
Process,GO:0015909,Long-chain fatty acid transport,6,55,2.67e-06,9.61e-05,"FABP4,PPARG,ACE,FABP1,DRD2,DRD3"
Process,GO:0060191,Regulation of lipase activity,7,88,2.73e-06,9.81e-05,"EGFR,ABL1,FGFR1,ESR1,HTR2A,NR1H3,NR1H2"
Process,GO:0006954,Inflammatory response,15,538,2.89e-06,0.0001,"ADORA3,POLB,ADRA2A,F2,NOS2,PTGS1,PTGS2,ALOX5,PIK3CD,JAK2,IL6,OPRM1,PIK3CG,NR1H4,ADORA2A"
Process,GO:0030098,Lymphocyte differentiation,11,279,2.9e-06,0.0001,"FLT3,RORA,ADAM17,PTPN2,PRKDC,RORC,ABL1,PIK3CD,IL6,NTRK1,JAK3"
Process,GO:0030879,Mammary gland development,8,128,2.85e-06,0.0001,"MAPK1,NR3C1,SLC6A3,PGR,AR,JAK2,CYP19A1,ESR1"
Process,GO:0043951,Negative regulation of cAMP-mediated signaling,4,12,2.84e-06,0.0001,"PDE2A,PDE4D,PDE3A,OPRM1"
Process,GO:1900015,Regulation of cytokine production involved in inflammatory response,6,56,2.94e-06,0.0001,"MAPK14,F2,NOS2,ALOX5,PPARA,IL6"
Process,GO:0008406,Gonad development,10,226,3.14e-06,0.00011,"KDR,SRD5A1,ACE,PGR,AR,AKR1C3,CYP19A1,ESR1,NTRK1,SRD5A2"
Process,GO:0043535,Regulation of blood vessel endothelial cell migration,7,90,3.14e-06,0.00011,"KDR,PPARG,PLG,ADAM17,PTGS2,ABL1,FGFR1"
Process,GO:0002444,Myeloid leukocyte mediated immunity,6,58,3.55e-06,0.00012,"ACE,F2,ADAM17,PIK3CD,IL6,PIK3CG"
Process,GO:0009636,Response to toxic substance,10,229,3.51e-06,0.00012,"SLC6A4,SRD5A1,FABP1,PTGES,AKR1B10,PTGS1,DRD2,PTGS2,EPHX2,ABCB1"
Process,GO:0032309,Icosanoid secretion,5,31,3.33e-06,0.00012,"ACE,NOS2,DRD2,PTGS2,DRD3"
Process,GO:0050714,Positive regulation of protein secretion,8,131,3.36e-06,0.00012,"PPARG,ACHE,GLUL,PPARD,JAK2,NR1H4,ADORA2A,NR1H2"
Process,GO:0008219,Cell death,22,1118,3.64e-06,0.00013,"MAPK1,CSNK2A1,MAPK14,NR3C1,MAPK3,POLB,SIGMAR1,PPARD,PRKDC,HSP90AA1,PDE3A,TOP1,ABL1,RPS6KA3,JAK2,IL6,CHEK1,TOP2A,PIK3CG,NTRK1,HTR2A,ADORA2A"
Process,GO:0010745,Negative regulation of macrophage derived foam cell differentiation,4,13,3.7e-06,0.00013,"PPARG,PPARA,NR1H3,NR1H2"
Process,GO:0033604,Negative regulation of catecholamine secretion,4,13,3.7e-06,0.00013,"ADRA2A,DRD2,GABBR1,ADRA2C"
Process,GO:0045907,Positive regulation of vasoconstriction,5,32,3.83e-06,0.00013,"ACE,PTGS2,ABL1,TBXAS1,HTR2A"
Process,GO:0060627,Regulation of vesicle-mediated transport,15,551,3.84e-06,0.00013,"MAPK1,MAPK3,ADRA2A,PPARG,BACE1,CACNA1H,DRD2,PTPN1,ABL1,DRD3,CHRM2,HTR2A,NR1H3,ADORA2A,NR1H2"
Process,GO:0019725,Cellular homeostasis,16,628,4.07e-06,0.00014,"MAPK1,ATP12A,SLC6A2,MAPK3,CA2,ACE,F2,PLG,NOS2,DRD2,DRD3,HCRTR1,IL6,TBXAS1,HTR2A,NR1H4"
Process,GO:0046928,Regulation of neurotransmitter secretion,7,94,4.12e-06,0.00014,"ADRA2A,BACE1,DRD2,TACR2,CHRM2,HTR2A,ADORA2A"
Process,GO:0050806,Positive regulation of synaptic transmission,8,135,4.15e-06,0.00014,"MAPK1,CA2,GLUL,DRD2,PTGS2,TACR2,NTRK1,ADORA2A"
Process,GO:0046165,Alcohol biosynthetic process,7,95,4.4e-06,0.00015,"CYP51A1,CYP27B1,HMGCR,NPC1L1,CYP11B1,CACNA1H,G6PD"
Process,GO:0060416,Response to growth hormone,5,33,4.39e-06,0.00015,"SRD5A1,PTPN1,JAK2,TYK2,JAK3"
Process,GO:0006940,Regulation of smooth muscle contraction,6,61,4.65e-06,0.00016,"CHRM3,ADRA2A,PTGS2,TACR2,ADRA2C,CHRM2"
Process,GO:0009653,Anatomical structure morphogenesis,33,2229,4.75e-06,0.00016,"MAPK1,MAPK14,NR3C1,RORA,SLC6A4,MAPK3,KDR,POLB,SLC6A3,EGFR,CA2,ACE,GLUL,ADAM17,PRKDC,MET,PGR,CACNA1H,HSP90AA1,DRD2,PTGS2,ABL1,AR,CA9,CYP19A1,PPARA,IL6,FGFR1,ESR1,PIK3CG,NTRK1,ADORA2A,PTPN11"
Process,GO:0014061,Regulation of norepinephrine secretion,4,14,4.73e-06,0.00016,"ADORA3,ADRA2A,ADRA2C,ADORA2A"
Process,GO:0043405,Regulation of MAP kinase activity,9,185,4.78e-06,0.00016,"FLT3,EGFR,ADRA2A,PPARG,HMGCR,PTPN1,FGFR1,PIK3CG,HTR2A"
Process,GO:0045597,Positive regulation of cell differentiation,19,876,4.74e-06,0.00016,"CYP27B1,MAPK14,KDR,PPARG,ACE,PPARD,PRKDC,PDE3A,DRD2,PTGS2,ABL1,AR,RPS6KA3,JAK2,IL6,ADRA2C,FGFR1,OPRM1,HTR2A"
Process,GO:0061180,Mammary gland epithelium development,6,61,4.65e-06,0.00016,"MAPK1,NR3C1,PGR,AR,JAK2,ESR1"
Process,GO:0007200,Phospholipase C-activating G protein-coupled receptor signaling pathway,7,97,5.01e-06,0.00017,"ADRA2A,DRD2,DRD3,OPRM1,CHRM2,ESR1,HTR2A"
Process,GO:0032368,Regulation of lipid transport,8,139,5.09e-06,0.00017,"PPARG,PTGES,SREBF2,CYP19A1,PPARA,NR1H3,PTPN11,NR1H2"
Process,GO:0050877,Nervous system process,25,1423,5.19e-06,0.00017,"MAPK1,CHRM3,SLC6A4,MAPK3,BCHE,SLC6A3,EGFR,ADRA2A,HMGCR,ACE,BACE1,CACNA1H,HSP90AA1,PTGES,DRD2,PTGS2,ABL1,TACR2,GABBR1,DRD3,OPRM1,CHRM2,NTRK1,HTR2A,ADORA2A"
Process,GO:0071375,Cellular response to peptide hormone stimulus,10,240,5.23e-06,0.00017,"SRD5A1,CA2,PPARG,CYP11B1,PTPN2,PRKDC,PTPN1,JAK2,TYK2,JAK3"
Process,GO:1902893,Regulation of miRNA transcription,6,62,5.08e-06,0.00017,"NR3C1,PPARG,PPARD,SREBF2,PPARA,NR1H2"
Process,GO:0051094,Positive regulation of developmental process,24,1332,5.45e-06,0.00018,"CYP27B1,MAPK14,KDR,SLC6A3,PPARG,ACE,PPARD,PRKDC,PDE3A,DRD2,PTGS2,ABL1,ALOX5,AR,PIK3CD,RPS6KA3,JAK2,IL6,ADRA2C,FGFR1,OPRM1,NTRK1,HTR2A,NR1H4"
Process,GO:0070542,Response to fatty acid,6,63,5.53e-06,0.00018,"PTGS2,AKR1C3,AKR1C2,AKR1C1,TBXAS1,NR1H4"
Process,GO:0046777,Protein autophosphorylation,9,189,5.64e-06,0.00019,"FLT3,MAPK3,KDR,EGFR,DYRK1A,ABL1,JAK2,FGFR1,NTRK1"
Process,GO:1901653,Cellular response to peptide,11,302,6.01e-06,0.0002,"SRD5A1,CA2,PPARG,CYP11B1,PTPN2,PRKDC,BACE1,PTPN1,JAK2,TYK2,JAK3"
Process,GO:2000300,Regulation of synaptic vesicle exocytosis,6,64,6.02e-06,0.0002,"ADRA2A,BACE1,DRD2,CHRM2,HTR2A,ADORA2A"
Process,GO:0071276,Cellular response to cadmium ion,5,36,6.45e-06,0.00021,"MAPK1,MAPK3,EGFR,AKR1C3,MAPK8"
Process,GO:0071384,Cellular response to corticosteroid stimulus,6,65,6.54e-06,0.00021,"NR3C1,FLT3,SRD5A1,ACE,AKR1C3,JAK2"
Process,GO:0018105,Peptidyl-serine phosphorylation,9,193,6.63e-06,0.00022,"MAPK1,CSNK2A1,MAPK14,CDK2,PRKDC,DYRK1A,TOP1,RPS6KA3,MAPK8"
Process,GO:0031326,Regulation of cellular biosynthetic process,49,4143,6.84e-06,0.00022,"MAPK1,CYP27B1,MAPK14,NR3C1,ADORA3,FABP4,RORA,KCNH2,MAPK3,CDK2,EGFR,PPARG,PPARD,PTPN2,PRKDC,MET,PGR,RORC,NOS2,PDE2A,HSP90AA1,NR1I2,DYRK1A,ESR2,NR3C2,SREBF2,DRD2,PTGS2,NR1I3,ABL1,AR,RPS6KA3,AKR1C3,JAK2,DRD3,MAPK8,PPARA,IL6,CHEK1,OPRM1,ESR1,TOP2A,NTRK1,JAK3,HTR2A,NR1H4,NR1H3,ADORA2A,NR1H2"
Process,GO:0007584,Response to nutrient,8,147,7.53e-06,0.00024,"CYP27B1,SLC6A4,BCHE,PPARG,PPARD,PTGS2,AKR1C3,NR1H4"
Process,GO:0042593,Glucose homeostasis,9,196,7.47e-06,0.00024,"ADRA2A,PPARG,ACE,CYP11B1,PTPN2,ALOX5,IL6,NR1H4,PTPN11"
Process,GO:0046321,Positive regulation of fatty acid oxidation,4,16,7.41e-06,0.00024,"PPARG,FABP1,PPARD,PPARA"
Process,GO:0022612,Gland morphogenesis,7,104,7.71e-06,0.00025,"NR3C1,POLB,EGFR,PGR,AR,IL6,ESR1"
Process,GO:0060193,Positive regulation of lipase activity,6,67,7.69e-06,0.00025,"EGFR,FGFR1,ESR1,HTR2A,NR1H3,NR1H2"
Process,GO:0043271,Negative regulation of ion transport,8,149,8.27e-06,0.00026,"KCNH2,ADRA2A,ACE,DRD2,PTGS2,GABBR1,DRD3,HTR2A"
Process,GO:0007586,Digestion,7,106,8.68e-06,0.00028,"CHRM3,ADRA2A,NPC1L1,FABP1,AKR1C2,AKR1C1,DRD3"
Process,GO:1904035,Regulation of epithelial cell apoptotic process,7,106,8.68e-06,0.00028,"KDR,ABL1,AKR1C3,JAK2,PPARA,IL6,ESR1"
Process,GO:0007204,Positive regulation of cytosolic calcium ion concentration,9,201,9.07e-06,0.00029,"DRD2,ABL1,JAK2,DRD3,OPRM1,ESR1,PIK3CG,JAK3,HTR2A"
Process,GO:0008016,Regulation of heart contraction,9,201,9.07e-06,0.00029,"ADORA3,KCNH2,CACNA1H,HSP90AA1,PDE4D,DRD2,JAK2,CHRM2,PIK3CG"
Process,GO:0008210,Estrogen metabolic process,5,39,9.2e-06,0.00029,"HSD17B1,CYP2C9,UGT2B7,CYP19A1,CYP2D6"
Process,GO:0071395,Cellular response to jasmonic acid stimulus,3,4,9.03e-06,0.00029,"AKR1C3,AKR1C2,AKR1C1"
Process,GO:0043627,Response to estrogen,6,71,1.05e-05,0.00033,"CYP27B1,SRD5A1,PPARG,HSP90AA1,AR,ESR1"
Process,GO:0071900,Regulation of protein serine/threonine kinase activity,12,386,1.06e-05,0.00033,"FLT3,EGFR,ADRA2A,PPARG,HMGCR,CDC25A,ADAM17,PTPN1,ABL1,FGFR1,PIK3CG,HTR2A"
Process,GO:0030540,Female genitalia development,4,18,1.11e-05,0.00034,"SRD5A1,CYP19A1,ESR1,SRD5A2"
Process,GO:0042594,Response to starvation,9,206,1.1e-05,0.00034,"MAPK1,MAPK3,SRD5A1,PPARG,GLUL,SREBF2,AKR1C3,MAPK8,PPARA"
Process,GO:0032922,Circadian regulation of gene expression,6,72,1.13e-05,0.00035,"RORA,RORC,TOP1,DRD2,DRD3,PPARA"
Process,GO:0045596,Negative regulation of cell differentiation,16,685,1.18e-05,0.00037,"MAPK1,RORA,SLC6A4,EGFR,PPARG,F2,PPARD,PTPN2,DRD3,G6PD,PPARA,IL6,JAK3,NR1H3,PTPN11,NR1H2"
Process,GO:0022600,Digestive system process,6,73,1.22e-05,0.00038,"CHRM3,ADRA2A,NPC1L1,FABP1,AKR1C1,DRD3"
Process,GO:0043086,Negative regulation of catalytic activity,17,771,1.28e-05,0.00039,"CSNK2A1,CYP27B1,FABP4,PPARG,HMGCR,FABP1,PTPN2,SERPINA6,CTSB,DRD2,PTGS2,PTPN1,ABL1,GABBR1,RPS6KA3,DRD3,ADORA2A"
Process,GO:1900274,Regulation of phospholipase C activity,5,42,1.28e-05,0.00039,"EGFR,ABL1,FGFR1,ESR1,HTR2A"
Process,GO:0035813,Regulation of renal sodium excretion,4,19,1.33e-05,0.00041,"ACE,DRD2,DRD3,ADORA2A"
Process,GO:0099565,"Chemical synaptic transmission, postsynaptic",7,114,1.36e-05,0.00042,"CHRM3,DRD2,GABBR1,DRD3,OPRM1,CHRM2,ADORA2A"
Process,GO:0001960,Negative regulation of cytokine-mediated signaling pathway,6,75,1.41e-05,0.00043,"PPARG,PTPN2,IL6,NR1H4,NR1H3,NR1H2"
Process,GO:0045429,Positive regulation of nitric oxide biosynthetic process,5,43,1.42e-05,0.00043,"HSP90AA1,PTGS2,JAK2,OPRM1,ESR1"
Process,GO:0098926,Postsynaptic signal transduction,5,43,1.42e-05,0.00043,"CHRM3,ACHE,JAK2,OPRM1,CHRM2"
Process,GO:0032811,Negative regulation of epinephrine secretion,3,5,1.44e-05,0.00044,"ADRA2A,GABBR1,ADRA2C"
Process,GO:0034650,Cortisol metabolic process,3,5,1.44e-05,0.00044,"CYP11B1,HSD11B2,CACNA1H"
Process,GO:0035624,Receptor transactivation,3,5,1.44e-05,0.00044,"ADRA2A,ADAM17,ADRA2C"
Process,GO:0043406,Positive regulation of MAP kinase activity,7,116,1.51e-05,0.00046,"FLT3,EGFR,ADRA2A,PTPN1,FGFR1,PIK3CG,HTR2A"
Process,GO:0043523,Regulation of neuron apoptotic process,9,216,1.58e-05,0.00047,"NR3C1,KDR,SIGMAR1,BACE1,ABL1,JAK2,G6PD,NTRK1,ADORA2A"
Process,GO:0006725,Cellular aromatic compound metabolic process,38,2936,1.68e-05,0.0005,"MAPK1,MAPK14,RORA,MAPK3,BCHE,POLB,CDK2,SLC6A3,SRD5A1,ADRA2A,PPARG,HMGCR,PRKDC,PDE2A,HSP90AA1,PDE4D,CTSB,AKR1B10,TOP1,DRD2,ABL1,AR,POLA1,AKR1C3,AKR1C2,AKR1C1,JAK2,DRD3,PDE7A,CHEK1,ESR1,TOP2A,EPHX2,HTR2A,NR1H4,SRD5A2,NR1H3,CYP2D6"
Process,GO:0045861,Negative regulation of proteolysis,11,339,1.71e-05,0.00051,"CSNK2A1,FABP1,F2,SERPINA6,CTSB,PTGS2,PLAU,RPS6KA3,NR1H3,ADORA2A,NR1H2"
Process,GO:0000165,MAPK cascade,9,219,1.75e-05,0.00052,"MAPK1,MAPK14,MAPK3,KDR,EGFR,ABL1,AR,MAPK8,FGFR1"
Process,GO:0018107,Peptidyl-threonine phosphorylation,6,78,1.73e-05,0.00052,"MAPK1,CSNK2A1,PRKDC,DYRK1A,MAPK8,CHEK1"
Process,GO:0046425,Regulation of receptor signaling pathway via JAK-STAT,6,78,1.73e-05,0.00052,"F2,PTPN2,JAK2,IL6,TYK2,JAK3"
Process,GO:0046661,Male sex differentiation,8,168,1.9e-05,0.00056,"SRD5A1,ACE,AR,HSD17B3,AKR1C3,ESR1,NTRK1,SRD5A2"
Process,GO:0009267,Cellular response to starvation,8,169,1.98e-05,0.00058,"MAPK1,MAPK3,SRD5A1,GLUL,SREBF2,AKR1C3,MAPK8,PPARA"
Process,GO:0032355,Response to estradiol,7,121,1.96e-05,0.00058,"SLC6A4,SRD5A1,EGFR,ESR2,PTGS2,CYP19A1,ESR1"
Process,GO:0050673,Epithelial cell proliferation,8,170,2.06e-05,0.0006,"MAPK1,KDR,EGFR,PPARD,DRD2,AR,IL6,ESR1"
Process,GO:0016098,Monoterpenoid metabolic process,3,6,2.15e-05,0.00063,"CYP2C9,CYP2C19,CYP2D6"
Process,GO:0030217,T cell differentiation,8,171,2.15e-05,0.00063,"RORA,ADAM17,PTPN2,PRKDC,RORC,ABL1,PIK3CD,IL6"
Process,GO:0051583,Dopamine uptake involved in synaptic transmission,3,6,2.15e-05,0.00063,"SLC6A2,SLC6A3,DRD2"
Process,GO:0060745,Mammary gland branching involved in pregnancy,3,6,2.15e-05,0.00063,"PGR,AR,ESR1"
Process,GO:0071321,Cellular response to cGMP,3,6,2.15e-05,0.00063,"SLC6A4,PDE2A,PDE3A"
Process,GO:0015844,Monoamine transport,4,22,2.22e-05,0.00064,"SLC6A2,SLC6A4,SLC6A3,DRD2"
Process,GO:0046697,Decidualization,4,22,2.22e-05,0.00064,"CYP27B1,PPARD,CTSB,PTGS2"
Process,GO:0050920,Regulation of chemotaxis,9,227,2.3e-05,0.00066,"MAPK1,MAPK3,KDR,ADAM17,PTPN2,MET,CYP19A1,IL6,FGFR1"
Process,GO:0002673,Regulation of acute inflammatory response,5,49,2.54e-05,0.00073,"PPARG,PTGES,PTGS2,IL6,PIK3CG"
Process,GO:0042982,Amyloid precursor protein metabolic process,4,23,2.59e-05,0.00074,"ACHE,ADAM17,BACE1,DYRK1A"
Process,GO:0098810,Neurotransmitter reuptake,4,23,2.59e-05,0.00074,"SLC6A2,SLC6A4,SLC6A3,DRD2"
Process,GO:0012501,Programmed cell death,20,1084,2.66e-05,0.00076,"MAPK1,CSNK2A1,MAPK14,NR3C1,MAPK3,POLB,PPARD,PRKDC,HSP90AA1,PDE3A,TOP1,ABL1,RPS6KA3,JAK2,IL6,CHEK1,TOP2A,PIK3CG,NTRK1,ADORA2A"
Process,GO:0001558,Regulation of cell growth,12,428,2.86e-05,0.00081,"CSNK2A1,CYP27B1,EGFR,PPARG,F2,ADAM17,PPARD,ESR2,ABL1,RPS6KA3,G6PD,PPARA"
Process,GO:0030162,Regulation of proteolysis,16,739,2.92e-05,0.00083,"CSNK2A1,CTSD,CDK2,ADRA2A,PPARG,FABP1,F2,SERPINA6,CTSB,PTGS2,PLAU,RPS6KA3,JAK2,NR1H3,ADORA2A,NR1H2"
Process,GO:0030539,Male genitalia development,4,24,3.01e-05,0.00085,"SRD5A1,AR,HSD17B3,SRD5A2"
Process,GO:0031349,Positive regulation of defense response,10,296,3.02e-05,0.00085,"FABP4,MAPK3,ACE,PRKDC,PDE2A,HSP90AA1,PTGS2,JAK2,IL6,PIK3CG"
Process,GO:0006704,Glucocorticoid biosynthetic process,3,7,3.05e-05,0.00086,"CYP11B1,CACNA1H,CYP17A1"
Process,GO:0019748,Secondary metabolic process,5,51,3.04e-05,0.00086,"AKR1B10,AKR1C3,AKR1C2,AKR1C1,CYP2D6"
Process,GO:0032222,"Regulation of synaptic transmission, cholinergic",3,7,3.05e-05,0.00086,"ACHE,TACR2,ADORA2A"
Process,GO:0034765,Regulation of ion transmembrane transport,13,504,3.05e-05,0.00086,"CHRM3,KCNH2,ADRA2A,F2,CACNA1H,PDE4D,DRD2,ABL1,DRD3,G6PD,OPRM1,PIK3CG,ABCB1"
Process,GO:0035270,Endocrine system development,7,130,3.04e-05,0.00086,"MAPK1,NR3C1,MAPK3,SLC6A3,SRD5A1,DRD2,IL6"
Process,GO:0016101,Diterpenoid metabolic process,6,88,3.29e-05,0.00092,"SRD5A1,PPARD,AKR1B10,AKR1C3,AKR1C1,CYP2D6"
Process,GO:0045088,Regulation of innate immune response,9,238,3.29e-05,0.00092,"PPARG,PTPN2,PRKDC,HSP90AA1,DRD2,PTPN1,NR1H3,PTPN11,NR1H2"
Process,GO:2000243,Positive regulation of reproductive process,6,88,3.29e-05,0.00092,"CDC25B,CDC25A,CACNA1H,PDE3A,TACR2,AR"
Process,GO:0002446,Neutrophil mediated immunity,4,25,3.47e-05,0.00096,"ACE,F2,ADAM17,IL6"
Process,GO:0042178,Xenobiotic catabolic process,4,25,3.47e-05,0.00096,"CYP2C9,NR1I2,CYP2C19,CYP2D6"
Process,GO:0042326,Negative regulation of phosphorylation,11,368,3.56e-05,0.00098,"FABP4,PPARG,HMGCR,PTPN2,PRKDC,PDE4D,DRD2,PTPN1,ABL1,PPARA,ADORA2A"
Process,GO:0031281,Positive regulation of cyclase activity,5,53,3.61e-05,0.001,"MAPK14,ADORA3,MAPK3,NOS2,MAPK8"
Process,GO:0098771,Inorganic ion homeostasis,13,514,3.72e-05,0.001,"MAPK1,ATP12A,CYP27B1,KCNH2,MAPK3,KDR,CA2,F2,DRD2,DRD3,HCRTR1,TBXAS1,HTR2A"
Process,GO:1903169,Regulation of calcium ion transmembrane transport,8,186,3.82e-05,0.001,"ADRA2A,F2,PDE4D,DRD2,ABL1,DRD3,G6PD,PIK3CG"
Process,GO:0006810,Transport,44,3785,4.09e-05,0.0011,"MAPK1,ATP12A,SLC6A2,CYP27B1,MAPK14,CHRM3,FABP4,SLC6A4,KCNH2,MAPK3,CDK2,SLC6A3,EGFR,SIGMAR1,ADRA2A,CA2,PPARG,NPC1L1,ACE,FABP1,ACHE,PPARD,MET,NOS2,CACNA1H,HSP90AA1,NR1I2,DRD2,PTGS2,ABL1,TACR2,PIK3CD,CA9,AKR1C1,DRD3,MAPK8,IL6,OPRM1,PIK3CG,GC,HTR2A,NR1H3,ABCB1,ADORA2A"
Process,GO:0006975,DNA damage induced protein phosphorylation,3,8,4.18e-05,0.0011,"MAPK3,ABL1,CHEK1"
Process,GO:0007197,Adenylate cyclase-inhibiting G protein-coupled acetylcholine receptor signaling pathway,3,8,4.18e-05,0.0011,"CHRM3,OPRM1,CHRM2"
Process,GO:0046903,Secretion,13,520,4.18e-05,0.0011,"CHRM3,SLC6A3,CA2,ACE,NOS2,DRD2,PTGS2,TACR2,PIK3CD,CA9,DRD3,IL6,PIK3CG"
Process,GO:0002064,Epithelial cell development,8,190,4.41e-05,0.0012,"KDR,MET,PGR,PDE2A,PDE4D,AR,ESR1,NTRK1"
Process,GO:1901361,Organic cyclic compound catabolic process,11,377,4.4e-05,0.0012,"STS,CYP27B1,SLC6A3,SRD5A1,PDE2A,PDE4D,HSD11B1,CYP19A1,PDE7A,EPHX2,SRD5A2"
Process,GO:0006915,Apoptotic process,19,1041,4.99e-05,0.0013,"MAPK1,CSNK2A1,MAPK14,NR3C1,MAPK3,POLB,PPARD,PRKDC,HSP90AA1,PDE3A,ABL1,RPS6KA3,JAK2,IL6,CHEK1,TOP2A,PIK3CG,NTRK1,ADORA2A"
Process,GO:0009890,Negative regulation of biosynthetic process,25,1622,4.62e-05,0.0013,"CYP27B1,NR3C1,FABP4,CDK2,PPARG,PPARD,PTPN2,RORC,PDE2A,NR1I2,ESR2,SREBF2,NR1I3,AR,AKR1C3,DRD3,PPARA,IL6,CHEK1,OPRM1,ESR1,JAK3,NR1H4,NR1H3,NR1H2"
Process,GO:0043170,Macromolecule metabolic process,59,5781,4.84e-05,0.0013,"MAPK1,CSNK2A1,MAPK14,CTSD,FLT3,CDC25B,CHRM3,MAPK3,KDR,BCHE,POLB,CDK2,EGFR,ADRA2A,PPARG,NPC1L1,ACE,ACHE,CDC25A,GLUL,F2,PLG,ADAM17,PPARD,PTPN2,PRKDC,MET,BACE1,NOS2,HSP90AA1,DYRK1A,CTSB,TOP1,PTPN1,ABL1,PLAU,AR,F10,PIK3CD,POLA1,RPS6KA3,AKR1C3,JAK2,MAPK8,PPARA,IL6,CHEK1,FGFR1,ESR1,TOP2A,PIK3CG,NTRK1,TYK2,JAK3,HTR2A,NR1H4,NR1H3,PTPN11,PREP"
Process,GO:0000086,G2/M transition of mitotic cell cycle,5,58,5.4e-05,0.0014,"CDC25B,CDK2,CDC25A,CHEK1,ABCB1"
Process,GO:0032740,Positive regulation of interleukin-17 production,4,28,5.18e-05,0.0014,"JAK2,IL6,TYK2,NR1H4"
Process,GO:0046649,Lymphocyte activation,12,457,5.3e-05,0.0014,"FLT3,RORA,ADAM17,PTPN2,PRKDC,RORC,ABL1,PIK3CD,IL6,PIK3CG,NTRK1,JAK3"
Process,GO:0090277,Positive regulation of peptide hormone secretion,6,96,5.22e-05,0.0014,"GLUL,PPARD,DRD2,GABBR1,JAK2,NR1H4"
Process,GO:0019933,cAMP-mediated signaling,4,29,5.87e-05,0.0015,"PDE2A,PDE4D,PDE3A,PDE7A"
Process,GO:0030168,Platelet activation,6,97,5.52e-05,0.0015,"MAPK14,ADRA2A,F2,IL6,ADRA2C,PIK3CG"
Process,GO:0030855,Epithelial cell differentiation,14,617,5.84e-05,0.0015,"KDR,PPARG,MET,PGR,PDE2A,PDE4D,CTSB,ABL1,AR,AKR1C3,AKR1C2,AKR1C1,ESR1,NTRK1"
Process,GO:0048872,Homeostasis of number of cells,9,256,5.67e-05,0.0015,"FLT3,POLB,PTPN2,ABL1,JAK2,G6PD,IL6,JAK3,PTPN11"
Process,GO:0050905,Neuromuscular process,7,144,5.66e-05,0.0015,"SLC6A3,BACE1,HSP90AA1,DRD2,ABL1,DRD3,ADORA2A"
Process,GO:2000377,Regulation of reactive oxygen species metabolic process,7,143,5.43e-05,0.0015,"MAPK14,F2,ALOX5,AKR1C3,AKR1C1,G6PD,PPARA"
Process,GO:0008584,Male gonad development,7,145,5.9e-05,0.0016,"SRD5A1,ACE,AR,AKR1C3,ESR1,NTRK1,SRD5A2"
Process,GO:0031329,Regulation of cellular catabolic process,16,789,6.27e-05,0.0016,"CSNK2A1,MAPK14,MAPK3,KDR,CDK2,ADRA2A,FABP1,MET,SREBF2,PTPN1,ABL1,MAPK8,PPARA,IL6,PIK3CG,HTR2A"
Process,GO:0045927,Positive regulation of growth,9,259,6.19e-05,0.0016,"CSNK2A1,MAPK14,SLC6A3,EGFR,F2,ADAM17,PPARD,DRD2,RPS6KA3"
Process,GO:0050729,Positive regulation of inflammatory response,7,145,5.9e-05,0.0016,"FABP4,ACE,PDE2A,PTGS2,JAK2,IL6,PIK3CG"
Process,GO:0061097,Regulation of protein tyrosine kinase activity,6,99,6.14e-05,0.0016,"EGFR,ADRA2A,ACE,ADAM17,PTPN2,PTPN1"
Process,GO:1901214,Regulation of neuron death,10,324,6.3e-05,0.0016,"NR3C1,KDR,SIGMAR1,BACE1,ABL1,JAK2,G6PD,PPARA,NTRK1,ADORA2A"
Process,GO:0000122,Negative regulation of transcription by RNA polymerase II,18,971,6.61e-05,0.0017,"NR3C1,CDK2,PPARG,PPARD,PTPN2,RORC,PDE2A,NR1I2,ESR2,SREBF2,NR1I3,AR,DRD3,PPARA,ESR1,NR1H4,NR1H3,NR1H2"
Process,GO:0001933,Negative regulation of protein phosphorylation,10,326,6.62e-05,0.0017,"FABP4,PPARG,HMGCR,PTPN2,PRKDC,PDE4D,DRD2,PTPN1,ABL1,ADORA2A"
Process,GO:0032369,Negative regulation of lipid transport,4,30,6.61e-05,0.0017,"SREBF2,NR1H3,PTPN11,NR1H2"
Process,GO:0035295,Tube development,17,880,6.56e-05,0.0017,"MAPK1,MAPK14,NR3C1,RORA,MAPK3,KDR,EGFR,ACE,GLUL,MET,PGR,HSD11B1,PTGS2,ABL1,AR,ESR1,PIK3CG"
Process,GO:0048708,Astrocyte differentiation,5,61,6.76e-05,0.0017,"MAPK1,MAPK3,ABL1,ADORA2A,PTPN11"
Process,GO:0050921,Positive regulation of chemotaxis,7,147,6.41e-05,0.0017,"MAPK1,MAPK3,KDR,ADAM17,MET,IL6,FGFR1"
Process,GO:0007612,Learning,7,149,6.96e-05,0.0018,"BCHE,HMGCR,DRD2,PTGS2,ABL1,TACR2,DRD3"
Process,GO:0009895,Negative regulation of catabolic process,10,329,7.13e-05,0.0018,"CYP51A1,CSNK2A1,MAPK14,EGFR,ADRA2A,HMGCR,MET,NOS2,PPARA,PIK3CG"
Process,GO:0030099,Myeloid cell differentiation,9,263,6.93e-05,0.0018,"MAPK14,PPARG,PTPN2,PDE2A,PIK3CD,JAK2,G6PD,JAK3,PTPN11"
Process,GO:0032966,Negative regulation of collagen biosynthetic process,3,10,7.17e-05,0.0018,"PPARG,PPARD,IL6"
Process,GO:0038127,ERBB signaling pathway,5,62,7.27e-05,0.0018,"MAPK1,EGFR,ADAM17,ABL1,PTPN11"
Process,GO:0051967,"Negative regulation of synaptic transmission, glutamatergic",3,10,7.17e-05,0.0018,"DRD2,DRD3,HTR2A"
Process,GO:0072539,T-helper 17 cell differentiation,3,10,7.17e-05,0.0018,"RORA,RORC,IL6"
Process,GO:0080135,Regulation of cellular response to stress,15,712,7.13e-05,0.0018,"MAPK1,MAPK3,EGFR,PTPN2,PRKDC,MET,DYRK1A,PTGS2,PTPN1,ABL1,ALOX5,CHEK1,OPRM1,NR1H3,NR1H2"
Process,GO:1903305,Regulation of regulated secretory pathway,7,150,7.24e-05,0.0018,"ADRA2A,BACE1,CACNA1H,DRD2,CHRM2,HTR2A,ADORA2A"
Process,GO:0032868,Response to insulin,8,205,7.38e-05,0.0019,"MAPK14,SRD5A1,PPARG,PTPN2,PRKDC,HSD11B2,PTPN1,PPARA"
Process,GO:0043281,Regulation of cysteine-type endopeptidase activity involved in apoptotic process,8,205,7.38e-05,0.0019,"CSNK2A1,CTSD,PPARG,FABP1,PTGS2,RPS6KA3,JAK2,ADORA2A"
Process,GO:0050892,Intestinal absorption,4,31,7.43e-05,0.0019,"ADRA2A,NPC1L1,FABP1,AKR1C1"
Process,GO:0060603,Mammary gland duct morphogenesis,4,31,7.43e-05,0.0019,"NR3C1,PGR,AR,ESR1"
Process,GO:0046394,Carboxylic acid biosynthetic process,9,269,8.19e-05,0.002,"CYP2C9,GLUL,PTGES,PTGS1,PTGS2,ALOX5,AKR1C3,TBXAS1,CYP2D6"
Process,GO:0050679,Positive regulation of epithelial cell proliferation,8,207,7.88e-05,0.002,"KDR,EGFR,GLUL,ADAM17,AR,PIK3CD,FGFR1,GPBAR1"
Process,GO:0007271,"Synaptic transmission, cholinergic",4,32,8.32e-05,0.0021,"CHRM3,ACHE,CHRM2,ADORA2A"
Process,GO:0022407,Regulation of cell-cell adhesion,12,480,8.36e-05,0.0021,"MAPK14,PLG,PTPN2,ABL1,ALOX5,JAK2,PPARA,IL6,TYK2,JAK3,ADORA2A,PTPN11"
Process,GO:0061098,Positive regulation of protein tyrosine kinase activity,5,64,8.37e-05,0.0021,"EGFR,ADRA2A,ACE,ADAM17,PTPN1"
Process,GO:0072359,Circulatory system development,17,901,8.7e-05,0.0021,"MAPK1,MAPK14,RORA,MAPK3,KDR,PPARG,ACE,GLUL,PLG,PPARD,PRKDC,PDE2A,PTGS2,ABL1,PPARA,PIK3CG,PTPN11"
Process,GO:0051926,Negative regulation of calcium ion transport,5,65,8.97e-05,0.0022,"ADRA2A,ACE,DRD2,PTGS2,DRD3"
Process,GO:1900076,Regulation of cellular response to insulin stimulus,5,65,8.97e-05,0.0022,"PPARG,PTPN2,PTPN1,NR1H4,PTPN11"
Process,GO:0006357,Regulation of transcription by RNA polymerase II,33,2586,9.66e-05,0.0023,"MAPK14,NR3C1,RORA,MAPK3,CDK2,EGFR,PPARG,PPARD,PTPN2,PRKDC,MET,PGR,RORC,PDE2A,NR1I2,ESR2,NR3C2,SREBF2,DRD2,NR1I3,ABL1,AR,RPS6KA3,JAK2,DRD3,PPARA,IL6,CHEK1,ESR1,TOP2A,NR1H4,NR1H3,NR1H2"
Process,GO:0015718,Monocarboxylic acid transport,6,108,9.71e-05,0.0023,"ACE,NOS2,DRD2,PTGS2,AKR1C1,DRD3"
Process,GO:0031327,Negative regulation of cellular biosynthetic process,24,1592,9.47e-05,0.0023,"CYP27B1,NR3C1,FABP4,CDK2,PPARG,PPARD,PTPN2,RORC,PDE2A,NR1I2,ESR2,SREBF2,NR1I3,AR,AKR1C3,DRD3,PPARA,CHEK1,OPRM1,ESR1,JAK3,NR1H4,NR1H3,NR1H2"
Process,GO:0032386,Regulation of intracellular transport,10,341,9.5e-05,0.0023,"MAPK1,MAPK14,MAPK3,HSP90AA1,SREBF2,PTGS2,PTPN1,JAK2,MAPK8,PTPN11"
Process,GO:0051968,"Positive regulation of synaptic transmission, glutamatergic",4,33,9.28e-05,0.0023,"GLUL,PTGS2,NTRK1,ADORA2A"
Process,GO:0095500,Acetylcholine receptor signaling pathway,4,33,9.28e-05,0.0023,"CHRM3,ACHE,OPRM1,CHRM2"
Process,GO:2000026,Regulation of multicellular organismal development,22,1389,9.64e-05,0.0023,"CYP27B1,MAPK14,KDR,PPARG,ACE,GLUL,F2,PPARD,PTPN2,PRKDC,DRD2,ABL1,ALOX5,PIK3CD,DRD3,G6PD,PPARA,IL6,OPRM1,NTRK1,JAK3,PTPN11"
Process,GO:0006952,Defense response,22,1394,0.0001,0.0024,"CYP27B1,ADORA3,MAPK3,POLB,ADRA2A,PPARG,F2,ADAM17,PRKDC,NOS2,PTGS1,PTGS2,ALOX5,PIK3CD,JAK2,IL6,OPRM1,PIK3CG,TYK2,JAK3,NR1H4,ADORA2A"
Process,GO:0015849,Organic acid transport,9,278,0.0001,0.0025,"FABP4,PPARG,ACE,FABP1,PPARD,DRD2,AKR1C1,DRD3,ABCB1"
Process,GO:0048008,Platelet-derived growth factor receptor signaling pathway,4,34,0.0001,0.0025,"PTPN1,ABL1,JAK2,PTPN11"
Process,GO:0045600,Positive regulation of fat cell differentiation,5,68,0.00011,0.0026,"MAPK14,PPARG,PPARD,PTGS2,HTR2A"
Process,GO:0019219,Regulation of nucleobase-containing compound metabolic process,45,4074,0.00011,0.0027,"MAPK1,MAPK14,NR3C1,ADORA3,FABP4,RORA,KCNH2,MAPK3,CDK2,EGFR,PPARG,PPARD,PTPN2,PRKDC,MET,PGR,RORC,NOS2,PDE2A,HSP90AA1,NR1I2,DYRK1A,ESR2,NR3C2,PDE3A,SREBF2,DRD2,NR1I3,ABL1,AR,RPS6KA3,JAK2,DRD3,MAPK8,PPARA,IL6,CHEK1,ESR1,TOP2A,NTRK1,HTR2A,NR1H4,NR1H3,ADORA2A,NR1H2"
Process,GO:0035815,Positive regulation of renal sodium excretion,3,12,0.00011,0.0027,"DRD2,DRD3,ADORA2A"
Process,GO:0042447,Hormone catabolic process,3,12,0.00011,0.0027,"SRD5A1,ACE,CYP19A1"
Process,GO:0045321,Leukocyte activation,13,574,0.00011,0.0027,"FLT3,RORA,ADAM17,PTPN2,PRKDC,RORC,ABL1,PIK3CD,JAK2,IL6,PIK3CG,NTRK1,JAK3"
Process,GO:0045787,Positive regulation of cell cycle,10,349,0.00011,0.0027,"CDC25B,SLC6A4,EGFR,CDC25A,ADAM17,DRD2,ABL1,DRD3,CHEK1,PTPN11"
Process,GO:0060736,Prostate gland growth,3,12,0.00011,0.0027,"AR,CYP19A1,ESR1"
Process,GO:0071398,Cellular response to fatty acid,4,35,0.00011,0.0027,"AKR1C3,AKR1C2,AKR1C1,NR1H4"
Process,GO:1905954,Positive regulation of lipid localization,6,111,0.00011,0.0027,"PPARG,PTGES,SREBF2,CYP19A1,NR1H3,NR1H2"
Process,GO:0055080,Cation homeostasis,12,499,0.00012,0.0028,"MAPK1,ATP12A,CYP27B1,KCNH2,MAPK3,KDR,CA2,F2,DRD2,DRD3,HCRTR1,HTR2A"
Process,GO:0006355,"Regulation of transcription, DNA-templated",40,3460,0.00012,0.0029,"MAPK14,NR3C1,ADORA3,FABP4,RORA,KCNH2,MAPK3,CDK2,EGFR,PPARG,PPARD,PTPN2,PRKDC,MET,PGR,RORC,PDE2A,NR1I2,DYRK1A,ESR2,NR3C2,SREBF2,DRD2,NR1I3,ABL1,AR,RPS6KA3,JAK2,DRD3,MAPK8,PPARA,IL6,CHEK1,ESR1,TOP2A,NTRK1,NR1H4,NR1H3,ADORA2A,NR1H2"
Process,GO:0044248,Cellular catabolic process,24,1620,0.00012,0.0029,"CYP27B1,CTSD,CYP2C9,MAPK3,BCHE,SLC6A3,ACE,ACHE,GLUL,PPARD,NOS2,PDE2A,HSP90AA1,NR1I2,PDE4D,AKR1B10,DRD2,CYP2C19,ABL1,AKR1C3,DRD3,PDE7A,EPHX2,CYP2D6"
Process,GO:0050810,Regulation of steroid biosynthetic process,5,70,0.00012,0.0029,"CYP27B1,NR3C1,SREBF2,AKR1C3,NR1H4"
Process,GO:0014059,Regulation of dopamine secretion,4,36,0.00013,0.003,"DRD2,GABBR1,DRD3,HTR2A"
Process,GO:0032965,Regulation of collagen biosynthetic process,4,36,0.00013,0.003,"PPARG,F2,PPARD,IL6"
Process,GO:0046660,Female sex differentiation,6,114,0.00013,0.003,"KDR,SRD5A1,PGR,CYP19A1,ESR1,SRD5A2"
Process,GO:0035239,Tube morphogenesis,14,669,0.00013,0.0031,"MAPK14,NR3C1,RORA,KDR,EGFR,ACE,GLUL,MET,PGR,PTGS2,ABL1,AR,ESR1,PIK3CG"
Process,GO:0051093,Negative regulation of developmental process,17,933,0.00013,0.0031,"MAPK1,RORA,SLC6A4,EGFR,PPARG,F2,PPARD,PTPN2,ALOX5,DRD3,G6PD,PPARA,IL6,JAK3,NR1H3,PTPN11,NR1H2"
Process,GO:0090066,Regulation of anatomical structure size,12,505,0.00013,0.0031,"CHRM3,SLC6A4,ADRA2A,ACE,PPARD,HSP90AA1,PTGS2,ABL1,ADRA2C,TBXAS1,HTR2A,ADORA2A"
Process,GO:0010556,Regulation of macromolecule biosynthetic process,44,3980,0.00014,0.0032,"MAPK1,MAPK14,NR3C1,ADORA3,FABP4,RORA,KCNH2,MAPK3,KDR,CDK2,EGFR,PPARG,PPARD,PTPN2,PRKDC,MET,PGR,RORC,PDE2A,HSP90AA1,NR1I2,DYRK1A,ESR2,NR3C2,SREBF2,DRD2,NR1I3,ABL1,AR,RPS6KA3,JAK2,DRD3,MAPK8,PPARA,IL6,CHEK1,ESR1,TOP2A,NTRK1,JAK3,NR1H4,NR1H3,ADORA2A,NR1H2"
Process,GO:0010874,Regulation of cholesterol efflux,4,37,0.00014,0.0032,"PPARG,SREBF2,NR1H3,NR1H2"
Process,GO:0016042,Lipid catabolic process,9,289,0.00014,0.0032,"STS,CYP27B1,SRD5A1,PPARD,AKR1B10,HSD11B1,AKR1C3,CYP19A1,SRD5A2"
Process,GO:0048148,Behavioral response to cocaine,3,13,0.00014,0.0032,"DRD2,DRD3,HTR2A"
Process,GO:0048646,Anatomical structure formation involved in morphogenesis,17,938,0.00014,0.0032,"MAPK1,MAPK14,RORA,MAPK3,KDR,ACE,GLUL,ADAM17,PRKDC,CACNA1H,PTGS2,ABL1,AR,CYP19A1,PPARA,PIK3CG,PTPN11"
Process,GO:0051918,Negative regulation of fibrinolysis,3,13,0.00014,0.0032,"F2,PLG,PLAU"
Process,GO:0060123,Regulation of growth hormone secretion,3,13,0.00014,0.0032,"DRD2,GABBR1,PTPN11"
Process,GO:0071902,Positive regulation of protein serine/threonine kinase activity,8,226,0.00014,0.0032,"FLT3,EGFR,ADRA2A,ADAM17,PTPN1,FGFR1,PIK3CG,HTR2A"
Process,GO:0002831,Regulation of response to biotic stimulus,10,361,0.00015,0.0034,"MAPK3,PPARG,PTPN2,PRKDC,HSP90AA1,DRD2,PTPN1,NR1H3,PTPN11,NR1H2"
Process,GO:0007399,Nervous system development,29,2188,0.00015,0.0034,"MAPK1,CHRM3,RORA,SLC6A4,MAPK3,BCHE,SLC6A3,SRD5A1,EGFR,SIGMAR1,ACE,ACHE,PPARD,PRKDC,MET,HSP90AA1,DYRK1A,DRD2,ABL1,RPS6KA3,JAK2,G6PD,IL6,FGFR1,CHRM2,NTRK1,SRD5A2,ADORA2A,PTPN11"
Process,GO:0006695,Cholesterol biosynthetic process,4,38,0.00015,0.0035,"CYP51A1,HMGCR,NPC1L1,G6PD"
Process,GO:0032409,Regulation of transporter activity,9,293,0.00015,0.0035,"CHRM3,ADRA2A,PPARG,PDE4D,DRD2,DRD3,OPRM1,NR1H3,ABCB1"
Process,GO:0051090,Regulation of DNA-binding transcription factor activity,11,436,0.00015,0.0035,"ADORA3,MAPK3,PPARG,ESR2,AR,JAK2,MAPK8,IL6,ESR1,NTRK1,NR1H4"
Process,GO:0051253,Negative regulation of RNA metabolic process,22,1434,0.00015,0.0035,"MAPK14,NR3C1,FABP4,CDK2,PPARG,PPARD,PTPN2,RORC,PDE2A,NR1I2,DYRK1A,ESR2,SREBF2,NR1I3,AR,DRD3,PPARA,IL6,ESR1,NR1H4,NR1H3,NR1H2"
Process,GO:0045824,Negative regulation of innate immune response,5,74,0.00016,0.0036,"PPARG,PTPN2,DRD2,NR1H3,NR1H2"
Process,GO:0033157,Regulation of intracellular protein transport,8,231,0.00016,0.0037,"MAPK14,HSP90AA1,SREBF2,PTGS2,PTPN1,JAK2,MAPK8,PTPN11"
Process,GO:0030278,Regulation of ossification,6,120,0.00017,0.0038,"MAPK1,CYP27B1,MAPK14,MAPK3,ALOX5,PTPN11"
Process,GO:0043154,Negative regulation of cysteine-type endopeptidase activity involved in apoptotic process,5,75,0.00017,0.0038,"CSNK2A1,FABP1,PTGS2,RPS6KA3,ADORA2A"
Process,GO:0050966,Detection of mechanical stimulus involved in sensory perception of pain,3,14,0.00017,0.0038,"BACE1,NTRK1,HTR2A"
Process,GO:0071260,Cellular response to mechanical stimulus,5,75,0.00017,0.0038,"MAPK3,PDE2A,PTGS2,MAPK8,CHEK1"
Process,GO:2001028,Positive regulation of endothelial cell chemotaxis,3,14,0.00017,0.0038,"KDR,MET,FGFR1"
Process,GO:0042110,T cell activation,9,298,0.00017,0.0039,"RORA,ADAM17,PTPN2,PRKDC,RORC,ABL1,PIK3CD,IL6,PIK3CG"
Process,GO:0045931,Positive regulation of mitotic cell cycle,6,121,0.00018,0.0039,"CDC25B,EGFR,CDC25A,ADAM17,ABL1,PTPN11"
Process,GO:1903037,Regulation of leukocyte cell-cell adhesion,10,368,0.00017,0.0039,"PTPN2,ABL1,ALOX5,JAK2,PPARA,IL6,TYK2,JAK3,ADORA2A,PTPN11"
Process,GO:0036211,Protein modification process,33,2674,0.00018,0.004,"MAPK1,CSNK2A1,MAPK14,FLT3,CDC25B,CHRM3,MAPK3,KDR,CDK2,EGFR,CDC25A,GLUL,PTPN2,PRKDC,MET,NOS2,DYRK1A,TOP1,PTPN1,ABL1,PIK3CD,RPS6KA3,JAK2,MAPK8,CHEK1,FGFR1,PIK3CG,NTRK1,TYK2,JAK3,HTR2A,NR1H4,PTPN11"
Process,GO:0006775,Fat-soluble vitamin metabolic process,4,40,0.00018,0.0041,"CYP27B1,NPC1L1,PPARD,GC"
Process,GO:0010863,Positive regulation of phospholipase C activity,4,40,0.00018,0.0041,"EGFR,FGFR1,ESR1,HTR2A"
Process,GO:0055082,Cellular chemical homeostasis,12,523,0.00018,0.0041,"MAPK1,ATP12A,MAPK3,CA2,ACE,F2,DRD2,DRD3,HCRTR1,TBXAS1,HTR2A,NR1H4"
Process,GO:0071392,Cellular response to estradiol stimulus,4,40,0.00018,0.0041,"SRD5A1,EGFR,ESR2,ESR1"
Process,GO:0034764,Positive regulation of transmembrane transport,8,236,0.00019,0.0042,"MAPK14,KCNH2,CA2,F2,ABL1,G6PD,ABCB1,PTPN11"
Process,GO:0045934,Negative regulation of nucleobase-containing compound metabolic process,23,1562,0.00019,0.0042,"MAPK14,NR3C1,FABP4,CDK2,PPARG,PPARD,PTPN2,RORC,PDE2A,NR1I2,DYRK1A,ESR2,SREBF2,NR1I3,AR,DRD3,PPARA,IL6,CHEK1,ESR1,NR1H4,NR1H3,NR1H2"
Process,GO:0009214,Cyclic nucleotide catabolic process,3,15,0.0002,0.0044,"PDE2A,PDE4D,PDE7A"
Process,GO:0030155,Regulation of cell adhesion,15,784,0.0002,0.0044,"MAPK14,KDR,PLG,PTPN2,ABL1,PLAU,ALOX5,JAK2,PPARA,IL6,PIK3CG,TYK2,JAK3,ADORA2A,PTPN11"
Process,GO:0031000,Response to caffeine,3,15,0.0002,0.0044,"PPARG,CHEK1,ADORA2A"
Process,GO:0033273,Response to vitamin,5,78,0.0002,0.0044,"CYP27B1,BCHE,PPARG,PPARD,PTGS2"
Process,GO:0045187,"Regulation of circadian sleep/wake cycle, sleep",3,15,0.0002,0.0044,"DRD2,DRD3,ADORA2A"
Process,GO:0051481,Negative regulation of cytosolic calcium ion concentration,3,15,0.0002,0.0044,"DRD2,DRD3,OPRM1"
Process,GO:0051954,Positive regulation of amine transport,4,41,0.0002,0.0044,"DRD2,TACR2,GABBR1,ADORA2A"
Process,GO:0071871,Response to epinephrine,3,15,0.0002,0.0044,"SRD5A1,PDE4D,ABL1"
Process,GO:0048015,Phosphatidylinositol-mediated signaling,5,79,0.00021,0.0046,"PPARD,PIK3CD,FGFR1,PIK3CG,HTR2A"
Process,GO:0051339,Regulation of lyase activity,5,79,0.00021,0.0046,"ADORA3,NOS2,DRD2,GABBR1,DRD3"
Process,GO:1904062,Regulation of cation transmembrane transport,10,378,0.00021,0.0046,"KCNH2,ADRA2A,F2,PDE4D,DRD2,ABL1,DRD3,G6PD,OPRM1,PIK3CG"
Process,GO:0009187,Cyclic nucleotide metabolic process,4,42,0.00022,0.0047,"RORA,PDE2A,PDE4D,PDE7A"
Process,GO:0033574,Response to testosterone,4,42,0.00022,0.0047,"SRD5A1,AR,CA9,SRD5A2"
Process,GO:0035924,Cellular response to vascular endothelial growth factor stimulus,4,42,0.00022,0.0047,"MAPK14,FLT3,KDR,PIK3CD"
Process,GO:0042307,Positive regulation of protein import into nucleus,4,42,0.00022,0.0047,"MAPK14,HSP90AA1,PTGS2,JAK2"
Process,GO:0060964,Regulation of miRNA-mediated gene silencing,4,42,0.00022,0.0047,"EGFR,PPARG,IL6,ESR1"
Process,GO:1901575,Organic substance catabolic process,24,1686,0.00022,0.0048,"STS,CYP27B1,CTSD,BCHE,SLC6A3,SRD5A1,ACE,ACHE,GLUL,PPARD,NOS2,PDE2A,HSP90AA1,PDE4D,CTSB,AKR1B10,HSD11B1,AKR1C3,CYP19A1,PDE7A,EPHX2,HTR2A,SRD5A2,CYP2D6"
Process,GO:0002009,Morphogenesis of an epithelium,11,457,0.00023,0.0049,"NR3C1,KDR,EGFR,CA2,ADAM17,MET,PGR,ABL1,AR,CA9,ESR1"
Process,GO:0042987,Amyloid precursor protein catabolic process,3,16,0.00024,0.005,"ADAM17,BACE1,DYRK1A"
Process,GO:0014057,"Positive regulation of acetylcholine secretion, neurotransmission",2,2,0.00025,0.0052,"TACR2,ADORA2A"
Process,GO:0016488,Farnesol catabolic process,2,2,0.00025,0.0052,"AKR1B10,AKR1C3"
Process,GO:0032227,"Negative regulation of synaptic transmission, dopaminergic",2,2,0.00025,0.0052,"SLC6A4,PTGS2"
Process,GO:0090182,Regulation of secretion of lysosomal enzymes,2,2,0.00025,0.0052,"NR1H3,NR1H2"
Process,GO:0050777,Negative regulation of immune response,7,185,0.00025,0.0053,"MAPK14,PPARG,PTPN2,DRD2,JAK3,NR1H3,NR1H2"
Process,GO:0034097,Response to cytokine,15,804,0.00026,0.0055,"MAPK1,CYP27B1,MAPK14,FLT3,FABP4,RORA,MAPK3,NOS2,PDE2A,PTGS2,JAK2,IL6,TYK2,JAK3,PTPN11"
Process,GO:0071548,Response to dexamethasone,4,44,0.00026,0.0055,"NR3C1,SRD5A1,ACE,JAK2"
Process,GO:0043117,Positive regulation of vascular permeability,3,17,0.00028,0.0058,"PDE2A,PDE3A,TACR2"
Process,GO:0098754,Detoxification,6,132,0.00028,0.0058,"FABP1,PTGES,AKR1B10,PTGS1,PTGS2,ABCB1"
Process,GO:0014065,Phosphatidylinositol 3-kinase signaling,4,45,0.00028,0.0059,"PPARD,PIK3CD,PIK3CG,HTR2A"
Process,GO:0016477,Cell migration,16,903,0.00029,0.0059,"KDR,EGFR,PLG,ADAM17,PPARD,MET,HSP90AA1,DRD2,ABL1,PLAU,ALOX5,PIK3CD,IL6,FGFR1,PIK3CG,PTPN11"
Process,GO:0046427,Positive regulation of receptor signaling pathway via JAK-STAT,4,45,0.00028,0.0059,"F2,JAK2,IL6,TYK2"
Process,GO:1903573,Negative regulation of response to endoplasmic reticulum stress,4,45,0.00028,0.0059,"PTPN1,ALOX5,NR1H3,NR1H2"
Process,GO:0001523,Retinoid metabolic process,5,85,0.00029,0.0061,"PPARD,AKR1B10,AKR1C3,AKR1C1,CYP2D6"
Process,GO:0048638,Regulation of developmental growth,9,321,0.0003,0.0061,"MAPK14,SLC6A4,SLC6A3,PPARD,DRD2,ABL1,AR,G6PD,PPARA"
Process,GO:1905897,Regulation of response to endoplasmic reticulum stress,5,85,0.00029,0.0061,"PTPN2,PTPN1,ALOX5,NR1H3,NR1H2"
Process,GO:0070849,Response to epidermal growth factor,4,46,0.0003,0.0063,"MAPK1,MAPK3,EGFR,PTPN11"
Process,GO:0042770,Signal transduction in response to DNA damage,6,135,0.00031,0.0064,"MAPK14,CDK2,PRKDC,ABL1,CHEK1,PTPN11"
Process,GO:0042753,Positive regulation of circadian rhythm,3,18,0.00032,0.0066,"RORA,RORC,ADORA2A"
Process,GO:0050435,Amyloid-beta metabolic process,3,18,0.00032,0.0066,"ACE,BACE1,DYRK1A"
Process,GO:0051770,Positive regulation of nitric-oxide synthase biosynthetic process,3,18,0.00032,0.0066,"KDR,JAK2,JAK3"
Process,GO:0098586,Cellular response to virus,5,87,0.00033,0.0066,"MAPK14,HSP90AA1,JAK2,IL6,TYK2"
Process,GO:0043124,Negative regulation of I-kappaB kinase/NF-kappaB signaling,4,47,0.00033,0.0067,"RORA,ABL1,ESR1,NR1H4"
Process,GO:2000273,Positive regulation of signaling receptor activity,4,47,0.00033,0.0067,"ADRA2A,ADAM17,JAK2,ADRA2C"
Process,GO:0022408,Negative regulation of cell-cell adhesion,7,194,0.00033,0.0068,"PLG,PTPN2,ABL1,JAK2,PPARA,JAK3,ADORA2A"
Process,GO:0001936,Regulation of endothelial cell proliferation,6,138,0.00035,0.007,"KDR,PPARG,ADAM17,ALOX5,PIK3CD,FGFR1"
Process,GO:0007631,Feeding behavior,5,88,0.00034,0.007,"ACE,DRD2,HCRTR1,OPRM1,ADORA2A"
Process,GO:0018958,Phenol-containing compound metabolic process,5,88,0.00034,0.007,"SLC6A3,SRD5A1,CTSB,DRD2,DRD3"
Process,GO:0043114,Regulation of vascular permeability,4,48,0.00035,0.0071,"PDE2A,PDE3A,TACR2,ADORA2A"
Process,GO:0045933,Positive regulation of muscle contraction,4,48,0.00035,0.0071,"CHRM3,HSP90AA1,PTGS2,TACR2"
Process,GO:0051252,Regulation of RNA metabolic process,41,3759,0.00035,0.0071,"MAPK14,NR3C1,ADORA3,FABP4,RORA,KCNH2,MAPK3,CDK2,EGFR,PPARG,PPARD,PTPN2,PRKDC,MET,PGR,RORC,PDE2A,NR1I2,DYRK1A,ESR2,NR3C2,PDE3A,SREBF2,DRD2,NR1I3,ABL1,AR,RPS6KA3,JAK2,DRD3,MAPK8,PPARA,IL6,CHEK1,ESR1,TOP2A,NTRK1,NR1H4,NR1H3,ADORA2A,NR1H2"
Process,GO:1902895,Positive regulation of miRNA transcription,4,48,0.00035,0.0071,"NR3C1,PPARG,SREBF2,NR1H2"
Process,GO:0032370,Positive regulation of lipid transport,5,89,0.00036,0.0072,"PPARG,PTGES,CYP19A1,NR1H3,NR1H2"
Process,GO:0042730,Fibrinolysis,3,19,0.00037,0.0074,"F2,PLG,PLAU"
Process,GO:0043116,Negative regulation of vascular permeability,3,19,0.00037,0.0074,"PDE2A,PDE3A,ADORA2A"
Process,GO:0007173,Epidermal growth factor receptor signaling pathway,4,49,0.00038,0.0076,"EGFR,ADAM17,ABL1,PTPN11"
Process,GO:0045744,Negative regulation of G protein-coupled receptor signaling pathway,4,49,0.00038,0.0076,"MET,DRD2,DRD3,OPRM1"
Process,GO:0045776,Negative regulation of blood pressure,4,49,0.00038,0.0076,"NOS2,DRD2,DRD3,PPARA"
Process,GO:0034612,Response to tumor necrosis factor,7,199,0.00039,0.0077,"MAPK1,MAPK14,FABP4,RORA,MAPK3,PTGS2,JAK2"
Process,GO:0048660,Regulation of smooth muscle cell proliferation,6,142,0.0004,0.0079,"PPARG,PPARD,PRKDC,PTGS2,JAK2,IL6"
Process,GO:0051591,Response to cAMP,5,91,0.0004,0.0079,"SLC6A3,SRD5A1,PDE2A,PDE4D,PIK3CG"
Process,GO:1900182,Positive regulation of protein localization to nucleus,5,91,0.0004,0.0079,"MAPK14,F2,HSP90AA1,PTGS2,JAK2"
Process,GO:0006581,Acetylcholine catabolic process,2,3,0.00041,0.0081,"BCHE,ACHE"
Process,GO:0032342,Aldosterone biosynthetic process,2,3,0.00041,0.0081,"CYP11B1,CACNA1H"
Process,GO:0034651,Cortisol biosynthetic process,2,3,0.00041,0.0081,"CYP11B1,CACNA1H"
Process,GO:0035747,Natural killer cell chemotaxis,2,3,0.00041,0.0081,"PIK3CD,PIK3CG"
Process,GO:0060748,Tertiary branching involved in mammary gland duct morphogenesis,2,3,0.00041,0.0081,"PGR,AR"
Process,GO:0110032,Positive regulation of G2/MI transition of meiotic cell cycle,2,3,0.00041,0.0081,"CDC25B,CDC25A"
Process,GO:1900180,Regulation of protein localization to nucleus,6,143,0.00042,0.0081,"MAPK14,GLUL,F2,HSP90AA1,PTGS2,JAK2"
Process,GO:1903793,Positive regulation of anion transport,4,50,0.00041,0.0081,"PTGES,GABBR1,ABCB1,ADORA2A"
Process,GO:0016485,Protein processing,7,202,0.00042,0.0082,"BCHE,ACE,F2,ADAM17,BACE1,PLAU,F10"
Process,GO:0060965,Negative regulation of miRNA-mediated gene silencing,3,20,0.00042,0.0082,"PPARG,IL6,ESR1"
Process,GO:0090050,Positive regulation of cell migration involved in sprouting angiogenesis,3,20,0.00042,0.0082,"KDR,PTGS2,ABL1"
Process,GO:1902894,Negative regulation of miRNA transcription,3,20,0.00042,0.0082,"PPARG,PPARD,PPARA"
Process,GO:0007417,Central nervous system development,17,1035,0.00043,0.0084,"MAPK1,RORA,SLC6A4,MAPK3,SLC6A3,SRD5A1,EGFR,ACE,PRKDC,HSP90AA1,DRD2,ABL1,RPS6KA3,G6PD,SRD5A2,ADORA2A,PTPN11"
Process,GO:0044070,Regulation of anion transport,5,93,0.00044,0.0084,"CA2,PTGES,GABBR1,ABCB1,ADORA2A"
Process,GO:0051972,Regulation of telomerase activity,4,51,0.00044,0.0085,"MAPK1,MAPK3,PPARG,HSP90AA1"
Process,GO:0007189,Adenylate cyclase-activating G protein-coupled receptor signaling pathway,6,145,0.00045,0.0086,"ADRA2A,PDE4D,DRD2,DRD3,ADRA2C,ADORA2A"
Process,GO:0120161,Regulation of cold-induced thermogenesis,6,146,0.00046,0.0089,"FABP4,ACHE,ADAM17,JAK2,NR1H3,NR1H2"
Process,GO:0006469,Negative regulation of protein kinase activity,7,206,0.00047,0.0091,"FABP4,PPARG,HMGCR,PTPN2,PTPN1,ABL1,ADORA2A"
Process,GO:0007194,Negative regulation of adenylate cyclase activity,3,21,0.00048,0.0093,"DRD2,GABBR1,DRD3"
Process,GO:0038084,Vascular endothelial growth factor signaling pathway,3,21,0.00048,0.0093,"FLT3,KDR,PIK3CD"
Process,GO:0045723,Positive regulation of fatty acid biosynthetic process,3,21,0.00048,0.0093,"PTGS2,NR1H3,NR1H2"
Process,GO:0006873,Cellular ion homeostasis,10,421,0.00049,0.0094,"MAPK1,ATP12A,MAPK3,CA2,F2,DRD2,DRD3,HCRTR1,TBXAS1,HTR2A"
Process,GO:2000241,Regulation of reproductive process,7,208,0.0005,0.0095,"CDC25B,CDC25A,CACNA1H,PDE3A,TACR2,AR,ESR1"
Process,GO:0051130,Positive regulation of cellular component organization,17,1049,0.0005,0.0096,"MAPK1,MAPK14,MAPK3,KDR,CDK2,PPARG,MET,HSP90AA1,DRD2,ABL1,AR,DRD3,MAPK8,IL6,ESR1,NTRK1,NR1H2"
Process,GO:0030100,Regulation of endocytosis,7,209,0.00051,0.0097,"PPARG,DRD2,PTPN1,ABL1,DRD3,NR1H3,NR1H2"
Process,GO:0051345,Positive regulation of hydrolase activity,12,589,0.00052,0.0099,"CTSD,EGFR,PPARG,FABP1,JAK2,MAPK8,FGFR1,ESR1,NTRK1,HTR2A,NR1H3,NR1H2"
Process,GO:0031400,Negative regulation of protein modification process,11,506,0.00053,0.0101,"FABP4,PPARG,HMGCR,PTPN2,PRKDC,PDE4D,DRD2,PTPN1,ABL1,G6PD,ADORA2A"
Process,GO:0051899,Membrane depolarization,4,54,0.00054,0.0101,"KCNH2,CACNA1H,ABL1,ADORA2A"
Process,GO:0030520,Intracellular estrogen receptor signaling pathway,3,22,0.00054,0.0103,"ESR2,AR,ESR1"
Process,GO:0071379,Cellular response to prostaglandin stimulus,3,22,0.00054,0.0103,"PPARG,AKR1C3,AKR1C2"
Process,GO:0070371,ERK1 and ERK2 cascade,4,55,0.00057,0.0108,"MAPK1,MAPK3,KDR,ABL1"
Process,GO:0071320,Cellular response to cAMP,4,55,0.00057,0.0108,"SRD5A1,PDE2A,PDE4D,PIK3CG"
Process,GO:0003073,Regulation of systemic arterial blood pressure,5,100,0.0006,0.0112,"ACE,HSD11B2,PDE4D,DRD2,AR"
Process,GO:0031099,Regeneration,6,154,0.00061,0.0113,"FLT3,PPARG,ACE,PLG,JAK2,IL6"
Process,GO:0051179,Localization,46,4512,0.00061,0.0113,"MAPK1,ATP12A,SLC6A2,CYP27B1,MAPK14,CHRM3,FABP4,SLC6A4,KCNH2,MAPK3,CDK2,SLC6A3,EGFR,SIGMAR1,ADRA2A,CA2,PPARG,NPC1L1,ACE,FABP1,ACHE,PPARD,MET,NOS2,CACNA1H,HSP90AA1,NR1I2,DRD2,PTGS2,ABL1,TACR2,PIK3CD,CA9,AKR1C1,DRD3,MAPK8,PPARA,IL6,OPRM1,ESR1,PIK3CG,GC,HTR2A,NR1H3,ABCB1,ADORA2A"
Process,GO:0002328,pro-B cell differentiation,2,4,0.00061,0.0114,"FLT3,PRKDC"
Process,GO:0045822,Negative regulation of heart contraction,3,23,0.00061,0.0114,"PDE4D,JAK2,PIK3CG"
Process,GO:0071385,Cellular response to glucocorticoid stimulus,4,56,0.00061,0.0114,"NR3C1,FLT3,SRD5A1,JAK2"
Process,GO:0071799,Cellular response to prostaglandin D stimulus,2,4,0.00061,0.0114,"AKR1C3,AKR1C2"
Process,GO:0090170,Regulation of Golgi inheritance,2,4,0.00061,0.0114,"MAPK1,MAPK3"
Process,GO:1902202,Regulation of hepatocyte growth factor receptor signaling pathway,2,4,0.00061,0.0114,"PTPN2,PTPN1"
Process,GO:0045765,Regulation of angiogenesis,8,288,0.00068,0.0125,"KDR,PPARG,GLUL,ABL1,ALOX5,PIK3CD,IL6,NTRK1"
Process,GO:0032094,Response to food,3,24,0.00069,0.0126,"HSD11B2,G6PD,OPRM1"
Process,GO:0045932,Negative regulation of muscle contraction,3,24,0.00069,0.0126,"ADRA2A,PTGS2,PIK3CG"
Process,GO:0048609,Multicellular organismal reproductive process,15,883,0.00069,0.0126,"CYP27B1,NR3C1,CDC25B,SLC6A4,ACE,PPARD,PGR,CTSB,PDE3A,PTGS2,AR,OPRM1,ESR1,TOP2A,PTPN11"
Process,GO:0051590,Positive regulation of neurotransmitter transport,3,24,0.00069,0.0126,"DRD2,TACR2,ADORA2A"
Process,GO:0055074,Calcium ion homeostasis,7,220,0.00069,0.0126,"CYP27B1,KDR,F2,DRD2,DRD3,HCRTR1,HTR2A"
Process,GO:0007162,Negative regulation of cell adhesion,8,289,0.0007,0.0127,"PLG,PTPN2,ABL1,JAK2,PPARA,JAK3,ADORA2A,PTPN11"
Process,GO:0010906,Regulation of glucose metabolic process,5,104,0.00071,0.0129,"NR3C1,RORA,PTPN2,RORC,PPARA"
Process,GO:0048468,Cell development,23,1719,0.00073,0.0132,"MAPK1,CDC25B,MAPK3,KDR,PPARG,ACHE,PRKDC,MET,PGR,PDE2A,HSP90AA1,PDE4D,PDE3A,DRD2,ABL1,AR,JAK2,G6PD,IL6,ESR1,NTRK1,ADORA2A,PTPN11"
Process,GO:0000077,DNA damage checkpoint signaling,5,105,0.00074,0.0134,"MAPK14,CDK2,PRKDC,CHEK1,PTPN11"
Process,GO:0043266,Regulation of potassium ion transport,5,105,0.00074,0.0134,"KCNH2,ADRA2A,DRD2,DRD3,HTR2A"
Process,GO:0090316,Positive regulation of intracellular protein transport,6,160,0.00074,0.0134,"MAPK14,HSP90AA1,SREBF2,PTGS2,JAK2,MAPK8"
Process,GO:0046483,Heterocycle metabolic process,33,2891,0.00075,0.0136,"MAPK1,MAPK14,RORA,MAPK3,BCHE,POLB,CDK2,SRD5A1,ADRA2A,PPARG,HMGCR,NPC1L1,PRKDC,PDE2A,HSP90AA1,PDE4D,TOP1,CYP2C19,ABL1,ALOX5,AR,POLA1,JAK2,PDE7A,CHEK1,ESR1,TOP2A,EPHX2,HTR2A,NR1H4,SRD5A2,NR1H3,CYP2D6"
Process,GO:0052547,Regulation of peptidase activity,10,446,0.00076,0.0137,"CSNK2A1,CTSD,PPARG,FABP1,SERPINA6,CTSB,PTGS2,RPS6KA3,JAK2,ADORA2A"
Process,GO:0002244,Hematopoietic progenitor cell differentiation,5,106,0.00077,0.0138,"FLT3,KDR,ACE,PRKDC,TOP2A"
Process,GO:0032107,Regulation of response to nutrient levels,3,25,0.00077,0.0138,"CYP27B1,PPARA,OPRM1"
Process,GO:1905562,Regulation of vascular endothelial cell proliferation,3,25,0.00077,0.0138,"PPARG,ADAM17,FGFR1"
Process,GO:1990748,Cellular detoxification,5,106,0.00077,0.0138,"FABP1,PTGES,AKR1B10,PTGS1,PTGS2"
Process,GO:0006939,Smooth muscle contraction,4,60,0.00078,0.014,"CHRM3,DRD2,TACR2,HTR2A"
Process,GO:0045761,Regulation of adenylate cyclase activity,4,60,0.00078,0.014,"ADORA3,DRD2,GABBR1,DRD3"
Process,GO:0090303,Positive regulation of wound healing,4,60,0.00078,0.014,"ADRA2A,F2,PLG,PLAU"
Process,GO:0090398,Cellular senescence,4,60,0.00078,0.014,"MAPK14,CDK2,ABL1,MAPK8"
Process,GO:0015850,Organic hydroxy compound transport,6,163,0.00081,0.0144,"SLC6A2,SLC6A4,SLC6A3,NPC1L1,DRD2,AKR1C1"
Process,GO:0071345,Cellular response to cytokine stimulus,13,711,0.00082,0.0147,"MAPK1,MAPK14,FLT3,FABP4,RORA,MAPK3,NOS2,PDE2A,JAK2,IL6,TYK2,JAK3,PTPN11"
Process,GO:0051100,Negative regulation of binding,6,164,0.00083,0.0148,"MAPK3,ACE,JAK2,MAPK8,PPARA,CYP2D6"
Process,GO:0006710,Androgen catabolic process,2,5,0.00085,0.0151,"SRD5A1,CYP19A1"
Process,GO:0007195,Adenylate cyclase-inhibiting dopamine receptor signaling pathway,2,5,0.00085,0.0151,"DRD2,DRD3"
Process,GO:0010700,Negative regulation of norepinephrine secretion,2,5,0.00085,0.0151,"ADRA2A,ADRA2C"
Process,GO:0010875,Positive regulation of cholesterol efflux,3,26,0.00085,0.0151,"PPARG,NR1H3,NR1H2"
Process,GO:0032310,Prostaglandin secretion,2,5,0.00085,0.0151,"NOS2,PTGS2"
Process,GO:0033602,Negative regulation of dopamine secretion,2,5,0.00085,0.0151,"DRD2,GABBR1"
Process,GO:0048550,Negative regulation of pinocytosis,2,5,0.00085,0.0151,"NR1H3,NR1H2"
Process,GO:0050482,Arachidonic acid secretion,3,26,0.00085,0.0151,"ACE,DRD2,DRD3"
Process,GO:0072377,"Blood coagulation, common pathway",2,5,0.00085,0.0151,"F2,F10"
Process,GO:0072584,Caveolin-mediated endocytosis,2,5,0.00085,0.0151,"MAPK1,MAPK3"
Process,GO:0090325,Regulation of locomotion involved in locomotory behavior,2,5,0.00085,0.0151,"DRD2,DRD3"
Process,GO:0097176,Epoxide metabolic process,2,5,0.00085,0.0151,"ALOX5,EPHX2"
Process,GO:0120041,Positive regulation of macrophage proliferation,2,5,0.00085,0.0151,"MAPK1,MAPK3"
Process,GO:1903413,Cellular response to bile acid,2,5,0.00085,0.0151,"GPBAR1,NR1H4"
Process,GO:1903798,Regulation of miRNA maturation,3,26,0.00085,0.0151,"EGFR,IL6,ESR1"
Process,GO:0002252,Immune effector process,9,375,0.00088,0.0152,"RORA,ACE,F2,ADAM17,RORC,ABL1,PIK3CD,IL6,PIK3CG"
Process,GO:0006081,Cellular aldehyde metabolic process,4,62,0.00088,0.0152,"CYP11B1,CACNA1H,AKR1C3,AKR1C1"
Process,GO:0006936,Muscle contraction,7,230,0.00089,0.0152,"CHRM3,KCNH2,CACNA1H,HSP90AA1,DRD2,TACR2,HTR2A"
Process,GO:0010564,Regulation of cell cycle process,13,716,0.00088,0.0152,"CSNK2A1,MAPK14,CDC25B,CDK2,EGFR,CDC25A,ADAM17,PRKDC,PDE3A,DRD2,DRD3,CHEK1,PTPN11"
Process,GO:0046888,Negative regulation of hormone secretion,4,62,0.00088,0.0152,"ADRA2A,DRD2,TACR2,PTPN11"
Process,GO:0048469,Cell maturation,6,166,0.00088,0.0152,"CDC25B,KDR,PPARG,PGR,PDE3A,G6PD"
Process,GO:0050994,Regulation of lipid catabolic process,4,62,0.00088,0.0152,"ADRA2A,FABP1,PPARA,PIK3CG"
Process,GO:0051098,Regulation of binding,9,375,0.00088,0.0152,"MAPK3,PPARG,ACE,MET,ABL1,JAK2,MAPK8,PPARA,CYP2D6"
Process,GO:0070665,Positive regulation of leukocyte proliferation,6,167,0.00091,0.0156,"MAPK1,MAPK3,JAK2,IL6,TYK2,JAK3"
Process,GO:0002675,Positive regulation of acute inflammatory response,3,27,0.00094,0.0161,"PTGS2,IL6,PIK3CG"
Process,GO:0010558,Negative regulation of macromolecule biosynthetic process,21,1532,0.00094,0.0161,"NR3C1,FABP4,CDK2,PPARG,PPARD,PTPN2,RORC,PDE2A,NR1I2,ESR2,SREBF2,NR1I3,AR,DRD3,PPARA,CHEK1,ESR1,JAK3,NR1H4,NR1H3,NR1H2"
Process,GO:0043278,Response to morphine,3,27,0.00094,0.0161,"DRD2,DRD3,OPRM1"
Process,GO:0050951,Sensory perception of temperature stimulus,3,27,0.00094,0.0161,"ADRA2A,NTRK1,HTR2A"
Process,GO:0010720,Positive regulation of cell development,8,304,0.00096,0.0163,"PPARG,ACE,PRKDC,PDE3A,DRD2,ABL1,IL6,OPRM1"
Process,GO:0006955,Immune response,19,1321,0.00097,0.0165,"CYP27B1,RORA,PPARG,CYP11B1,F2,ADAM17,PRKDC,RORC,NOS2,ABL1,ALOX5,PIK3CD,JAK2,IL6,OPRM1,PIK3CG,TYK2,JAK3,NR1H4"
Process,GO:0045892,"Negative regulation of transcription, DNA-templated",19,1322,0.00098,0.0166,"NR3C1,FABP4,CDK2,PPARG,PPARD,PTPN2,RORC,PDE2A,NR1I2,ESR2,SREBF2,NR1I3,AR,DRD3,PPARA,ESR1,NR1H4,NR1H3,NR1H2"
Process,GO:0046822,Regulation of nucleocytoplasmic transport,5,112,0.00098,0.0166,"MAPK14,HSP90AA1,PTGS2,JAK2,PTPN11"
Process,GO:0001763,Morphogenesis of a branching structure,6,171,0.001,0.0173,"KDR,MET,PGR,DRD2,AR,ESR1"
Process,GO:0060322,Head development,14,823,0.001,0.0173,"MAPK1,RORA,SLC6A4,MAPK3,SLC6A3,SRD5A1,EGFR,ACE,PRKDC,DRD2,ABL1,G6PD,SRD5A2,PTPN11"
Process,GO:0007187,"G protein-coupled receptor signaling pathway, coupled to cyclic nucleotide second messenger",4,65,0.001,0.0174,"CHRM3,OPRM1,CHRM2,HTR2A"
Process,GO:0042759,Long-chain fatty acid biosynthetic process,3,28,0.001,0.0174,"CYP2C9,ALOX5,CYP2D6"
Process,GO:0046626,Regulation of insulin receptor signaling pathway,4,65,0.001,0.0174,"PTPN2,PTPN1,NR1H4,PTPN11"
Process,GO:0071549,Cellular response to dexamethasone stimulus,3,28,0.001,0.0174,"NR3C1,SRD5A1,JAK2"
Process,GO:1905330,Regulation of morphogenesis of an epithelium,4,65,0.001,0.0174,"ABL1,AR,PIK3CD,ESR1"
Process,GO:0007568,Aging,6,172,0.0011,0.0176,"POLB,SLC6A3,ACE,PTGS2,NTRK1,HTR2A"
Process,GO:0070301,Cellular response to hydrogen peroxide,4,66,0.0011,0.0182,"SIGMAR1,FABP1,ABL1,IL6"
Process,GO:0019932,Second-messenger-mediated signaling,7,239,0.0011,0.0183,"CHRM3,KDR,NOS2,PDE2A,PDE4D,PDE3A,PDE7A"
Process,GO:0003062,Regulation of heart rate by chemical signal,2,6,0.0011,0.0187,"KCNH2,PDE4D"
Process,GO:0010575,Positive regulation of vascular endothelial growth factor production,3,29,0.0011,0.0187,"RORA,PTGS2,IL6"
Process,GO:0010614,Negative regulation of cardiac muscle hypertrophy,3,29,0.0011,0.0187,"PPARG,G6PD,PPARA"
Process,GO:0010758,Regulation of macrophage chemotaxis,3,29,0.0011,0.0187,"MAPK1,MAPK3,CYP19A1"
Process,GO:0010891,Negative regulation of sequestering of triglyceride,2,6,0.0011,0.0187,"PPARG,PPARA"
Process,GO:0034641,Cellular nitrogen compound metabolic process,37,3463,0.0011,0.0187,"MAPK1,MAPK14,CYP2C9,RORA,MAPK3,BCHE,POLB,CDK2,SLC6A3,SRD5A1,ADRA2A,PPARG,HMGCR,ACE,PRKDC,BACE1,NOS2,PDE2A,HSP90AA1,DYRK1A,PDE4D,TOP1,DRD2,ABL1,AR,POLA1,JAK2,DRD3,G6PD,PDE7A,CHEK1,ESR1,TOP2A,HTR2A,NR1H4,NR1H3,CYP2D6"
Process,GO:0071674,Mononuclear cell migration,5,116,0.0011,0.0187,"PLG,ALOX5,PIK3CD,IL6,PIK3CG"
Process,GO:0072672,Neutrophil extravasation,2,6,0.0011,0.0187,"PIK3CD,PIK3CG"
Process,GO:0031100,Animal organ regeneration,4,67,0.0012,0.0188,"FLT3,PPARG,ACE,IL6"
Process,GO:0071356,Cellular response to tumor necrosis factor,6,175,0.0012,0.0188,"MAPK1,MAPK14,FABP4,RORA,MAPK3,JAK2"
Process,GO:0009416,Response to light stimulus,8,314,0.0012,0.0191,"EGFR,HMGCR,CDC25A,DRD2,PTGS2,DRD3,MAPK8,CHEK1"
Process,GO:0014823,Response to activity,4,68,0.0012,0.0197,"SRD5A1,NPC1L1,PPARD,IL6"
Process,GO:0042417,Dopamine metabolic process,3,30,0.0012,0.0202,"SLC6A3,DRD2,DRD3"
Process,GO:0045987,Positive regulation of smooth muscle contraction,3,30,0.0012,0.0202,"CHRM3,PTGS2,TACR2"
Process,GO:0061045,Negative regulation of wound healing,4,69,0.0013,0.0207,"F2,PLG,PLAU,ALOX5"
Process,GO:2000379,Positive regulation of reactive oxygen species metabolic process,4,69,0.0013,0.0207,"MAPK14,F2,AKR1C3,AKR1C1"
Process,GO:0032649,Regulation of interferon-gamma production,5,120,0.0013,0.0211,"PDE4D,ABL1,JAK2,TYK2,NR1H4"
Process,GO:0030324,Lung development,6,180,0.0013,0.0213,"MAPK1,MAPK3,KDR,ACE,PGR,HSD11B1"
Process,GO:0045926,Negative regulation of growth,7,247,0.0013,0.0213,"CYP27B1,SLC6A4,PPARG,PPARD,ESR2,G6PD,PPARA"
Process,GO:0032024,Positive regulation of insulin secretion,4,70,0.0013,0.0216,"GLUL,PPARD,JAK2,NR1H4"
Process,GO:0042058,Regulation of epidermal growth factor receptor signaling pathway,4,70,0.0013,0.0216,"EGFR,ADRA2A,ADAM17,PTPN2"
Process,GO:0046632,Alpha-beta T cell differentiation,4,70,0.0013,0.0216,"RORA,RORC,ABL1,IL6"
Process,GO:0050865,Regulation of cell activation,12,658,0.0013,0.0216,"RORA,F2,PTPN2,PRKDC,ABL1,JAK2,IL6,TYK2,JAK3,NR1H3,ADORA2A,PTPN11"
Process,GO:0010039,Response to iron ion,3,31,0.0014,0.0218,"SLC6A3,DRD2,G6PD"
Process,GO:0042755,Eating behavior,3,31,0.0014,0.0218,"ACE,OPRM1,ADORA2A"
Process,GO:0071402,Cellular response to lipoprotein particle stimulus,3,31,0.0014,0.0218,"PPARG,ADAM17,SREBF2"
Process,GO:0010466,Negative regulation of peptidase activity,7,249,0.0014,0.0221,"CSNK2A1,FABP1,SERPINA6,CTSB,PTGS2,RPS6KA3,ADORA2A"
Process,GO:0031958,Corticosteroid receptor signaling pathway,2,7,0.0014,0.023,"NR3C1,JAK2"
Process,GO:0038089,Positive regulation of cell migration by vascular endothelial growth factor signaling pathway,2,7,0.0014,0.023,"KDR,PIK3CD"
Process,GO:0046137,Negative regulation of vitamin metabolic process,2,7,0.0014,0.023,"CYP27B1,AKR1C3"
Process,GO:0060440,Trachea formation,2,7,0.0014,0.023,"MAPK1,MAPK3"
Process,GO:0090186,Regulation of pancreatic juice secretion,2,7,0.0014,0.023,"NR1H3,NR1H2"
Process,GO:1990384,Hyaloid vascular plexus regression,2,7,0.0014,0.023,"SLC6A3,DRD2"
Process,GO:0030003,Cellular cation homeostasis,9,404,0.0015,0.0231,"MAPK1,ATP12A,MAPK3,CA2,F2,DRD2,DRD3,HCRTR1,HTR2A"
Process,GO:2000278,Regulation of DNA biosynthetic process,5,124,0.0015,0.0238,"MAPK1,MAPK3,PPARG,HSP90AA1,CHEK1"
Process,GO:0007346,Regulation of mitotic cell cycle,10,493,0.0016,0.025,"CDC25B,CDK2,EGFR,CDC25A,ADAM17,PRKDC,ABL1,DRD3,CHEK1,PTPN11"
Process,GO:0016572,Histone phosphorylation,3,33,0.0016,0.0252,"CDK2,JAK2,CHEK1"
Process,GO:0046621,Negative regulation of organ growth,3,33,0.0016,0.0252,"SLC6A4,G6PD,PPARA"
Process,GO:0032890,Regulation of organic acid transport,4,74,0.0016,0.0256,"PTGES,GABBR1,PPARA,ADORA2A"
Process,GO:0045685,Regulation of glial cell differentiation,4,74,0.0016,0.0256,"PPARG,F2,DRD3,IL6"
Process,GO:0034763,Negative regulation of transmembrane transport,5,127,0.0017,0.0261,"KCNH2,ADRA2A,ACE,DRD2,DRD3"
Process,GO:0006109,Regulation of carbohydrate metabolic process,6,189,0.0017,0.0263,"NR3C1,RORA,PTPN2,RORC,PPARA,HTR2A"
Process,GO:0030308,Negative regulation of cell growth,6,189,0.0017,0.0263,"CYP27B1,PPARG,PPARD,ESR2,G6PD,PPARA"
Process,GO:0055065,Metal ion homeostasis,9,413,0.0017,0.0263,"ATP12A,CYP27B1,KCNH2,KDR,F2,DRD2,DRD3,HCRTR1,HTR2A"
Process,GO:0098657,Import into cell,6,189,0.0017,0.0263,"ATP12A,SLC6A2,SLC6A4,KCNH2,SLC6A3,DRD2"
Process,GO:0051403,Stress-activated MAPK cascade,4,75,0.0017,0.0266,"MAPK1,MAPK14,MAPK3,MAPK8"
Process,GO:0002688,Regulation of leukocyte chemotaxis,5,128,0.0017,0.0267,"MAPK1,MAPK3,ADAM17,CYP19A1,IL6"
Process,GO:0052548,Regulation of endopeptidase activity,9,414,0.0017,0.0267,"CSNK2A1,CTSD,PPARG,FABP1,SERPINA6,PTGS2,RPS6KA3,JAK2,ADORA2A"
Process,GO:0071456,Cellular response to hypoxia,5,128,0.0017,0.0267,"RORA,PPARG,FABP1,PPARD,PTGS2"
Process,GO:0002366,Leukocyte activation involved in immune response,6,190,0.0017,0.0268,"RORA,RORC,ABL1,PIK3CD,IL6,PIK3CG"
Process,GO:0034405,Response to fluid shear stress,3,34,0.0017,0.0269,"ACE,SREBF2,PTGS2"
Process,GO:0042310,Vasoconstriction,3,34,0.0017,0.0269,"SLC6A4,ACE,HTR2A"
Process,GO:0051973,Positive regulation of telomerase activity,3,34,0.0017,0.0269,"MAPK1,MAPK3,HSP90AA1"
Process,GO:0002679,Respiratory burst involved in defense response,2,8,0.0018,0.0277,"PIK3CD,PIK3CG"
Process,GO:0002684,Positive regulation of immune system process,14,874,0.0018,0.0277,"MAPK1,MAPK3,ADAM17,PRKDC,NOS2,HSP90AA1,PDE4D,ABL1,PIK3CD,JAK2,IL6,TYK2,JAK3,PTPN11"
Process,GO:0009820,Alkaloid metabolic process,2,8,0.0018,0.0277,"BCHE,CYP2D6"
Process,GO:0033152,Immunoglobulin V(D)J recombination,2,8,0.0018,0.0277,"POLB,PRKDC"
Process,GO:0035791,Platelet-derived growth factor receptor-beta signaling pathway,2,8,0.0018,0.0277,"PTPN1,ABL1"
Process,GO:0040016,Embryonic cleavage,2,8,0.0018,0.0277,"TOP1,TOP2A"
Process,GO:0042473,Outer ear morphogenesis,2,8,0.0018,0.0277,"MAPK1,MAPK3"
Process,GO:0048167,Regulation of synaptic plasticity,6,192,0.0018,0.0277,"MAPK1,ACE,DRD2,PTGS2,ABL1,ADORA2A"
Process,GO:0051584,Regulation of dopamine uptake involved in synaptic transmission,2,8,0.0018,0.0277,"DRD2,DRD3"
Process,GO:0060158,Phospholipase C-activating dopamine receptor signaling pathway,2,8,0.0018,0.0277,"DRD2,DRD3"
Process,GO:1904179,Positive regulation of adipose tissue development,2,8,0.0018,0.0277,"PPARG,NR1H4"
Process,GO:0002262,Myeloid cell homeostasis,5,130,0.0018,0.028,"PTPN2,JAK2,G6PD,IL6,JAK3"
Process,GO:0051282,Regulation of sequestering of calcium ion,5,130,0.0018,0.028,"F2,PDE4D,DRD2,ABL1,HTR2A"
Process,GO:0061041,Regulation of wound healing,5,130,0.0018,0.028,"ADRA2A,F2,PLG,PLAU,ALOX5"
Process,GO:0021536,Diencephalon development,4,77,0.0019,0.0284,"SLC6A3,SRD5A1,DRD2,SRD5A2"
Process,GO:0035335,Peptidyl-tyrosine dephosphorylation,3,35,0.0019,0.0284,"PTPN2,PTPN1,PTPN11"
Process,GO:0042509,Regulation of tyrosine phosphorylation of STAT protein,4,77,0.0019,0.0284,"FLT3,PTPN2,JAK2,IL6"
Process,GO:0090181,Regulation of cholesterol metabolic process,3,35,0.0019,0.0284,"SREBF2,EPHX2,NR1H4"
Process,GO:0001568,Blood vessel development,10,505,0.0019,0.0285,"MAPK1,MAPK14,RORA,KDR,ACE,GLUL,PLG,PDE2A,PTGS2,PIK3CG"
Process,GO:0060284,Regulation of cell development,10,506,0.0019,0.0288,"PPARG,ACE,F2,PRKDC,PDE3A,DRD2,ABL1,DRD3,IL6,OPRM1"
Process,GO:0032729,Positive regulation of interferon-gamma production,4,78,0.002,0.0295,"PDE4D,ABL1,JAK2,TYK2"
Process,GO:0032412,Regulation of ion transmembrane transporter activity,7,266,0.002,0.03,"CHRM3,ADRA2A,PDE4D,DRD2,DRD3,OPRM1,ABCB1"
Process,GO:0032228,"Regulation of synaptic transmission, GABAergic",3,36,0.002,0.0304,"CA2,DRD2,ADORA2A"
Process,GO:0045777,Positive regulation of blood pressure,3,36,0.002,0.0304,"ACE,HSD11B2,PDE4D"
Process,GO:0046676,Negative regulation of insulin secretion,3,36,0.002,0.0304,"ADRA2A,DRD2,PTPN11"
Process,GO:0048536,Spleen development,3,36,0.002,0.0304,"POLB,ADAM17,ABL1"
Process,GO:0051091,Positive regulation of DNA-binding transcription factor activity,7,267,0.002,0.0304,"PPARG,ESR2,AR,JAK2,IL6,ESR1,NTRK1"
Process,GO:1905332,Positive regulation of morphogenesis of an epithelium,3,36,0.002,0.0304,"ABL1,AR,PIK3CD"
Process,GO:0002694,Regulation of leukocyte activation,11,601,0.0021,0.0308,"RORA,PTPN2,PRKDC,ABL1,JAK2,IL6,TYK2,JAK3,NR1H3,ADORA2A,PTPN11"
Process,GO:0048754,Branching morphogenesis of an epithelial tube,5,134,0.0021,0.0311,"KDR,MET,PGR,AR,ESR1"
Process,GO:0009896,Positive regulation of catabolic process,10,513,0.0021,0.0314,"CSNK2A1,MAPK3,KDR,ADRA2A,FABP1,HSP90AA1,PTPN1,PPARA,IL6,HTR2A"
Process,GO:0002526,Acute inflammatory response,4,80,0.0021,0.0319,"ADRA2A,F2,IL6,OPRM1"
Process,GO:1901616,Organic hydroxy compound catabolic process,4,80,0.0021,0.0319,"CYP27B1,SLC6A3,AKR1B10,AKR1C3"
Process,GO:0031620,Regulation of fever generation,2,9,0.0022,0.0324,"PTGES,PTGS2"
Process,GO:0034205,Amyloid-beta formation,2,9,0.0022,0.0324,"BACE1,DYRK1A"
Process,GO:0048149,Behavioral response to ethanol,2,9,0.0022,0.0324,"DRD2,OPRM1"
Process,GO:0051006,Positive regulation of lipoprotein lipase activity,2,9,0.0022,0.0324,"NR1H3,NR1H2"
Process,GO:0071394,Cellular response to testosterone stimulus,2,9,0.0022,0.0324,"SRD5A1,AR"
Process,GO:1900222,Negative regulation of amyloid-beta clearance,2,9,0.0022,0.0324,"CYP51A1,HMGCR"
Process,GO:1901987,Regulation of cell cycle phase transition,9,431,0.0022,0.0328,"MAPK14,CDC25B,CDK2,EGFR,CDC25A,ADAM17,PRKDC,CHEK1,PTPN11"
Process,GO:0002683,Negative regulation of immune system process,9,433,0.0023,0.0338,"MAPK14,PPARG,PTPN2,DRD2,CYP19A1,JAK3,NR1H3,ADORA2A,NR1H2"
Process,GO:0010629,Negative regulation of gene expression,14,899,0.0023,0.0339,"KDR,PPARG,ACE,F2,PGR,NOS2,DYRK1A,PLAU,PPARA,IL6,ESR1,JAK3,NR1H4,NR1H2"
Process,GO:0045446,Endothelial cell differentiation,4,82,0.0023,0.0341,"KDR,MET,PDE2A,PDE4D"
Process,GO:0070328,Triglyceride homeostasis,3,38,0.0023,0.0341,"RORA,NR1H4,NR1H3"
Process,GO:1901020,Negative regulation of calcium ion transmembrane transporter activity,3,38,0.0023,0.0341,"ADRA2A,DRD2,DRD3"
Process,GO:1903039,Positive regulation of leukocyte cell-cell adhesion,7,274,0.0023,0.0341,"ABL1,ALOX5,JAK2,IL6,TYK2,JAK3,PTPN11"
Process,GO:0008277,Regulation of G protein-coupled receptor signaling pathway,5,138,0.0024,0.0342,"F2,MET,DRD2,DRD3,OPRM1"
Process,GO:0006260,DNA replication,6,203,0.0024,0.0344,"POLB,CDK2,ADRA2A,TOP1,POLA1,CHEK1"
Process,GO:0032147,Activation of protein kinase activity,6,203,0.0024,0.0344,"EGFR,ADRA2A,DRD2,ABL1,JAK2,ADRA2C"
Process,GO:0051726,Regulation of cell cycle,16,1108,0.0024,0.0346,"CSNK2A1,MAPK14,CDC25B,SLC6A4,CDK2,EGFR,CDC25A,ADAM17,PRKDC,PDE3A,DRD2,PTGS2,ABL1,DRD3,CHEK1,PTPN11"
Process,GO:0008306,Associative learning,4,83,0.0024,0.035,"HMGCR,DRD2,ABL1,DRD3"
Process,GO:0050680,Negative regulation of epithelial cell proliferation,5,139,0.0024,0.035,"PPARG,PPARD,DRD2,ALOX5,AR"
Process,GO:0051346,Negative regulation of hydrolase activity,8,354,0.0024,0.035,"CSNK2A1,FABP1,SERPINA6,CTSB,PTGS2,ABL1,RPS6KA3,ADORA2A"
Process,GO:0006730,One-carbon metabolic process,3,39,0.0025,0.0359,"CA2,CA9,CA1"
Process,GO:0031663,Lipopolysaccharide-mediated signaling pathway,3,39,0.0025,0.0359,"MAPK1,MAPK14,MAPK3"
Process,GO:0044060,Regulation of endocrine process,3,39,0.0025,0.0359,"TACR2,CYP19A1,PTPN11"
Process,GO:0048645,Animal organ formation,3,39,0.0025,0.0359,"MAPK1,MAPK3,AR"
Process,GO:0006265,DNA topological change,2,10,0.0026,0.0372,"TOP1,TOP2A"
Process,GO:0051142,Positive regulation of NK T cell proliferation,2,10,0.0026,0.0372,"JAK2,TYK2"
Process,GO:0060124,Positive regulation of growth hormone secretion,2,10,0.0026,0.0372,"DRD2,GABBR1"
Process,GO:0070244,Negative regulation of thymocyte apoptotic process,2,10,0.0026,0.0372,"RORC,JAK3"
Process,GO:0070472,Regulation of uterine smooth muscle contraction,2,10,0.0026,0.0372,"ADRA2A,TACR2"
Process,GO:0071501,Cellular response to sterol depletion,2,10,0.0026,0.0372,"NPC1L1,SREBF2"
Process,GO:0002250,Adaptive immune response,8,359,0.0027,0.0375,"RORA,ADAM17,RORC,PIK3CD,JAK2,IL6,PIK3CG,JAK3"
Process,GO:0032350,Regulation of hormone metabolic process,3,40,0.0027,0.0378,"CYP27B1,NR3C1,AKR1C3"
Process,GO:0032774,RNA biosynthetic process,10,531,0.0027,0.0378,"MAPK14,MAPK3,CDK2,PPARG,AR,POLA1,JAK2,ESR1,NR1H4,NR1H3"
Process,GO:0060338,Regulation of type I interferon-mediated signaling pathway,3,40,0.0027,0.0378,"PTPN2,PTPN1,PTPN11"
Process,GO:0090207,Regulation of triglyceride metabolic process,3,40,0.0027,0.0378,"PIK3CG,NR1H3,NR1H2"
Process,GO:0033135,Regulation of peptidyl-serine phosphorylation,5,143,0.0027,0.0385,"EGFR,HSP90AA1,PDE4D,PTGS2,IL6"
Process,GO:0051898,Negative regulation of protein kinase B signaling,3,41,0.0029,0.0402,"DRD2,DRD3,PPARA"
Process,GO:0070050,Neuron cellular homeostasis,3,41,0.0029,0.0402,"SLC6A2,CA2,IL6"
Process,GO:1901532,Regulation of hematopoietic progenitor cell differentiation,3,41,0.0029,0.0402,"KDR,PRKDC,ABL1"
Process,GO:2001233,Regulation of apoptotic signaling pathway,8,365,0.0029,0.0409,"CSNK2A1,PTPN2,PTGS2,PTPN1,AR,JAK2,FGFR1,ADORA2A"
Process,GO:0001503,Ossification,7,287,0.003,0.042,"CYP27B1,MAPK14,EGFR,ACHE,PTGS2,NR1I3,GABBR1"
Process,GO:0042176,Regulation of protein catabolic process,8,367,0.003,0.0422,"CYP51A1,CSNK2A1,CDK2,EGFR,ADRA2A,HMGCR,NOS2,HSP90AA1"
Process,GO:0021587,Cerebellum morphogenesis,3,42,0.0031,0.0425,"RORA,ABL1,PTPN11"
Process,GO:1904037,Positive regulation of epithelial cell apoptotic process,3,42,0.0031,0.0425,"AKR1C3,JAK2,IL6"
Process,GO:0006198,cAMP catabolic process,2,11,0.0031,0.0426,"PDE4D,PDE7A"
Process,GO:0006703,Estrogen biosynthetic process,2,11,0.0031,0.0426,"HSD17B1,CYP19A1"
Process,GO:0030299,Intestinal cholesterol absorption,2,11,0.0031,0.0426,"NPC1L1,AKR1C1"
Process,GO:0030534,Adult behavior,5,147,0.0031,0.0426,"DRD2,DRD3,PPARA,OPRM1,HTR2A"
Process,GO:0032000,Positive regulation of fatty acid beta-oxidation,2,11,0.0031,0.0426,"FABP1,PPARA"
Process,GO:0048145,Regulation of fibroblast proliferation,4,89,0.0031,0.0426,"EGFR,PPARG,ABL1,ESR1"
Process,GO:0060159,Regulation of dopamine receptor signaling pathway,2,11,0.0031,0.0426,"DRD2,DRD3"
Process,GO:0071073,Positive regulation of phospholipid biosynthetic process,2,11,0.0031,0.0426,"HTR2A,NR1H4"
Process,GO:0097267,Omega-hydroxylase P450 pathway,2,11,0.0031,0.0426,"CYP2C9,CYP2C19"
Process,GO:1901298,Regulation of hydrogen peroxide-mediated programmed cell death,2,11,0.0031,0.0426,"MET,ABL1"
Process,GO:1903897,Regulation of PERK-mediated unfolded protein response,2,11,0.0031,0.0426,"PTPN2,PTPN1"
Process,GO:2001225,Regulation of chloride transport,2,11,0.0031,0.0426,"CA2,ABCB1"
Process,GO:0032869,Cellular response to insulin stimulus,5,148,0.0032,0.0431,"SRD5A1,PPARG,PTPN2,PRKDC,PTPN1"
Process,GO:0001776,Leukocyte homeostasis,4,90,0.0032,0.0439,"FLT3,ABL1,IL6,JAK3"
Process,GO:0034440,Lipid oxidation,4,90,0.0032,0.0439,"MAPK14,PPARG,PPARD,ALOX5"
Process,GO:0046620,Regulation of organ growth,4,90,0.0032,0.0439,"MAPK14,SLC6A4,G6PD,PPARA"
Process,GO:0006303,Double-strand break repair via nonhomologous end joining,3,43,0.0033,0.0442,"POLB,PRKDC,POLA1"
Process,GO:0021983,Pituitary gland development,3,43,0.0033,0.0442,"SLC6A3,SRD5A1,DRD2"
Process,GO:0007507,Heart development,10,548,0.0034,0.0454,"MAPK1,MAPK3,KDR,PPARG,ACE,PPARD,PRKDC,PDE2A,PPARA,PTPN11"
Process,GO:0009411,Response to UV,5,150,0.0033,0.0454,"EGFR,CDC25A,PTGS2,MAPK8,CHEK1"
Process,GO:0002687,Positive regulation of leukocyte migration,5,151,0.0034,0.0465,"MAPK1,MAPK3,ADAM17,ABL1,IL6"
Process,GO:0055067,Monovalent inorganic cation homeostasis,5,151,0.0034,0.0465,"MAPK1,ATP12A,KCNH2,MAPK3,CA2"
Process,GO:0140352,Export from cell,9,461,0.0035,0.0467,"ATP12A,KCNH2,NOS2,PTGS2,TACR2,PIK3CD,IL6,PIK3CG,ABCB1"
Process,GO:1901992,Positive regulation of mitotic cell cycle phase transition,4,92,0.0035,0.0468,"CDC25B,EGFR,CDC25A,ADAM17"
Process,GO:0050863,Regulation of T cell activation,8,376,0.0035,0.0471,"PTPN2,ABL1,JAK2,IL6,TYK2,JAK3,ADORA2A,PTPN11"
Process,GO:0060249,Anatomical structure homeostasis,7,296,0.0036,0.0477,"SLC6A2,KDR,CA2,PLG,PTGS2,IL6,PTPN11"
Process,GO:0002031,G protein-coupled receptor internalization,2,12,0.0036,0.0479,"DRD2,DRD3"
Process,GO:0002327,Immature B cell differentiation,2,12,0.0036,0.0479,"PRKDC,ABL1"
Process,GO:0010821,Regulation of mitochondrion organization,5,153,0.0036,0.0479,"KDR,PPARG,PDE2A,SREBF2,MAPK8"
Process,GO:0014049,Positive regulation of glutamate secretion,2,12,0.0036,0.0479,"GABBR1,ADORA2A"
Process,GO:0014842,Regulation of skeletal muscle satellite cell proliferation,2,12,0.0036,0.0479,"PPARD,JAK2"
Process,GO:0030218,Erythrocyte differentiation,4,93,0.0036,0.0479,"PTPN2,JAK2,G6PD,JAK3"
Process,GO:0032351,Negative regulation of hormone metabolic process,2,12,0.0036,0.0479,"CYP27B1,AKR1C3"
Process,GO:0034776,Response to histamine,2,12,0.0036,0.0479,"DRD2,DRD3"
Process,GO:0035810,Positive regulation of urine volume,2,12,0.0036,0.0479,"DRD2,ADORA2A"
Process,GO:0061052,Negative regulation of cell growth involved in cardiac muscle cell development,2,12,0.0036,0.0479,"G6PD,PPARA"
Process,GO:0061308,Cardiac neural crest cell development involved in heart development,2,12,0.0036,0.0479,"MAPK1,MAPK3"
Process,GO:0071872,Cellular response to epinephrine stimulus,2,12,0.0036,0.0479,"SRD5A1,PDE4D"
Process,GO:1901731,Positive regulation of platelet aggregation,2,12,0.0036,0.0479,"JAK2,IL6"
Process,GO:1903800,Positive regulation of miRNA maturation,2,12,0.0036,0.0479,"EGFR,IL6"
Process,GO:0030001,Metal ion transport,11,649,0.0037,0.0483,"ATP12A,SLC6A2,CYP27B1,SLC6A4,KCNH2,CDK2,SLC6A3,CACNA1H,DRD2,OPRM1,HTR2A"
Process,GO:0032467,Positive regulation of cytokinesis,3,45,0.0037,0.0483,"CDC25B,DRD2,DRD3"
Process,GO:1900271,Regulation of long-term synaptic potentiation,3,45,0.0037,0.0483,"DRD2,ABL1,ADORA2A"
Process,GO:0007292,Female gamete generation,5,154,0.0037,0.0489,"CDC25B,PGR,PDE3A,PTGS2,TOP2A"
Process,GO:0032091,Negative regulation of protein binding,4,94,0.0038,0.0491,"MAPK3,ACE,MAPK8,PPARA"
Component,GO:0005783,Endoplasmic reticulum,42,2021,4.93e-12,1.01e-08,"CYP51A1,MAPK1,STS,FLT3,CHRM3,CYP2C9,MAPK3,KDR,BCHE,SRD5A1,EGFR,SIGMAR1,HMGCR,CYP11B1,UGT2B7,GLUL,F2,ADAM17,PTPN2,HSD11B2,BACE1,PDE2A,PTGES,NR3C2,SREBF2,PTGS1,HSD11B1,PTGS2,CYP17A1,CYP2C19,PTPN1,ABL1,HSD17B3,F10,GABBR1,CYP19A1,IL6,TBXAS1,OPRM1,SRD5A2,CYP2D6,CES2"
Component,GO:0005737,Cytoplasm,111,12056,1.97e-10,2.02e-07,"CYP51A1,MAPK1,CSNK2A1,STS,ATP12A,HSD17B1,CYP27B1,MAPK14,NR3C1,CTSD,FLT3,CDC25B,CHRM3,FABP4,CYP2C9,SLC6A4,KCNH2,MAPK3,KDR,BCHE,POLB,CDK2,SLC6A3,SRD5A1,EGFR,SIGMAR1,ADRA2A,CA2,PPARG,HMGCR,NPC1L1,ACE,CYP11B1,FABP1,ACHE,CDC25A,UGT2B7,GLUL,F2,PLG,ADAM17,PTPN2,PRKDC,HSD11B2,BACE1,PGR,NOS2,PDE2A,HSP90AA1,DYRK1A,PTGES,ESR2,PDE4D,CTSB,NR3C2,PDE3A,AKR1B10,SREBF2,TOP1,PTGS1,DRD2,HSD11B1,PTGS2,NR1I3,CYP17A1,CYP2C19,PTPN1,ABL1,PLAU,ALOX5,AR,HSD17B3,F10,GABBR1,PIK3CD,POLA1,RPS6KA3,AKR1C3,AKR1C2,AKR1C1,JAK2,DRD3,G6PD,MAPK8,CYP19A1,PDE7A,IL6,ADRA2C,TBXAS1,CHEK1,FGFR1,OPRM1,CHRM2,ESR1,TOP2A,PIK3CG,GC,EPHX2,CA1,GPBAR1,NTRK1,TYK2,JAK3,HTR2A,SRD5A2,NR1H3,PTPN11,CYP2D6,PREP,NR1H2,CES2"
Component,GO:0042734,Presynaptic membrane,12,146,4.61e-10,2.49e-07,"SLC6A2,ADORA3,SLC6A4,SLC6A3,ADRA2A,PDE2A,DRD2,GABBR1,OPRM1,CHRM2,HTR2A,ADORA2A"
Component,GO:0098590,Plasma membrane region,30,1237,3.65e-10,2.49e-07,"MAPK1,ATP12A,SLC6A2,ADORA3,CHRM3,SLC6A4,MAPK3,SLC6A3,EGFR,SIGMAR1,ADRA2A,NPC1L1,ACE,ADAM17,MET,PDE2A,HSP90AA1,PDE4D,CTSB,DRD2,PTGS2,GABBR1,CA9,JAK2,DRD3,OPRM1,CHRM2,HTR2A,ABCB1,ADORA2A"
Component,GO:0043235,Receptor complex,17,418,3.06e-09,1.25e-06,"FLT3,KDR,EGFR,ADRA2A,PPARG,MET,NR3C2,GABBR1,JAK2,IL6,FGFR1,GPBAR1,NTRK1,TYK2,HTR2A,NR1H4,NR1H3"
Component,GO:0099056,Integral component of presynaptic membrane,9,75,3.59e-09,1.25e-06,"SLC6A4,SLC6A3,ADRA2A,DRD2,GABBR1,OPRM1,CHRM2,HTR2A,ADORA2A"
Component,GO:0012505,Endomembrane system,61,4721,5.45e-09,1.32e-06,"CYP51A1,MAPK1,STS,MAPK14,CTSD,FLT3,CHRM3,CYP2C9,SLC6A4,MAPK3,KDR,BCHE,CDK2,SRD5A1,EGFR,SIGMAR1,HMGCR,ACE,CYP11B1,ACHE,UGT2B7,GLUL,F2,PLG,ADAM17,PTPN2,HSD11B2,BACE1,PDE2A,HSP90AA1,PTGES,CTSB,NR3C2,SREBF2,PTGS1,DRD2,HSD11B1,PTGS2,CYP17A1,CYP2C19,PTPN1,ABL1,PLAU,ALOX5,HSD17B3,F10,GABBR1,POLA1,JAK2,CYP19A1,IL6,ADRA2C,TBXAS1,OPRM1,ESR1,NTRK1,JAK3,SRD5A2,ADORA2A,CYP2D6,CES2"
Component,GO:0045121,Membrane raft,15,320,4.51e-09,1.32e-06,"MAPK1,SLC6A2,CTSD,SLC6A4,MAPK3,KDR,SLC6A3,EGFR,ADAM17,BACE1,PTGS2,GABBR1,JAK2,OPRM1,HTR2A"
Component,GO:0043025,Neuronal cell body,18,502,6.78e-09,1.39e-06,"SLC6A2,SLC6A3,SRD5A1,ADRA2A,GLUL,BACE1,HSP90AA1,TOP1,DRD2,CYP17A1,ABL1,GABBR1,OPRM1,CHRM2,NTRK1,HTR2A,SRD5A2,ADORA2A"
Component,GO:0031226,Intrinsic component of plasma membrane,34,1788,9.29e-09,1.58e-06,"ATP12A,SLC6A2,ADORA3,FLT3,CHRM3,SLC6A4,KCNH2,KDR,SLC6A3,EGFR,ADRA2A,NPC1L1,ACE,ADAM17,MET,BACE1,CACNA1H,DRD2,TACR2,F10,GABBR1,JAK2,DRD3,HCRTR1,IL6,ADRA2C,FGFR1,OPRM1,CHRM2,GPBAR1,NTRK1,TYK2,HTR2A,ADORA2A"
Component,GO:0005887,Integral component of plasma membrane,33,1706,1.09e-08,1.65e-06,"ATP12A,SLC6A2,ADORA3,FLT3,CHRM3,SLC6A4,KCNH2,KDR,SLC6A3,EGFR,ADRA2A,NPC1L1,ACE,ADAM17,MET,BACE1,CACNA1H,DRD2,TACR2,GABBR1,JAK2,DRD3,HCRTR1,IL6,ADRA2C,FGFR1,OPRM1,CHRM2,GPBAR1,NTRK1,TYK2,HTR2A,ADORA2A"
Component,GO:0099055,Integral component of postsynaptic membrane,10,118,1.05e-08,1.65e-06,"SLC6A4,SLC6A3,ADRA2A,DRD2,GABBR1,DRD3,OPRM1,CHRM2,HTR2A,ADORA2A"
Component,GO:0005789,Endoplasmic reticulum membrane,26,1157,3.12e-08,3.99e-06,"CYP51A1,STS,CHRM3,CYP2C9,SRD5A1,EGFR,SIGMAR1,HMGCR,CYP11B1,UGT2B7,HSD11B2,PTGES,NR3C2,SREBF2,PTGS1,HSD11B1,PTGS2,CYP17A1,CYP2C19,PTPN1,HSD17B3,GABBR1,CYP19A1,TBXAS1,SRD5A2,CYP2D6"
Component,GO:0097060,Synaptic membrane,15,375,3.43e-08,3.99e-06,"SLC6A2,ADORA3,CHRM3,SLC6A4,SLC6A3,SIGMAR1,ADRA2A,PDE2A,DRD2,GABBR1,DRD3,OPRM1,CHRM2,HTR2A,ADORA2A"
Component,GO:0005622,Intracellular anatomical structure,120,14891,6.34e-08,6.18e-06,"CYP51A1,MAPK1,CSNK2A1,STS,ATP12A,HSD17B1,CYP27B1,MAPK14,NR3C1,CTSD,FLT3,CDC25B,CHRM3,FABP4,CYP2C9,RORA,SLC6A4,KCNH2,MAPK3,KDR,BCHE,POLB,CDK2,SLC6A3,SRD5A1,EGFR,SIGMAR1,ADRA2A,CA2,PPARG,HMGCR,NPC1L1,ACE,CYP11B1,FABP1,ACHE,CDC25A,UGT2B7,GLUL,F2,PLG,ADAM17,PPARD,PTPN2,PRKDC,HSD11B2,BACE1,PGR,RORC,NOS2,PDE2A,HSP90AA1,NR1I2,DYRK1A,PTGES,ESR2,PDE4D,CTSB,NR3C2,PDE3A,AKR1B10,SREBF2,TOP1,PTGS1,DRD2,HSD11B1,PTGS2,NR1I3,CYP17A1,CYP2C19,PTPN1,ABL1,PLAU,ALOX5,AR,HSD17B3,F10,GABBR1,PIK3CD,CA9,POLA1,RPS6KA3,AKR1C3,AKR1C2,AKR1C1,JAK2,DRD3,G6PD,MAPK8,CYP19A1,PPARA,PDE7A,IL6,ADRA2C,TBXAS1,CHEK1,FGFR1,OPRM1,CHRM2,ESR1,TOP2A,PIK3CG,GC,EPHX2,CA1,GPBAR1,NTRK1,TYK2,JAK3,HTR2A,NR1H4,SRD5A2,NR1H3,ABCB1,ADORA2A,PTPN11,CYP2D6,PREP,NR1H2,CES2"
Component,GO:0036477,Somatodendritic compartment,21,855,1.95e-07,1.73e-05,"SLC6A2,CHRM3,SLC6A3,SRD5A1,ADRA2A,GLUL,BACE1,HSP90AA1,DYRK1A,TOP1,DRD2,CYP17A1,ABL1,GABBR1,MAPK8,OPRM1,CHRM2,NTRK1,HTR2A,SRD5A2,ADORA2A"
Component,GO:0043227,Membrane-bounded organelle,111,13188,2.88e-07,2.26e-05,"CYP51A1,MAPK1,CSNK2A1,STS,CYP27B1,MAPK14,NR3C1,CTSD,FLT3,CDC25B,CHRM3,FABP4,CYP2C9,RORA,SLC6A4,MAPK3,KDR,BCHE,POLB,CDK2,SRD5A1,EGFR,SIGMAR1,CA2,PPARG,HMGCR,NPC1L1,ACE,CYP11B1,FABP1,ACHE,CDC25A,UGT2B7,GLUL,F2,PLG,ADAM17,PPARD,PTPN2,PRKDC,HSD11B2,BACE1,PGR,RORC,NOS2,PDE2A,HSP90AA1,NR1I2,DYRK1A,PTGES,SERPINA6,ESR2,PDE4D,CTSB,NR3C2,AKR1B10,SREBF2,TOP1,PTGS1,DRD2,HSD11B1,PTGS2,NR1I3,CYP17A1,CYP2C19,PTPN1,ABL1,PLAU,TACR2,ALOX5,AR,HSD17B3,F10,GABBR1,CA9,POLA1,RPS6KA3,SHBG,AKR1C3,AKR1C1,JAK2,DRD3,G6PD,MAPK8,CYP19A1,PPARA,IL6,ADRA2C,TBXAS1,CHEK1,FGFR1,OPRM1,CHRM2,ESR1,TOP2A,GC,EPHX2,CA1,NTRK1,TYK2,JAK3,HTR2A,NR1H4,SRD5A2,NR1H3,ABCB1,PTPN11,CYP2D6,PREP,NR1H2,CES2"
Component,GO:0045211,Postsynaptic membrane,12,268,2.75e-07,2.26e-05,"CHRM3,SLC6A4,SLC6A3,SIGMAR1,ADRA2A,DRD2,GABBR1,DRD3,OPRM1,CHRM2,HTR2A,ADORA2A"
Component,GO:0005886,Plasma membrane,63,5544,4.07e-07,3.09e-05,"MAPK1,CSNK2A1,STS,ATP12A,SLC6A2,ADORA3,FLT3,CHRM3,CYP2C9,SLC6A4,KCNH2,MAPK3,KDR,BCHE,SLC6A3,EGFR,SIGMAR1,ADRA2A,CA2,NPC1L1,ACE,ACHE,GLUL,F2,PLG,ADAM17,PTPN2,MET,BACE1,NOS2,CACNA1H,PDE2A,HSP90AA1,PDE4D,CTSB,DRD2,PTGS2,CYP2C19,PLAU,TACR2,AR,F10,GABBR1,PIK3CD,CA9,JAK2,DRD3,G6PD,HCRTR1,IL6,ADRA2C,FGFR1,OPRM1,CHRM2,ESR1,PIK3CG,GPBAR1,NTRK1,TYK2,JAK3,HTR2A,ABCB1,ADORA2A"
Component,GO:0016020,Membrane,90,9523,4.26e-07,3.12e-05,"CYP51A1,MAPK1,CSNK2A1,STS,ATP12A,SLC6A2,CYP27B1,NR3C1,CTSD,ADORA3,FLT3,CHRM3,CYP2C9,SLC6A4,KCNH2,MAPK3,KDR,BCHE,SLC6A3,SRD5A1,EGFR,SIGMAR1,ADRA2A,CA2,HMGCR,NPC1L1,ACE,CYP11B1,ACHE,UGT2B7,GLUL,F2,PLG,ADAM17,PTPN2,PRKDC,HSD11B2,MET,BACE1,PGR,NOS2,CACNA1H,PDE2A,HSP90AA1,PTGES,PDE4D,CTSB,NR3C2,PDE3A,SREBF2,PTGS1,DRD2,HSD11B1,PTGS2,CYP17A1,CYP2C19,PTPN1,ABL1,PLAU,TACR2,ALOX5,AR,HSD17B3,F10,GABBR1,PIK3CD,CA9,JAK2,DRD3,G6PD,CYP19A1,HCRTR1,IL6,ADRA2C,TBXAS1,FGFR1,OPRM1,CHRM2,ESR1,PIK3CG,GPBAR1,NTRK1,TYK2,JAK3,HTR2A,SRD5A2,ABCB1,ADORA2A,CYP2D6,PREP"
Component,GO:0043231,Intracellular membrane-bounded organelle,105,12149,5.41e-07,3.82e-05,"CYP51A1,MAPK1,CSNK2A1,STS,CYP27B1,MAPK14,NR3C1,CTSD,FLT3,CDC25B,CHRM3,FABP4,CYP2C9,RORA,SLC6A4,MAPK3,KDR,BCHE,POLB,CDK2,SRD5A1,EGFR,SIGMAR1,PPARG,HMGCR,NPC1L1,ACE,CYP11B1,FABP1,ACHE,CDC25A,UGT2B7,GLUL,F2,PLG,ADAM17,PPARD,PTPN2,PRKDC,HSD11B2,BACE1,PGR,RORC,NOS2,PDE2A,HSP90AA1,NR1I2,DYRK1A,PTGES,ESR2,PDE4D,CTSB,NR3C2,AKR1B10,SREBF2,TOP1,PTGS1,DRD2,HSD11B1,PTGS2,NR1I3,CYP17A1,CYP2C19,PTPN1,ABL1,PLAU,ALOX5,AR,HSD17B3,F10,GABBR1,CA9,POLA1,RPS6KA3,AKR1C3,JAK2,DRD3,G6PD,MAPK8,CYP19A1,PPARA,IL6,ADRA2C,TBXAS1,CHEK1,FGFR1,OPRM1,CHRM2,ESR1,TOP2A,GC,EPHX2,NTRK1,TYK2,JAK3,HTR2A,NR1H4,SRD5A2,NR1H3,ABCB1,PTPN11,CYP2D6,PREP,NR1H2,CES2"
Component,GO:0045202,Synapse,26,1350,6.01e-07,4.1e-05,"MAPK1,SLC6A2,MAPK14,ADORA3,CHRM3,SLC6A4,SLC6A3,SIGMAR1,ADRA2A,ACHE,GLUL,PLG,BACE1,PDE2A,DRD2,ABL1,GABBR1,RPS6KA3,JAK2,DRD3,MAPK8,HCRTR1,OPRM1,CHRM2,HTR2A,ADORA2A"
Component,GO:0031984,Organelle subcompartment,27,1479,9.75e-07,5.88e-05,"CYP51A1,STS,CHRM3,CYP2C9,SRD5A1,EGFR,SIGMAR1,HMGCR,CYP11B1,UGT2B7,HSD11B2,BACE1,PTGES,NR3C2,SREBF2,PTGS1,HSD11B1,PTGS2,CYP17A1,CYP2C19,PTPN1,HSD17B3,GABBR1,CYP19A1,TBXAS1,SRD5A2,CYP2D6"
Component,GO:0070013,Intracellular organelle lumen,63,5660,8.9e-07,5.88e-05,"MAPK1,CSNK2A1,STS,MAPK14,NR3C1,CTSD,FLT3,CDC25B,RORA,MAPK3,BCHE,POLB,CDK2,EGFR,PPARG,FABP1,CDC25A,F2,PLG,ADAM17,PPARD,PTPN2,PRKDC,HSD11B2,BACE1,PGR,RORC,NOS2,PDE2A,HSP90AA1,NR1I2,DYRK1A,PTGES,ESR2,CTSB,NR3C2,SREBF2,TOP1,PTGS2,NR1I3,PTPN1,ABL1,ALOX5,AR,F10,CA9,POLA1,RPS6KA3,JAK2,MAPK8,PPARA,IL6,CHEK1,ESR1,TOP2A,GC,EPHX2,NR1H4,NR1H3,ABCB1,PTPN11,NR1H2,CES2"
Component,GO:0043226,Organelle,114,14017,1.03e-06,6e-05,"CYP51A1,MAPK1,CSNK2A1,STS,ATP12A,CYP27B1,MAPK14,NR3C1,CTSD,FLT3,CDC25B,CHRM3,FABP4,CYP2C9,RORA,SLC6A4,MAPK3,KDR,BCHE,POLB,CDK2,SRD5A1,EGFR,SIGMAR1,ADRA2A,CA2,PPARG,HMGCR,NPC1L1,ACE,CYP11B1,FABP1,ACHE,CDC25A,UGT2B7,GLUL,F2,PLG,ADAM17,PPARD,PTPN2,PRKDC,HSD11B2,BACE1,PGR,RORC,NOS2,PDE2A,HSP90AA1,NR1I2,DYRK1A,PTGES,SERPINA6,ESR2,PDE4D,CTSB,NR3C2,AKR1B10,SREBF2,TOP1,PTGS1,DRD2,HSD11B1,PTGS2,NR1I3,CYP17A1,CYP2C19,PTPN1,ABL1,PLAU,TACR2,ALOX5,AR,HSD17B3,F10,GABBR1,CA9,POLA1,RPS6KA3,SHBG,AKR1C3,AKR1C1,JAK2,DRD3,G6PD,MAPK8,CYP19A1,PPARA,IL6,ADRA2C,TBXAS1,CHEK1,FGFR1,OPRM1,CHRM2,ESR1,TOP2A,GC,EPHX2,CA1,NTRK1,TYK2,JAK3,HTR2A,NR1H4,SRD5A2,NR1H3,ABCB1,ADORA2A,PTPN11,CYP2D6,PREP,NR1H2,CES2"
Component,GO:0005788,Endoplasmic reticulum lumen,12,312,1.29e-06,7.34e-05,"MAPK1,STS,FLT3,MAPK3,BCHE,F2,ADAM17,BACE1,PTGS2,F10,IL6,CES2"
Component,GO:0030424,Axon,17,651,1.43e-06,7.93e-05,"SLC6A3,SIGMAR1,ADRA2A,GLUL,BACE1,HSP90AA1,DYRK1A,DRD2,CYP17A1,ABL1,GABBR1,MAPK8,OPRM1,CHRM2,NTRK1,HTR2A,ADORA2A"
Component,GO:0071944,Cell periphery,65,6015,1.52e-06,8.19e-05,"MAPK1,CSNK2A1,STS,ATP12A,SLC6A2,CTSD,ADORA3,FLT3,CHRM3,CYP2C9,SLC6A4,KCNH2,MAPK3,KDR,BCHE,SLC6A3,EGFR,SIGMAR1,ADRA2A,CA2,NPC1L1,ACE,FABP1,ACHE,GLUL,F2,PLG,ADAM17,PTPN2,MET,BACE1,NOS2,CACNA1H,PDE2A,HSP90AA1,PDE4D,CTSB,DRD2,PTGS2,CYP2C19,PLAU,TACR2,AR,F10,GABBR1,PIK3CD,CA9,JAK2,DRD3,G6PD,HCRTR1,IL6,ADRA2C,FGFR1,OPRM1,CHRM2,ESR1,PIK3CG,GPBAR1,NTRK1,TYK2,JAK3,HTR2A,ABCB1,ADORA2A"
Component,GO:0031982,Vesicle,49,3957,1.79e-06,9.41e-05,"MAPK1,STS,MAPK14,CTSD,FLT3,FABP4,SLC6A4,MAPK3,KDR,CDK2,EGFR,SIGMAR1,CA2,NPC1L1,ACE,FABP1,GLUL,F2,PLG,BACE1,NOS2,HSP90AA1,SERPINA6,CTSB,SREBF2,PTGS1,DRD2,PTPN1,PLAU,ALOX5,GABBR1,SHBG,AKR1C3,AKR1C1,JAK2,DRD3,G6PD,ADRA2C,FGFR1,OPRM1,CHRM2,GC,EPHX2,CA1,NTRK1,TYK2,JAK3,HTR2A,ABCB1"
Component,GO:0043005,Neuron projection,25,1391,3.5e-06,0.00018,"SLC6A2,CHRM3,SLC6A4,SLC6A3,SRD5A1,SIGMAR1,ADRA2A,GLUL,BACE1,CACNA1H,HSP90AA1,DYRK1A,PTGS1,DRD2,PTGS2,CYP17A1,ABL1,GABBR1,MAPK8,OPRM1,CHRM2,NTRK1,HTR2A,SRD5A2,ADORA2A"
Component,GO:0005829,Cytosol,59,5438,6.69e-06,0.00033,"MAPK1,CSNK2A1,ATP12A,HSD17B1,MAPK14,NR3C1,FLT3,CDC25B,FABP4,MAPK3,CDK2,SIGMAR1,CA2,PPARG,FABP1,CDC25A,GLUL,ADAM17,PTPN2,PRKDC,PGR,NOS2,PDE2A,HSP90AA1,PDE4D,NR3C2,PDE3A,AKR1B10,SREBF2,NR1I3,PTPN1,ABL1,ALOX5,AR,PIK3CD,POLA1,RPS6KA3,AKR1C3,AKR1C2,AKR1C1,JAK2,G6PD,MAPK8,PDE7A,TBXAS1,CHEK1,FGFR1,ESR1,PIK3CG,GC,EPHX2,CA1,TYK2,JAK3,HTR2A,NR1H3,PTPN11,PREP,NR1H2"
Component,GO:0098793,Presynapse,14,525,1.03e-05,0.0005,"SLC6A2,ADORA3,SLC6A4,SLC6A3,ADRA2A,GLUL,BACE1,PDE2A,DRD2,GABBR1,OPRM1,CHRM2,HTR2A,ADORA2A"
Component,GO:0005901,Caveola,6,78,1.73e-05,0.00082,"MAPK1,MAPK3,SLC6A3,PTGS2,JAK2,HTR2A"
Component,GO:0042995,Cell projection,33,2379,1.85e-05,0.00085,"MAPK1,SLC6A2,CHRM3,SLC6A4,MAPK3,SLC6A3,SRD5A1,EGFR,SIGMAR1,ADRA2A,NPC1L1,ACE,GLUL,BACE1,CACNA1H,HSP90AA1,DYRK1A,PTGS1,DRD2,PTGS2,CYP17A1,ABL1,TACR2,GABBR1,CA9,DRD3,MAPK8,OPRM1,CHRM2,NTRK1,HTR2A,SRD5A2,ADORA2A"
Component,GO:0120025,Plasma membrane bounded cell projection,32,2268,1.84e-05,0.00085,"MAPK1,SLC6A2,CHRM3,SLC6A4,MAPK3,SLC6A3,SRD5A1,EGFR,SIGMAR1,ADRA2A,NPC1L1,ACE,GLUL,BACE1,CACNA1H,HSP90AA1,DYRK1A,PTGS1,DRD2,PTGS2,CYP17A1,ABL1,TACR2,GABBR1,CA9,MAPK8,OPRM1,CHRM2,NTRK1,HTR2A,SRD5A2,ADORA2A"
Component,GO:0043229,Intracellular organelle,107,13231,2.35e-05,0.001,"CYP51A1,MAPK1,CSNK2A1,STS,ATP12A,CYP27B1,MAPK14,NR3C1,CTSD,FLT3,CDC25B,CHRM3,FABP4,CYP2C9,RORA,SLC6A4,MAPK3,KDR,BCHE,POLB,CDK2,SRD5A1,EGFR,SIGMAR1,PPARG,HMGCR,NPC1L1,ACE,CYP11B1,FABP1,ACHE,CDC25A,UGT2B7,GLUL,F2,PLG,ADAM17,PPARD,PTPN2,PRKDC,HSD11B2,BACE1,PGR,RORC,NOS2,PDE2A,HSP90AA1,NR1I2,DYRK1A,PTGES,ESR2,PDE4D,CTSB,NR3C2,AKR1B10,SREBF2,TOP1,PTGS1,DRD2,HSD11B1,PTGS2,NR1I3,CYP17A1,CYP2C19,PTPN1,ABL1,PLAU,ALOX5,AR,HSD17B3,F10,GABBR1,CA9,POLA1,RPS6KA3,AKR1C3,JAK2,DRD3,G6PD,MAPK8,CYP19A1,PPARA,IL6,ADRA2C,TBXAS1,CHEK1,FGFR1,OPRM1,CHRM2,ESR1,TOP2A,GC,EPHX2,NTRK1,TYK2,JAK3,HTR2A,NR1H4,SRD5A2,NR1H3,ABCB1,ADORA2A,PTPN11,CYP2D6,PREP,NR1H2,CES2"
Component,GO:0070852,Cell body fiber,3,7,3.05e-05,0.0013,"SRD5A1,HTR2A,SRD5A2"
Component,GO:0030054,Cell junction,30,2115,3.27e-05,0.0014,"MAPK1,SLC6A2,MAPK14,ADORA3,CHRM3,SLC6A4,MAPK3,KDR,SLC6A3,EGFR,SIGMAR1,ADRA2A,ACHE,GLUL,PLG,BACE1,PDE2A,DRD2,ABL1,PLAU,GABBR1,RPS6KA3,JAK2,DRD3,MAPK8,HCRTR1,OPRM1,CHRM2,HTR2A,ADORA2A"
Component,GO:0098794,Postsynapse,14,621,6.25e-05,0.0026,"CHRM3,SLC6A4,SLC6A3,SIGMAR1,ADRA2A,DRD2,ABL1,GABBR1,JAK2,DRD3,OPRM1,CHRM2,HTR2A,ADORA2A"
Component,GO:0005641,Nuclear envelope lumen,3,10,7.17e-05,0.0029,"BCHE,PTGES,ALOX5"
Component,GO:0009986,Cell surface,17,894,7.93e-05,0.0032,"SLC6A2,KCNH2,KDR,SLC6A3,EGFR,ACE,ACHE,PLG,ADAM17,MET,BACE1,HSP90AA1,CTSB,PLAU,F10,NTRK1,ABCB1"
Component,GO:0098978,Glutamatergic synapse,10,334,8.05e-05,0.0032,"MAPK14,ADRA2A,PLG,DRD2,GABBR1,JAK2,DRD3,CHRM2,HTR2A,ADORA2A"
Component,GO:0110165,Cellular anatomical entity,128,18293,7.9e-05,0.0032,"CYP51A1,MAPK1,CSNK2A1,STS,ATP12A,SLC6A2,HSD17B1,CYP27B1,MAPK14,NR3C1,CTSD,ADORA3,FLT3,CDC25B,CHRM3,FABP4,CYP2C9,RORA,SLC6A4,KCNH2,MAPK3,KDR,BCHE,POLB,CDK2,SLC6A3,SRD5A1,EGFR,SIGMAR1,ADRA2A,CA2,PPARG,HMGCR,NPC1L1,ACE,CYP11B1,FABP1,ACHE,CDC25A,UGT2B7,GLUL,F2,PLG,ADAM17,PPARD,PTPN2,PRKDC,HSD11B2,MET,BACE1,PGR,RORC,NOS2,CACNA1H,PDE2A,HSP90AA1,NR1I2,DYRK1A,PTGES,SERPINA6,ESR2,PDE4D,CTSB,NR3C2,PDE3A,AKR1B10,SREBF2,TOP1,PTGS1,DRD2,HSD11B1,PTGS2,NR1I3,CYP17A1,CYP2C19,PTPN1,ABL1,PLAU,TACR2,ALOX5,AR,HSD17B3,F10,GABBR1,PIK3CD,CA9,POLA1,RPS6KA3,SHBG,AKR1C3,AKR1C2,AKR1C1,JAK2,DRD3,G6PD,MAPK8,CYP19A1,HCRTR1,PPARA,PDE7A,IL6,ADRA2C,TBXAS1,CHEK1,FGFR1,OPRM1,CHRM2,ESR1,TOP2A,PIK3CG,GC,EPHX2,CA1,GPBAR1,NTRK1,TYK2,JAK3,HTR2A,NR1H4,SRD5A2,NR1H3,ABCB1,ADORA2A,PTPN11,CYP2D6,PREP,NR1H2,CES2"
Component,GO:0098691,Dopaminergic synapse,3,11,9.08e-05,0.0034,"SLC6A3,ADRA2A,DRD2"
Component,GO:0031090,Organelle membrane,42,3673,9.86e-05,0.0037,"CYP51A1,STS,CYP27B1,CTSD,FLT3,CHRM3,CYP2C9,SLC6A4,SRD5A1,EGFR,SIGMAR1,HMGCR,NPC1L1,CYP11B1,UGT2B7,ADAM17,HSD11B2,BACE1,PGR,NOS2,PDE2A,PTGES,NR3C2,SREBF2,PTGS1,DRD2,HSD11B1,PTGS2,CYP17A1,CYP2C19,PTPN1,ABL1,PLAU,ALOX5,HSD17B3,GABBR1,CYP19A1,TBXAS1,CHRM2,NTRK1,SRD5A2,CYP2D6"
Component,GO:0031410,Cytoplasmic vesicle,32,2482,0.00011,0.0038,"MAPK1,STS,MAPK14,CTSD,FLT3,SLC6A4,MAPK3,KDR,CDK2,EGFR,SIGMAR1,NPC1L1,ACE,PLG,BACE1,HSP90AA1,CTSB,SREBF2,DRD2,PTPN1,PLAU,ALOX5,GABBR1,JAK2,DRD3,ADRA2C,FGFR1,OPRM1,CHRM2,NTRK1,JAK3,HTR2A"
Component,GO:0005768,Endosome,18,1030,0.00014,0.0048,"MAPK1,STS,CTSD,FLT3,SLC6A4,MAPK3,KDR,CDK2,EGFR,ACE,BACE1,CTSB,PTPN1,JAK2,ADRA2C,OPRM1,NTRK1,JAK3"
Component,GO:1904813,ficolin-1-rich granule lumen,6,124,0.0002,0.0068,"MAPK1,MAPK14,CTSD,HSP90AA1,CTSB,ALOX5"
Component,GO:0030425,Dendrite,13,624,0.00025,0.0083,"CHRM3,BACE1,HSP90AA1,DYRK1A,DRD2,ABL1,GABBR1,MAPK8,OPRM1,CHRM2,NTRK1,HTR2A,ADORA2A"
Component,GO:0000785,Chromatin,20,1285,0.00026,0.0085,"CSNK2A1,NR3C1,RORA,PPARG,PPARD,PGR,RORC,NR1I2,ESR2,NR3C2,SREBF2,NR1I3,AR,JAK2,PPARA,CHEK1,ESR1,NR1H4,NR1H3,NR1H2"
Component,GO:0009925,Basal plasma membrane,8,251,0.00028,0.009,"ATP12A,CHRM3,EGFR,ADRA2A,ACE,MET,HSP90AA1,CA9"
Component,GO:0043209,Myelin sheath,4,45,0.00028,0.009,"SRD5A1,CA2,GLUL,HSP90AA1"
Component,GO:0005694,Chromosome,25,1850,0.00036,0.0111,"CSNK2A1,NR3C1,RORA,CDK2,PPARG,PPARD,PRKDC,PGR,RORC,NR1I2,ESR2,NR3C2,SREBF2,TOP1,NR1I3,AR,POLA1,JAK2,PPARA,CHEK1,ESR1,TOP2A,NR1H4,NR1H3,NR1H2"
Component,GO:0016021,Integral component of membrane,55,5670,0.00045,0.0136,"CYP51A1,STS,ATP12A,SLC6A2,ADORA3,FLT3,CHRM3,SLC6A4,KCNH2,KDR,SLC6A3,SRD5A1,EGFR,SIGMAR1,ADRA2A,HMGCR,NPC1L1,ACE,ACHE,UGT2B7,ADAM17,PTPN2,HSD11B2,MET,BACE1,CACNA1H,PTGES,PDE4D,PDE3A,SREBF2,DRD2,HSD11B1,PTPN1,TACR2,GABBR1,CA9,JAK2,DRD3,CYP19A1,HCRTR1,IL6,ADRA2C,TBXAS1,FGFR1,OPRM1,CHRM2,ESR1,GPBAR1,NTRK1,TYK2,HTR2A,SRD5A2,ABCB1,ADORA2A,CYP2D6"
Component,GO:0031253,Cell projection membrane,9,342,0.00046,0.0137,"EGFR,NPC1L1,ACE,HSP90AA1,DRD2,GABBR1,CA9,OPRM1,ADORA2A"
Component,GO:0031224,Intrinsic component of membrane,56,5828,0.00049,0.0144,"CYP51A1,STS,ATP12A,SLC6A2,ADORA3,FLT3,CHRM3,SLC6A4,KCNH2,KDR,SLC6A3,SRD5A1,EGFR,SIGMAR1,ADRA2A,HMGCR,NPC1L1,ACE,ACHE,UGT2B7,ADAM17,PTPN2,HSD11B2,MET,BACE1,CACNA1H,PTGES,PDE4D,PDE3A,SREBF2,DRD2,HSD11B1,PTPN1,TACR2,F10,GABBR1,CA9,JAK2,DRD3,CYP19A1,HCRTR1,IL6,ADRA2C,TBXAS1,FGFR1,OPRM1,CHRM2,ESR1,GPBAR1,NTRK1,TYK2,HTR2A,SRD5A2,ABCB1,ADORA2A,CYP2D6"
Component,GO:0150034,Distal axon,8,281,0.00058,0.0168,"SLC6A3,SIGMAR1,ADRA2A,GLUL,HSP90AA1,DRD2,ABL1,CHRM2"
Component,GO:0045177,Apical part of cell,10,433,0.00061,0.0173,"ATP12A,CA2,NPC1L1,FABP1,ADAM17,HSP90AA1,PDE4D,CTSB,DRD3,ABCB1"
Component,GO:0005654,Nucleoplasm,43,4169,0.00079,0.0222,"MAPK1,CSNK2A1,MAPK14,NR3C1,CDC25B,RORA,MAPK3,POLB,CDK2,PPARG,FABP1,CDC25A,PPARD,PTPN2,PRKDC,HSD11B2,PGR,RORC,NOS2,HSP90AA1,NR1I2,DYRK1A,ESR2,NR3C2,SREBF2,TOP1,NR1I3,ABL1,ALOX5,AR,POLA1,RPS6KA3,JAK2,MAPK8,PPARA,CHEK1,ESR1,TOP2A,NR1H4,NR1H3,ABCB1,PTPN11,NR1H2"
Component,GO:0097443,Sorting endosome,2,5,0.00085,0.0235,"KDR,PTPN1"
Component,GO:1905370,Serine-type endopeptidase complex,3,26,0.00085,0.0235,"F2,PLAU,F10"
Component,GO:0048471,Perinuclear region of cytoplasm,13,727,0.001,0.0268,"KCNH2,SRD5A1,EGFR,PPARG,ACHE,NOS2,PDE2A,HSP90AA1,PTGES,PDE4D,CTSB,ABL1,ALOX5"
Component,GO:0043679,Axon terminus,5,114,0.0011,0.0276,"SLC6A3,ADRA2A,GLUL,DRD2,CHRM2"
Component,GO:0042022,interleukin-12 receptor complex,2,7,0.0014,0.0374,"JAK2,TYK2"
Component,GO:0072536,interleukin-23 receptor complex,2,7,0.0014,0.0374,"JAK2,TYK2"
Component,GO:0031983,Vesicle lumen,8,326,0.0015,0.0375,"MAPK1,MAPK14,CTSD,EGFR,PLG,BACE1,HSP90AA1,ALOX5"
Component,GO:0098982,GABA-ergic synapse,4,77,0.0019,0.0458,"ADRA2A,DRD2,GABBR1,DRD3"
Function,GO:0004879,Nuclear receptor activity,16,53,4.97e-21,2.45e-17,"NR3C1,RORA,PPARG,PPARD,PGR,RORC,NR1I2,ESR2,NR3C2,NR1I3,AR,PPARA,ESR1,NR1H4,NR1H3,NR1H2"
Function,GO:0043167,Ion binding,91,6033,7.930000000000001e-21,2.45e-17,"CYP51A1,MAPK1,CSNK2A1,STS,ATP12A,SLC6A2,HSD17B1,CYP27B1,MAPK14,NR3C1,FLT3,CHRM3,FABP4,CYP2C9,RORA,SLC6A4,MAPK3,KDR,BCHE,POLB,CDK2,SLC6A3,SRD5A1,EGFR,CA2,PPARG,HMGCR,ACE,CYP11B1,FABP1,ACHE,GLUL,F2,ADAM17,PPARD,PRKDC,MET,PGR,RORC,NOS2,CACNA1H,PDE2A,HSP90AA1,NR1I2,DYRK1A,PTGES,ESR2,PDE4D,NR3C2,PDE3A,TOP1,PTGS1,DRD2,PTGS2,NR1I3,CYP17A1,CYP2C19,PTPN1,ABL1,ALOX5,AR,F10,PIK3CD,CA9,POLA1,RPS6KA3,AKR1C3,AKR1C2,AKR1C1,JAK2,MAPK8,CYP19A1,PPARA,PDE7A,TBXAS1,CHEK1,FGFR1,ESR1,TOP2A,PIK3CG,EPHX2,CA1,NTRK1,TYK2,JAK3,HTR2A,NR1H4,NR1H3,ABCB1,CYP2D6,NR1H2"
Function,GO:0003824,Catalytic activity,84,5522,1.52e-18,1.88e-15,"CYP51A1,MAPK1,CSNK2A1,STS,ATP12A,HSD17B1,CYP27B1,MAPK14,CTSD,FLT3,CDC25B,CHRM3,CYP2C9,MAPK3,KDR,BCHE,POLB,CDK2,SRD5A1,EGFR,CA2,HMGCR,ACE,CYP11B1,ACHE,CDC25A,UGT2B7,GLUL,F2,PLG,ADAM17,PTPN2,PRKDC,HSD11B2,MET,BACE1,NOS2,PDE2A,HSP90AA1,DYRK1A,PTGES,PDE4D,CTSB,PDE3A,AKR1B10,TOP1,PTGS1,HSD11B1,PTGS2,CYP17A1,CYP2C19,PTPN1,ABL1,PLAU,ALOX5,HSD17B3,F10,PIK3CD,CA9,POLA1,RPS6KA3,AKR1C3,AKR1C2,AKR1C1,JAK2,G6PD,MAPK8,CYP19A1,PDE7A,TBXAS1,CHEK1,FGFR1,TOP2A,PIK3CG,EPHX2,CA1,NTRK1,TYK2,JAK3,SRD5A2,PTPN11,CYP2D6,PREP,CES2"
Function,GO:0005496,Steroid binding,17,101,1.59e-18,1.88e-15,"HSD17B1,NR3C1,RORA,NPC1L1,HSD11B2,PGR,RORC,SERPINA6,ESR2,NR3C2,HSD11B1,AR,SHBG,ESR1,GC,NR1H4,NR1H3"
Function,GO:0046914,Transition metal ion binding,35,1104,4.12e-15,3.39e-12,"CYP51A1,CYP27B1,NR3C1,CYP2C9,RORA,CA2,PPARG,ACE,CYP11B1,GLUL,PPARD,PGR,RORC,PDE2A,NR1I2,ESR2,NR3C2,NR1I3,CYP17A1,CYP2C19,PTPN1,ABL1,ALOX5,AR,CA9,POLA1,CYP19A1,PPARA,TBXAS1,ESR1,CA1,NR1H4,NR1H3,CYP2D6,NR1H2"
Function,GO:0038023,Signaling receptor activity,38,1489,1.68e-13,1.18e-10,"NR3C1,ADORA3,FLT3,CHRM3,RORA,KDR,EGFR,SIGMAR1,ADRA2A,PPARG,F2,PPARD,MET,PGR,RORC,NR1I2,ESR2,NR3C2,DRD2,NR1I3,TACR2,AR,GABBR1,DRD3,HCRTR1,PPARA,ADRA2C,FGFR1,OPRM1,CHRM2,ESR1,GPBAR1,NTRK1,HTR2A,NR1H4,NR1H3,ADORA2A,NR1H2"
Function,GO:0004497,Monooxygenase activity,13,103,5.7e-13,3.12e-10,"CYP51A1,CYP27B1,CYP2C9,CYP11B1,NOS2,CYP17A1,CYP2C19,AKR1C3,AKR1C2,AKR1C1,CYP19A1,TBXAS1,CYP2D6"
Function,GO:0097159,Organic cyclic compound binding,79,6050,5.74e-13,3.12e-10,"CYP51A1,MAPK1,CSNK2A1,ATP12A,HSD17B1,CYP27B1,MAPK14,NR3C1,FLT3,CYP2C9,RORA,SLC6A4,KCNH2,MAPK3,KDR,POLB,CDK2,SLC6A3,SRD5A1,EGFR,ADRA2A,PPARG,HMGCR,NPC1L1,CYP11B1,GLUL,PPARD,PRKDC,HSD11B2,MET,PGR,RORC,NOS2,PDE2A,HSP90AA1,NR1I2,DYRK1A,SERPINA6,ESR2,PDE4D,NR3C2,SREBF2,TOP1,PTGS1,DRD2,HSD11B1,PTGS2,NR1I3,CYP17A1,CYP2C19,PTPN1,ABL1,AR,PIK3CD,POLA1,RPS6KA3,SHBG,JAK2,G6PD,MAPK8,CYP19A1,PPARA,ADRA2C,TBXAS1,CHEK1,FGFR1,ESR1,TOP2A,PIK3CG,GC,NTRK1,TYK2,JAK3,HTR2A,NR1H4,NR1H3,ABCB1,CYP2D6,NR1H2"
Function,GO:0005488,Binding,118,12838,9.22e-13,4.13e-10,"CYP51A1,MAPK1,CSNK2A1,STS,ATP12A,SLC6A2,HSD17B1,CYP27B1,MAPK14,NR3C1,FLT3,CDC25B,CHRM3,FABP4,CYP2C9,RORA,SLC6A4,KCNH2,MAPK3,KDR,BCHE,POLB,CDK2,SLC6A3,SRD5A1,EGFR,SIGMAR1,ADRA2A,CA2,PPARG,HMGCR,NPC1L1,ACE,CYP11B1,FABP1,ACHE,CDC25A,GLUL,F2,PLG,ADAM17,PPARD,PTPN2,PRKDC,HSD11B2,MET,BACE1,PGR,RORC,NOS2,CACNA1H,PDE2A,HSP90AA1,NR1I2,DYRK1A,PTGES,SERPINA6,ESR2,PDE4D,CTSB,NR3C2,PDE3A,SREBF2,TOP1,PTGS1,DRD2,HSD11B1,PTGS2,NR1I3,CYP17A1,CYP2C19,PTPN1,ABL1,ALOX5,AR,F10,GABBR1,PIK3CD,CA9,POLA1,RPS6KA3,SHBG,AKR1C3,AKR1C2,AKR1C1,JAK2,DRD3,G6PD,MAPK8,CYP19A1,HCRTR1,PPARA,PDE7A,IL6,ADRA2C,TBXAS1,CHEK1,FGFR1,OPRM1,CHRM2,ESR1,TOP2A,PIK3CG,GC,EPHX2,CA1,NTRK1,TYK2,JAK3,HTR2A,NR1H4,SRD5A2,NR1H3,ABCB1,ADORA2A,PTPN11,CYP2D6,NR1H2"
Function,GO:0036094,Small molecule binding,48,2507,1.42e-12,5.85e-10,"MAPK1,CSNK2A1,ATP12A,HSD17B1,MAPK14,FLT3,MAPK3,KDR,CDK2,SRD5A1,EGFR,PPARG,HMGCR,NPC1L1,FABP1,GLUL,PPARD,PRKDC,HSD11B2,MET,NOS2,PDE2A,HSP90AA1,DYRK1A,PDE4D,TOP1,HSD11B1,CYP17A1,CYP2C19,ABL1,PIK3CD,POLA1,RPS6KA3,JAK2,G6PD,MAPK8,CYP19A1,CHEK1,FGFR1,TOP2A,PIK3CG,GC,NTRK1,TYK2,JAK3,NR1H4,NR1H3,ABCB1"
Function,GO:0016705,"Oxidoreductase activity, acting on paired donors, with incorporation or reduction of molecular oxygen",15,177,1.81e-12,6.86e-10,"CYP51A1,CYP27B1,CYP2C9,CYP11B1,NOS2,PTGS1,PTGS2,CYP17A1,CYP2C19,AKR1C3,AKR1C2,AKR1C1,CYP19A1,TBXAS1,CYP2D6"
Function,GO:0016491,Oxidoreductase activity,26,731,2.19e-12,7.73e-10,"CYP51A1,HSD17B1,CYP27B1,CYP2C9,SRD5A1,HMGCR,CYP11B1,HSD11B2,NOS2,PTGES,AKR1B10,PTGS1,HSD11B1,PTGS2,CYP17A1,CYP2C19,ALOX5,HSD17B3,AKR1C3,AKR1C2,AKR1C1,G6PD,CYP19A1,TBXAS1,SRD5A2,CYP2D6"
Function,GO:0019899,Enzyme binding,43,2084,3.12e-12,1.03e-09,"MAPK1,MAPK14,NR3C1,CDC25B,SLC6A4,KCNH2,MAPK3,BCHE,POLB,SLC6A3,EGFR,ADRA2A,PPARG,NPC1L1,ACE,CDC25A,PLG,PTPN2,PRKDC,MET,BACE1,PGR,HSP90AA1,ESR2,PDE4D,PTGS2,CYP2C19,PTPN1,ABL1,AR,POLA1,RPS6KA3,JAK2,MAPK8,PPARA,ESR1,TOP2A,NTRK1,JAK3,ABCB1,ADORA2A,PTPN11,NR1H2"
Function,GO:1901363,Heterocyclic compound binding,76,5977,1.25e-11,3.85e-09,"CYP51A1,MAPK1,CSNK2A1,ATP12A,HSD17B1,CYP27B1,MAPK14,NR3C1,FLT3,CYP2C9,RORA,SLC6A4,KCNH2,MAPK3,KDR,POLB,CDK2,SLC6A3,SRD5A1,EGFR,PPARG,HMGCR,NPC1L1,ACE,CYP11B1,FABP1,GLUL,PPARD,PRKDC,HSD11B2,MET,PGR,RORC,NOS2,PDE2A,HSP90AA1,NR1I2,DYRK1A,ESR2,PDE4D,NR3C2,SREBF2,TOP1,PTGS1,DRD2,HSD11B1,PTGS2,NR1I3,CYP17A1,CYP2C19,PTPN1,ABL1,AR,PIK3CD,POLA1,RPS6KA3,JAK2,G6PD,MAPK8,CYP19A1,PPARA,TBXAS1,CHEK1,FGFR1,ESR1,TOP2A,PIK3CG,NTRK1,TYK2,JAK3,HTR2A,NR1H4,NR1H3,ABCB1,CYP2D6,NR1H2"
Function,GO:0016229,Steroid dehydrogenase activity,9,38,1.62e-11,4.71e-09,"HSD17B1,SRD5A1,HSD11B2,HSD11B1,HSD17B3,AKR1C3,AKR1C2,AKR1C1,SRD5A2"
Function,GO:0020037,Heme binding,13,140,2.03e-11,5.56e-09,"CYP51A1,CYP27B1,CYP2C9,CYP11B1,NOS2,PTGS1,PTGS2,CYP17A1,CYP2C19,JAK2,CYP19A1,TBXAS1,CYP2D6"
Function,GO:0016709,"Oxidoreductase activity, acting on paired donors, with incorporation or reduction of molecular oxygen, NAD(P)H as one donor, and incorporation of one atom of oxygen",9,40,2.42e-11,6.28e-09,"CYP51A1,CYP27B1,CYP2C9,NOS2,CYP2C19,AKR1C3,AKR1C2,AKR1C1,CYP2D6"
Function,GO:0004672,Protein kinase activity,22,583,4.55e-11,1.12e-08,"MAPK1,CSNK2A1,MAPK14,FLT3,MAPK3,KDR,CDK2,EGFR,PRKDC,MET,DYRK1A,TOP1,ABL1,RPS6KA3,JAK2,MAPK8,CHEK1,FGFR1,PIK3CG,NTRK1,TYK2,JAK3"
Function,GO:0043168,Anion binding,44,2404,8.19e-11,1.84e-08,"MAPK1,CSNK2A1,ATP12A,HSD17B1,MAPK14,FLT3,FABP4,MAPK3,KDR,CDK2,SRD5A1,EGFR,PPARG,HMGCR,ACE,FABP1,GLUL,PPARD,PRKDC,MET,NOS2,PDE2A,HSP90AA1,DYRK1A,PTGES,PDE4D,TOP1,ABL1,PIK3CD,RPS6KA3,AKR1C3,AKR1C2,AKR1C1,JAK2,MAPK8,CHEK1,FGFR1,TOP2A,PIK3CG,NTRK1,TYK2,JAK3,NR1H4,ABCB1"
Function,GO:0033764,"Steroid dehydrogenase activity, acting on the CH-OH group of donors, NAD or NADP as acceptor",8,32,1.56e-10,3.35e-08,"HSD17B1,HSD11B2,HSD11B1,HSD17B3,AKR1C3,AKR1C2,AKR1C1,SRD5A2"
Function,GO:0043169,Cation binding,61,4335,1.62e-10,3.35e-08,"CYP51A1,STS,ATP12A,SLC6A2,CYP27B1,NR3C1,CHRM3,CYP2C9,RORA,SLC6A4,BCHE,POLB,CDK2,SLC6A3,CA2,PPARG,ACE,CYP11B1,ACHE,GLUL,F2,ADAM17,PPARD,PGR,RORC,NOS2,CACNA1H,PDE2A,NR1I2,ESR2,PDE4D,NR3C2,PDE3A,PTGS1,DRD2,PTGS2,NR1I3,CYP17A1,CYP2C19,PTPN1,ABL1,ALOX5,AR,F10,CA9,POLA1,RPS6KA3,JAK2,CYP19A1,PPARA,PDE7A,TBXAS1,ESR1,TOP2A,EPHX2,CA1,HTR2A,NR1H4,NR1H3,CYP2D6,NR1H2"
Function,GO:0016773,"Phosphotransferase activity, alcohol group as acceptor",23,692,1.78e-10,3.51e-08,"MAPK1,CSNK2A1,MAPK14,FLT3,MAPK3,KDR,CDK2,EGFR,PRKDC,MET,DYRK1A,TOP1,ABL1,PIK3CD,RPS6KA3,JAK2,MAPK8,CHEK1,FGFR1,PIK3CG,NTRK1,TYK2,JAK3"
Function,GO:0005515,Protein binding,82,7242,4e-10,7.59e-08,"MAPK1,CSNK2A1,SLC6A2,HSD17B1,MAPK14,NR3C1,FLT3,CDC25B,FABP4,RORA,SLC6A4,KCNH2,MAPK3,KDR,BCHE,POLB,CDK2,SLC6A3,EGFR,SIGMAR1,ADRA2A,PPARG,NPC1L1,ACE,ACHE,CDC25A,GLUL,F2,PLG,ADAM17,PPARD,PTPN2,PRKDC,MET,BACE1,PGR,NOS2,CACNA1H,PDE2A,HSP90AA1,NR1I2,DYRK1A,ESR2,PDE4D,CTSB,SREBF2,TOP1,DRD2,HSD11B1,PTGS2,CYP2C19,PTPN1,ABL1,AR,GABBR1,POLA1,RPS6KA3,JAK2,DRD3,G6PD,MAPK8,PPARA,IL6,ADRA2C,CHEK1,FGFR1,OPRM1,CHRM2,ESR1,TOP2A,PIK3CG,GC,EPHX2,NTRK1,TYK2,JAK3,HTR2A,NR1H4,ABCB1,ADORA2A,PTPN11,NR1H2"
Function,GO:0008289,Lipid binding,24,796,4.58e-10,8.37e-08,"HSD17B1,NR3C1,FABP4,RORA,PPARG,NPC1L1,FABP1,F2,PPARD,HSD11B2,PGR,RORC,SERPINA6,ESR2,NR3C2,HSD11B1,AR,F10,SHBG,PPARA,ESR1,GC,NR1H4,NR1H3"
Function,GO:0003707,Nuclear steroid receptor activity,7,25,1.17e-09,2.05e-07,"NR3C1,PPARD,PGR,ESR2,NR3C2,PPARA,ESR1"
Function,GO:0016616,"Oxidoreductase activity, acting on the CH-OH group of donors, NAD or NADP as acceptor",11,126,1.4e-09,2.38e-07,"HSD17B1,HMGCR,HSD11B2,AKR1B10,HSD11B1,HSD17B3,AKR1C3,AKR1C2,AKR1C1,G6PD,SRD5A2"
Function,GO:0016772,"Transferase activity, transferring phosphorus-containing groups",25,930,1.88e-09,3.09e-07,"MAPK1,CSNK2A1,MAPK14,FLT3,MAPK3,KDR,POLB,CDK2,EGFR,PRKDC,MET,DYRK1A,TOP1,ABL1,PIK3CD,POLA1,RPS6KA3,JAK2,MAPK8,CHEK1,FGFR1,PIK3CG,NTRK1,TYK2,JAK3"
Function,GO:0016301,Kinase activity,23,788,2.04e-09,3.24e-07,"MAPK1,CSNK2A1,MAPK14,FLT3,MAPK3,KDR,CDK2,EGFR,PRKDC,MET,DYRK1A,TOP1,ABL1,PIK3CD,RPS6KA3,JAK2,MAPK8,CHEK1,FGFR1,PIK3CG,NTRK1,TYK2,JAK3"
Function,GO:0008270,Zinc ion binding,23,827,4.96e-09,7.41e-07,"NR3C1,RORA,CA2,PPARG,ACE,PPARD,PGR,RORC,PDE2A,NR1I2,ESR2,NR3C2,NR1I3,PTPN1,AR,CA9,POLA1,PPARA,ESR1,CA1,NR1H4,NR1H3,NR1H2"
Function,GO:0004713,Protein tyrosine kinase activity,11,146,5.92e-09,8.59e-07,"FLT3,KDR,EGFR,MET,DYRK1A,ABL1,JAK2,FGFR1,NTRK1,TYK2,JAK3"
Function,GO:0000166,Nucleotide binding,38,2168,8.52e-09,1.2e-06,"MAPK1,CSNK2A1,ATP12A,HSD17B1,MAPK14,FLT3,MAPK3,KDR,CDK2,SRD5A1,EGFR,HMGCR,GLUL,PRKDC,HSD11B2,MET,NOS2,PDE2A,HSP90AA1,DYRK1A,PDE4D,TOP1,HSD11B1,ABL1,PIK3CD,POLA1,RPS6KA3,JAK2,G6PD,MAPK8,CHEK1,FGFR1,TOP2A,PIK3CG,NTRK1,TYK2,JAK3,ABCB1"
Function,GO:0019902,Phosphatase binding,12,198,1.18e-08,1.57e-06,"MAPK1,MAPK14,MAPK3,SLC6A3,EGFR,PPARG,MET,HSP90AA1,PTPN1,MAPK8,PPARA,JAK3"
Function,GO:0032559,Adenyl ribonucleotide binding,31,1554,1.7e-08,2.21e-06,"MAPK1,CSNK2A1,ATP12A,MAPK14,FLT3,MAPK3,KDR,CDK2,EGFR,HMGCR,GLUL,PRKDC,MET,PDE2A,HSP90AA1,DYRK1A,PDE4D,TOP1,ABL1,PIK3CD,RPS6KA3,JAK2,MAPK8,CHEK1,FGFR1,TOP2A,PIK3CG,NTRK1,TYK2,JAK3,ABCB1"
Function,GO:0046872,Metal ion binding,56,4250,1.93e-08,2.44e-06,"CYP51A1,STS,ATP12A,SLC6A2,CYP27B1,NR3C1,CYP2C9,RORA,SLC6A4,POLB,CDK2,SLC6A3,CA2,PPARG,ACE,CYP11B1,GLUL,F2,ADAM17,PPARD,PGR,RORC,NOS2,CACNA1H,PDE2A,NR1I2,ESR2,PDE4D,NR3C2,PDE3A,PTGS1,PTGS2,NR1I3,CYP17A1,CYP2C19,PTPN1,ABL1,ALOX5,AR,F10,CA9,POLA1,RPS6KA3,JAK2,CYP19A1,PPARA,PDE7A,TBXAS1,ESR1,TOP2A,EPHX2,CA1,NR1H4,NR1H3,CYP2D6,NR1H2"
Function,GO:0032052,Bile acid binding,5,10,2.96e-08,3.56e-06,"FABP1,AKR1C3,AKR1C2,AKR1C1,NR1H4"
Function,GO:0140096,"Catalytic activity, acting on a protein",38,2279,3.23e-08,3.8e-06,"MAPK1,CSNK2A1,MAPK14,CTSD,FLT3,CDC25B,MAPK3,KDR,CDK2,EGFR,ACE,CDC25A,GLUL,F2,PLG,ADAM17,PTPN2,PRKDC,MET,BACE1,DYRK1A,CTSB,TOP1,PTPN1,ABL1,PLAU,F10,RPS6KA3,JAK2,MAPK8,CHEK1,FGFR1,PIK3CG,NTRK1,TYK2,JAK3,PTPN11,PREP"
Function,GO:0030283,Testosterone dehydrogenase [NAD(P)] activity,5,11,4.28e-08,4.91e-06,"HSD17B1,HSD17B3,AKR1C3,AKR1C1,SRD5A2"
Function,GO:0042802,Identical protein binding,36,2144,7.14e-08,8e-06,"MAPK1,CSNK2A1,HSD17B1,NR3C1,SLC6A4,KCNH2,MAPK3,KDR,BCHE,EGFR,SIGMAR1,ADRA2A,PPARG,NPC1L1,ACHE,GLUL,MET,PGR,NOS2,PDE2A,HSP90AA1,DYRK1A,DRD2,HSD11B1,PTGS2,JAK2,G6PD,ADRA2C,FGFR1,ESR1,TOP2A,PIK3CG,EPHX2,NTRK1,HTR2A,ADORA2A"
Function,GO:0016628,"Oxidoreductase activity, acting on the CH-CH group of donors, NAD or NADP as acceptor",6,29,8.96e-08,9.82e-06,"SRD5A1,AKR1C3,AKR1C2,AKR1C1,TBXAS1,SRD5A2"
Function,GO:0033293,Monocarboxylic acid binding,8,79,9.23e-08,9.89e-06,"FABP4,PPARG,FABP1,PPARD,AKR1C3,AKR1C2,AKR1C1,NR1H4"
Function,GO:0005102,Signaling receptor binding,29,1499,1.05e-07,1.11e-05,"FABP4,KDR,SLC6A3,ADRA2A,ACE,F2,PLG,ADAM17,PTPN2,PGR,HSP90AA1,ESR2,PDE4D,DRD2,PTPN1,ABL1,AR,JAK2,DRD3,IL6,ADRA2C,FGFR1,PIK3CG,NTRK1,TYK2,JAK3,ADORA2A,PTPN11,NR1H2"
Function,GO:0005506,Iron ion binding,10,155,1.18e-07,1.22e-05,"CYP51A1,CYP27B1,CYP2C9,CYP11B1,CYP17A1,CYP2C19,ALOX5,CYP19A1,TBXAS1,CYP2D6"
Function,GO:0019900,Kinase binding,20,785,2.24e-07,2.25e-05,"MAPK14,NR3C1,CDC25B,EGFR,ADRA2A,ACE,CDC25A,PLG,PTPN2,HSP90AA1,PTPN1,ABL1,POLA1,RPS6KA3,JAK2,MAPK8,ESR1,TOP2A,NTRK1,PTPN11"
Function,GO:0031406,Carboxylic acid binding,10,170,2.66e-07,2.63e-05,"FABP4,PPARG,FABP1,GLUL,PPARD,NOS2,AKR1C3,AKR1C2,AKR1C1,NR1H4"
Function,GO:0008395,Steroid hydroxylase activity,6,36,2.79e-07,2.7e-05,"CYP2C9,CYP11B1,CYP17A1,CYP2C19,CYP19A1,CYP2D6"
Function,GO:0005524,ATP binding,28,1491,3.34e-07,3.17e-05,"MAPK1,CSNK2A1,ATP12A,MAPK14,FLT3,MAPK3,KDR,CDK2,EGFR,GLUL,PRKDC,MET,HSP90AA1,DYRK1A,TOP1,ABL1,PIK3CD,RPS6KA3,JAK2,MAPK8,CHEK1,FGFR1,TOP2A,PIK3CG,NTRK1,TYK2,JAK3,ABCB1"
Function,GO:0004303,Estradiol 17-beta-dehydrogenase activity,5,19,3.99e-07,3.72e-05,"HSD17B1,HSD17B3,AKR1C3,AKR1C2,AKR1C1"
Function,GO:0017076,Purine nucleotide binding,32,1917,5.42e-07,4.95e-05,"MAPK1,CSNK2A1,ATP12A,MAPK14,FLT3,MAPK3,KDR,CDK2,EGFR,HMGCR,GLUL,PRKDC,MET,PDE2A,HSP90AA1,DYRK1A,PDE4D,TOP1,ABL1,PIK3CD,POLA1,RPS6KA3,JAK2,MAPK8,CHEK1,FGFR1,TOP2A,PIK3CG,NTRK1,TYK2,JAK3,ABCB1"
Function,GO:0032553,Ribonucleotide binding,32,1920,5.6e-07,5.03e-05,"MAPK1,CSNK2A1,ATP12A,MAPK14,FLT3,MAPK3,KDR,CDK2,EGFR,HMGCR,GLUL,PRKDC,MET,NOS2,PDE2A,HSP90AA1,DYRK1A,PDE4D,TOP1,ABL1,PIK3CD,RPS6KA3,JAK2,MAPK8,CHEK1,FGFR1,TOP2A,PIK3CG,NTRK1,TYK2,JAK3,ABCB1"
Function,GO:0001223,Transcription coactivator binding,6,43,7.17e-07,6.31e-05,"RORA,PPARD,PGR,AR,PPARA,ESR1"
Function,GO:0019903,Protein phosphatase binding,9,152,1.03e-06,8.87e-05,"MAPK14,SLC6A3,EGFR,PPARG,MET,HSP90AA1,PTPN1,MAPK8,JAK3"
Function,GO:0047045,Testosterone 17-beta-dehydrogenase (NADP+) activity,4,9,1.13e-06,9.63e-05,"HSD17B1,HSD17B3,AKR1C3,AKR1C1"
Function,GO:0001221,Transcription coregulator binding,8,114,1.26e-06,0.00011,"RORA,PPARG,PPARD,PGR,AR,PPARA,ESR1,NR1H4"
Function,GO:0050661,NADP binding,6,52,1.98e-06,0.00016,"HSD17B1,SRD5A1,HMGCR,NOS2,HSD11B1,G6PD"
Function,GO:0004032,alditol:NADP+ 1-oxidoreductase activity,4,12,2.84e-06,0.00022,"AKR1B10,AKR1C3,AKR1C2,AKR1C1"
Function,GO:0097367,Carbohydrate derivative binding,34,2278,2.72e-06,0.00022,"MAPK1,CSNK2A1,ATP12A,MAPK14,FLT3,MAPK3,KDR,CDK2,EGFR,HMGCR,GLUL,F2,PRKDC,MET,NOS2,PDE2A,HSP90AA1,DYRK1A,PDE4D,CTSB,TOP1,ABL1,PIK3CD,RPS6KA3,JAK2,MAPK8,CHEK1,FGFR1,TOP2A,PIK3CG,NTRK1,TYK2,JAK3,ABCB1"
Function,GO:0019901,Protein kinase binding,17,702,3.85e-06,0.0003,"MAPK14,NR3C1,CDC25B,ADRA2A,ACE,CDC25A,PTPN2,HSP90AA1,PTPN1,ABL1,POLA1,RPS6KA3,JAK2,MAPK8,ESR1,TOP2A,PTPN11"
Function,GO:0051427,Hormone receptor binding,5,33,4.39e-06,0.00033,"FABP4,JAK2,TYK2,JAK3,PTPN11"
Function,GO:0061629,RNA polymerase II-specific DNA-binding transcription factor binding,12,353,4.42e-06,0.00033,"MAPK14,FLT3,PPARG,PPARD,PTPN2,PRKDC,NR1I2,AR,PPARA,ESR1,NR1H4,NR1H2"
Function,GO:0044594,17-beta-hydroxysteroid dehydrogenase (NAD+) activity,4,14,4.73e-06,0.00034,"HSD17B1,AKR1C3,AKR1C2,AKR1C1"
Function,GO:1901338,Catecholamine binding,4,14,4.73e-06,0.00034,"SLC6A3,ADRA2A,DRD2,ADRA2C"
Function,GO:0018636,"Phenanthrene 9,10-monooxygenase activity",3,3,5.18e-06,0.00037,"AKR1C3,AKR1C2,AKR1C1"
Function,GO:0047718,Indanol dehydrogenase activity,3,3,5.18e-06,0.00037,"AKR1B10,AKR1C2,AKR1C1"
Function,GO:0004714,Transmembrane receptor protein tyrosine kinase activity,6,63,5.53e-06,0.00038,"FLT3,KDR,EGFR,MET,FGFR1,NTRK1"
Function,GO:0004707,MAP kinase activity,4,15,5.96e-06,0.0004,"MAPK1,MAPK14,MAPK3,MAPK8"
Function,GO:0004674,Protein serine/threonine kinase activity,13,434,6.58e-06,0.00044,"MAPK1,CSNK2A1,MAPK14,MAPK3,CDK2,EGFR,PRKDC,DYRK1A,TOP1,RPS6KA3,MAPK8,CHEK1,PIK3CG"
Function,GO:0035410,Dihydrotestosterone 17-beta-dehydrogenase activity,3,4,9.03e-06,0.00059,"HSD17B1,AKR1C3,AKR1C1"
Function,GO:0016788,"Hydrolase activity, acting on ester bonds",17,765,1.16e-05,0.00075,"STS,CDC25B,CHRM3,BCHE,CA2,ACHE,CDC25A,PTPN2,PDE2A,PDE4D,PDE3A,PTPN1,PDE7A,EPHX2,CA1,PTPN11,CES2"
Function,GO:0004115,"3,5-cyclic-AMP phosphodiesterase activity",4,19,1.33e-05,0.00085,"PDE2A,PDE4D,PDE3A,PDE7A"
Function,GO:0019904,Protein domain specific binding,16,695,1.41e-05,0.00089,"KCNH2,CDK2,PPARG,PLG,ADAM17,PRKDC,PDE2A,HSP90AA1,TOP1,ABL1,AR,JAK2,DRD3,PPARA,CHEK1,OPRM1"
Function,GO:0035671,Enone reductase activity,3,5,1.44e-05,0.0009,"SRD5A1,AKR1C3,SRD5A2"
Function,GO:0047086,Ketosteroid monooxygenase activity,3,5,1.44e-05,0.0009,"AKR1C3,AKR1C2,AKR1C1"
Function,GO:0004715,Non-membrane spanning protein tyrosine kinase activity,5,45,1.74e-05,0.0011,"DYRK1A,ABL1,JAK2,TYK2,JAK3"
Function,GO:0042803,Protein homodimerization activity,16,709,1.79e-05,0.0011,"HSD17B1,KCNH2,ADRA2A,NPC1L1,ACHE,NOS2,PDE2A,HSP90AA1,HSD11B1,PTGS2,G6PD,ADRA2C,FGFR1,TOP2A,EPHX2,NTRK1"
Function,GO:0004888,Transmembrane signaling receptor activity,22,1268,2.53e-05,0.0015,"ADORA3,FLT3,CHRM3,KDR,EGFR,SIGMAR1,ADRA2A,PPARG,MET,DRD2,TACR2,GABBR1,DRD3,HCRTR1,ADRA2C,FGFR1,OPRM1,CHRM2,GPBAR1,NTRK1,HTR2A,ADORA2A"
Function,GO:0008227,G protein-coupled amine receptor activity,5,49,2.54e-05,0.0015,"CHRM3,ADRA2A,ADRA2C,CHRM2,HTR2A"
Function,GO:0051117,ATPase binding,6,87,3.1e-05,0.0017,"EGFR,PGR,PDE4D,AR,ESR1,NR1H2"
Function,GO:0106310,Protein serine kinase activity,11,361,3e-05,0.0017,"MAPK1,CSNK2A1,MAPK14,MAPK3,CDK2,PRKDC,DYRK1A,RPS6KA3,MAPK8,CHEK1,PIK3CG"
Function,GO:0008134,Transcription factor binding,14,587,3.45e-05,0.0019,"MAPK14,FLT3,RORA,PPARG,PPARD,PTPN2,PRKDC,PGR,NR1I2,AR,PPARA,ESR1,NR1H4,NR1H2"
Function,GO:0042562,Hormone binding,6,90,3.71e-05,0.002,"NR3C1,EGFR,PDE3A,AR,SHBG,HCRTR1"
Function,GO:0047023,Androsterone dehydrogenase activity,3,8,4.18e-05,0.0022,"AKR1C3,AKR1C2,AKR1C1"
Function,GO:0042578,Phosphoric ester hydrolase activity,11,377,4.4e-05,0.0023,"CDC25B,CHRM3,CDC25A,PTPN2,PDE2A,PDE4D,PDE3A,PTPN1,PDE7A,EPHX2,PTPN11"
Function,GO:0008504,Monoamine transmembrane transporter activity,3,9,5.54e-05,0.0028,"SLC6A2,SLC6A4,SLC6A3"
Function,GO:0047044,"androstan-3-alpha,17-beta-diol dehydrogenase activity",3,9,5.54e-05,0.0028,"AKR1C3,AKR1C2,AKR1C1"
Function,GO:0015378,Sodium:chloride symporter activity,3,10,7.17e-05,0.0036,"SLC6A2,SLC6A4,SLC6A3"
Function,GO:0099528,G protein-coupled neurotransmitter receptor activity,3,10,7.17e-05,0.0036,"CHRM3,GABBR1,CHRM2"
Function,GO:0005131,Growth hormone receptor binding,3,11,9.08e-05,0.0044,"JAK2,TYK2,JAK3"
Function,GO:0030594,Neurotransmitter receptor activity,6,110,0.00011,0.0051,"CHRM3,DRD2,GABBR1,DRD3,CHRM2,HTR2A"
Function,GO:0004726,Non-membrane spanning protein tyrosine phosphatase activity,3,12,0.00011,0.0054,"PTPN2,PTPN1,PTPN11"
Function,GO:0004930,G protein-coupled receptor activity,16,831,0.00011,0.0054,"ADORA3,CHRM3,SIGMAR1,ADRA2A,PPARG,DRD2,TACR2,GABBR1,DRD3,HCRTR1,ADRA2C,OPRM1,CHRM2,GPBAR1,HTR2A,ADORA2A"
Function,GO:0043176,Amine binding,3,13,0.00014,0.0064,"SLC6A4,SLC6A3,HTR2A"
Function,GO:0016712,"Oxidoreductase activity, acting on paired donors, with incorporation or reduction of molecular oxygen, reduced flavin or flavoprotein as one donor, and incorporation of one atom of oxygen",4,38,0.00015,0.0069,"CYP2C9,CYP2C19,CYP19A1,CYP2D6"
Function,GO:0043621,Protein self-association,5,73,0.00015,0.0069,"FLT3,PPARG,ACHE,DYRK1A,ABL1"
Function,GO:0046965,Nuclear retinoid X receptor binding,3,14,0.00017,0.0075,"PPARG,NR1H4,NR1H2"
Function,GO:0098960,Postsynaptic neurotransmitter receptor activity,5,75,0.00017,0.0075,"CHRM3,DRD2,GABBR1,DRD3,CHRM2"
Function,GO:0004089,Carbonate dehydratase activity,3,15,0.0002,0.0088,"CA2,CA9,CA1"
Function,GO:0036041,Long-chain fatty acid binding,3,15,0.0002,0.0088,"FABP4,PPARG,PPARD"
Function,GO:0016787,Hydrolase activity,30,2347,0.00021,0.0092,"STS,ATP12A,CTSD,CDC25B,CHRM3,BCHE,CA2,ACE,ACHE,CDC25A,F2,PLG,ADAM17,PTPN2,BACE1,PDE2A,HSP90AA1,PDE4D,CTSB,PDE3A,PTPN1,PLAU,ALOX5,F10,PDE7A,EPHX2,CA1,PTPN11,PREP,CES2"
Function,GO:0003845,11-beta-hydroxysteroid dehydrogenase [NAD(P)] activity,2,2,0.00025,0.0105,"HSD11B2,HSD11B1"
Function,GO:0003990,Acetylcholinesterase activity,2,2,0.00025,0.0105,"BCHE,ACHE"
Function,GO:0004666,Prostaglandin-endoperoxide synthase activity,2,2,0.00025,0.0105,"PTGS1,PTGS2"
Function,GO:0004712,Protein serine/threonine/tyrosine kinase activity,4,44,0.00026,0.0105,"MAPK1,MAPK14,MAPK3,DYRK1A"
Function,GO:0018675,(S)-limonene 6-monooxygenase activity,2,2,0.00025,0.0105,"CYP2C9,CYP2C19"
Function,GO:0018676,(S)-limonene 7-monooxygenase activity,2,2,0.00025,0.0105,"CYP2C9,CYP2C19"
Function,GO:0018820,Cyanamide hydratase activity,2,2,0.00025,0.0105,"CA2,CA1"
Function,GO:0038181,Bile acid receptor activity,2,2,0.00025,0.0105,"GPBAR1,NR1H4"
Function,GO:0045550,Geranylgeranyl reductase activity,2,2,0.00025,0.0105,"AKR1B10,AKR1C3"
Function,GO:0052741,(R)-limonene 6-monooxygenase activity,2,2,0.00025,0.0105,"CYP2C9,CYP2C19"
Function,GO:0004708,MAP kinase kinase activity,3,17,0.00028,0.0107,"MAPK1,MAPK14,MAPK3"
Function,GO:0046983,Protein dimerization activity,18,1094,0.00028,0.011,"HSD17B1,KCNH2,ADRA2A,NPC1L1,ACHE,NOS2,PDE2A,HSP90AA1,SREBF2,HSD11B1,PTGS2,GABBR1,G6PD,ADRA2C,FGFR1,TOP2A,EPHX2,NTRK1"
Function,GO:0001784,Phosphotyrosine residue binding,4,46,0.0003,0.0116,"MAPK1,MAPK3,ABL1,PTPN11"
Function,GO:0005504,Fatty acid binding,4,48,0.00035,0.0134,"FABP4,PPARG,FABP1,PPARD"
Function,GO:0043177,Organic acid binding,6,139,0.00036,0.0135,"PPARG,FABP1,GLUL,PPARD,NOS2,NR1H4"
Function,GO:0005326,Neurotransmitter transmembrane transporter activity,3,19,0.00037,0.0138,"SLC6A2,SLC6A4,SLC6A3"
Function,GO:0008081,Phosphoric diester hydrolase activity,5,90,0.00038,0.0138,"CHRM3,PDE2A,PDE4D,PDE3A,PDE7A"
Function,GO:0017171,Serine hydrolase activity,7,198,0.00038,0.0138,"ACE,ACHE,F2,PLG,PLAU,F10,PREP"
Function,GO:0031690,Adrenergic receptor binding,3,19,0.00037,0.0138,"ADRA2A,PDE4D,ADRA2C"
Function,GO:0016922,Nuclear receptor binding,6,141,0.00039,0.014,"FLT3,PPARG,NR1I2,ESR1,NR1H4,NR1H2"
Function,GO:0001591,"Dopamine neurotransmitter receptor activity, coupled via Gi/Go",2,3,0.00041,0.0147,"DRD2,DRD3"
Function,GO:0003865,3-oxo-5-alpha-steroid 4-dehydrogenase activity,2,3,0.00041,0.0147,"SRD5A1,SRD5A2"
Function,GO:0004938,alpha2-adrenergic receptor activity,2,3,0.00041,0.0147,"ADRA2A,ADRA2C"
Function,GO:0005330,Dopamine:sodium symporter activity,2,3,0.00041,0.0147,"SLC6A2,SLC6A3"
Function,GO:0005334,Norepinephrine:sodium symporter activity,2,3,0.00041,0.0147,"SLC6A2,SLC6A3"
Function,GO:0030284,Nuclear estrogen receptor activity,2,3,0.00041,0.0147,"ESR2,ESR1"
Function,GO:0047115,"trans-1,2-dihydrobenzene-1,2-diol dehydrogenase activity",2,3,0.00041,0.0147,"AKR1C2,AKR1C1"
Function,GO:0047751,Cholestenone 5-alpha-reductase activity,2,3,0.00041,0.0147,"SRD5A1,SRD5A2"
Function,GO:0072582,17-beta-hydroxysteroid dehydrogenase (NADP+) activity,2,3,0.00041,0.0147,"HSD17B1,HSD17B3"
Function,GO:0003690,Double-stranded DNA binding,23,1661,0.00046,0.0152,"NR3C1,RORA,KCNH2,EGFR,PPARG,PPARD,PRKDC,PGR,RORC,NR1I2,ESR2,NR3C2,SREBF2,TOP1,NR1I3,ABL1,AR,POLA1,PPARA,ESR1,NR1H4,NR1H3,NR1H2"
Function,GO:0004725,Protein tyrosine phosphatase activity,5,100,0.0006,0.0197,"CDC25B,CDC25A,PTPN2,PTPN1,PTPN11"
Function,GO:0005497,Androgen binding,2,4,0.00061,0.0199,"AR,SHBG"
Function,GO:0034056,Estrogen response element binding,2,4,0.00061,0.0199,"ESR2,ESR1"
Function,GO:0016740,Transferase activity,28,2268,0.00063,0.0203,"MAPK1,CSNK2A1,MAPK14,FLT3,MAPK3,KDR,POLB,CDK2,EGFR,UGT2B7,GLUL,PRKDC,MET,DYRK1A,PTGES,TOP1,ABL1,PIK3CD,POLA1,RPS6KA3,JAK2,MAPK8,CHEK1,FGFR1,PIK3CG,NTRK1,TYK2,JAK3"
Function,GO:0004175,Endopeptidase activity,10,437,0.00065,0.0207,"CTSD,ACE,F2,PLG,ADAM17,BACE1,CTSB,PLAU,F10,PREP"
Function,GO:0016702,"Oxidoreductase activity, acting on single donors with incorporation of molecular oxygen, incorporation of two atoms of oxygen",3,24,0.00069,0.0216,"PTGS1,PTGS2,ALOX5"
Function,GO:0070330,Aromatase activity,3,24,0.00069,0.0216,"CYP2C9,CYP2C19,CYP19A1"
Function,GO:0000287,Magnesium ion binding,7,223,0.00074,0.0231,"CDK2,GLUL,PDE2A,ABL1,RPS6KA3,TOP2A,EPHX2"
Function,GO:0000978,RNA polymerase II cis-regulatory region sequence-specific DNA binding,18,1196,0.0008,0.0244,"NR3C1,RORA,PPARG,PPARD,PGR,RORC,NR1I2,ESR2,NR3C2,SREBF2,TOP1,NR1I3,AR,PPARA,ESR1,NR1H4,NR1H3,NR1H2"
Function,GO:0001664,G protein-coupled receptor binding,8,295,0.0008,0.0244,"ADRA2A,ACE,PDE4D,JAK2,DRD3,ADRA2C,TYK2,ADORA2A"
Function,GO:0001609,G protein-coupled adenosine receptor activity,2,5,0.00085,0.0257,"ADORA3,ADORA2A"
Function,GO:0004985,G protein-coupled opioid receptor activity,2,5,0.00085,0.0257,"SIGMAR1,OPRM1"
Function,GO:0005138,interleukin-6 receptor binding,2,5,0.00085,0.0257,"ADAM17,IL6"
Function,GO:0032934,Sterol binding,4,62,0.00088,0.0259,"RORA,NPC1L1,RORC,NR1H3"
Function,GO:0001228,"DNA-binding transcription activator activity, RNA polymerase II-specific",10,458,0.00093,0.0272,"NR3C1,PGR,NR1I2,NR1I3,AR,PPARA,ESR1,NR1H4,NR1H3,NR1H2"
Function,GO:0051019,Mitogen-activated protein kinase binding,3,27,0.00094,0.0274,"MAPK14,ACE,ABL1"
Function,GO:0016836,Hydro-lyase activity,4,64,0.00098,0.0285,"CA2,CA9,TBXAS1,CA1"
Function,GO:0097110,Scaffold protein binding,4,66,0.0011,0.0312,"KCNH2,CACNA1H,HSP90AA1,PDE4D"
Function,GO:0004064,Arylesterase activity,2,6,0.0011,0.032,"CA2,CA1"
Function,GO:0030911,TPR domain binding,2,6,0.0011,0.032,"PDE2A,HSP90AA1"
Function,GO:0031702,Type 1 angiotensin receptor binding,2,6,0.0011,0.032,"JAK2,TYK2"
Function,GO:0033218,Amide binding,9,391,0.0012,0.032,"BCHE,SRD5A1,PPARG,ACHE,BACE1,PTGES,HCRTR1,OPRM1,SRD5A2"
Function,GO:0047024,"5alpha-androstane-3beta,17beta-diol dehydrogenase activity",2,6,0.0011,0.032,"AKR1C3,AKR1C1"
Function,GO:0051525,NFAT protein binding,2,6,0.0011,0.032,"MAPK14,PPARA"
Function,GO:1990837,Sequence-specific double-stranded DNA binding,21,1564,0.0012,0.0333,"NR3C1,RORA,KCNH2,PPARG,PPARD,PGR,RORC,NR1I2,ESR2,NR3C2,SREBF2,TOP1,NR1I3,ABL1,AR,POLA1,PPARA,ESR1,NR1H4,NR1H3,NR1H2"
Function,GO:0046875,Ephrin receptor binding,3,31,0.0014,0.0368,"PTPN1,ABL1,PIK3CG"
Function,GO:0003916,DNA topoisomerase activity,2,7,0.0014,0.0389,"TOP1,TOP2A"
Function,GO:0004993,G protein-coupled serotonin receptor activity,3,32,0.0015,0.0389,"CHRM3,CHRM2,HTR2A"
Function,GO:0005021,Vascular endothelial growth factor receptor activity,2,7,0.0014,0.0389,"FLT3,KDR"
Function,GO:0008142,Oxysterol binding,2,7,0.0014,0.0389,"RORA,RORC"
Function,GO:0016907,G protein-coupled acetylcholine receptor activity,2,7,0.0014,0.0389,"CHRM3,CHRM2"
Function,GO:0019103,Pyrimidine nucleotide binding,2,7,0.0014,0.0389,"HSP90AA1,POLA1"
Function,GO:0035005,1-phosphatidylinositol-4-phosphate 3-kinase activity,2,7,0.0014,0.0389,"PIK3CD,PIK3CG"
Function,GO:0035240,Dopamine binding,2,7,0.0014,0.0389,"SLC6A3,DRD2"
Function,GO:0044877,Protein-containing complex binding,18,1261,0.0015,0.0389,"FLT3,SLC6A4,KDR,SLC6A3,EGFR,ADRA2A,ACHE,ADAM17,PTPN2,HSP90AA1,CTSB,DRD2,PTPN1,ABL1,PPARA,HTR2A,ADORA2A,PTPN11"
Function,GO:0046934,"phosphatidylinositol-4,5-bisphosphate 3-kinase activity",2,7,0.0014,0.0389,"PIK3CD,PIK3CG"
Function,GO:0051379,Epinephrine binding,2,7,0.0014,0.0389,"ADRA2A,ADRA2C"
Function,GO:0019838,Growth factor binding,5,127,0.0017,0.042,"FLT3,KDR,EGFR,FGFR1,NTRK1"
Function,GO:0001758,Retinal dehydrogenase activity,2,8,0.0018,0.0449,"AKR1B10,AKR1C3"
Function,GO:0008022,Protein C-terminus binding,6,192,0.0018,0.0449,"PPARG,SREBF2,ABL1,JAK2,OPRM1,TOP2A"
Function,GO:0016209,Antioxidant activity,4,76,0.0018,0.0449,"FABP1,PTGES,PTGS1,PTGS2"
Function,GO:0030235,Nitric-oxide synthase regulator activity,2,8,0.0018,0.0449,"HSP90AA1,ESR1"
Function,GO:0047035,Testosterone dehydrogenase (NAD+) activity,2,8,0.0018,0.0449,"HSD17B1,AKR1C3"
Function,GO:0008236,Serine-type peptidase activity,6,194,0.0019,0.0467,"ACE,F2,PLG,PLAU,F10,PREP"
TISSUES,BTO:0000759,Liver,50,2125,1.17e-16,2.84e-13,"CYP51A1,MAPK1,ATP12A,MAPK14,NR3C1,CTSD,FABP4,CYP2C9,BCHE,EGFR,SIGMAR1,CA2,HMGCR,NPC1L1,ACE,FABP1,UGT2B7,GLUL,F2,PLG,ADAM17,PTPN2,PRKDC,MET,NOS2,HSP90AA1,NR1I2,SERPINA6,CTSB,TOP1,HSD11B1,NR1I3,CYP2C19,ABL1,AR,F10,RPS6KA3,SHBG,AKR1C3,AKR1C2,AKR1C1,PPARA,IL6,FGFR1,GC,EPHX2,NR1H3,PTPN11,CYP2D6,CES2"
TISSUES,BTO:0001489,Whole body,123,13099,2.28e-16,2.84e-13,"CYP51A1,MAPK1,CSNK2A1,STS,ATP12A,SLC6A2,HSD17B1,CYP27B1,MAPK14,NR3C1,CTSD,ADORA3,FLT3,CDC25B,CHRM3,FABP4,CYP2C9,RORA,SLC6A4,KCNH2,MAPK3,KDR,BCHE,POLB,CDK2,SLC6A3,SRD5A1,EGFR,SIGMAR1,ADRA2A,CA2,PPARG,HMGCR,NPC1L1,ACE,CYP11B1,FABP1,ACHE,CDC25A,UGT2B7,GLUL,F2,PLG,ADAM17,PPARD,PTPN2,PRKDC,HSD11B2,MET,BACE1,PGR,RORC,NOS2,CACNA1H,PDE2A,HSP90AA1,NR1I2,DYRK1A,PTGES,SERPINA6,ESR2,PDE4D,CTSB,NR3C2,PDE3A,AKR1B10,SREBF2,TOP1,PTGS1,DRD2,HSD11B1,PTGS2,NR1I3,CYP17A1,CYP2C19,PTPN1,ABL1,PLAU,TACR2,ALOX5,AR,HSD17B3,F10,GABBR1,PIK3CD,CA9,RPS6KA3,SHBG,AKR1C3,AKR1C2,AKR1C1,JAK2,G6PD,MAPK8,CYP19A1,PPARA,PDE7A,IL6,TBXAS1,CHEK1,FGFR1,OPRM1,ESR1,TOP2A,PIK3CG,GC,EPHX2,CA1,GPBAR1,NTRK1,TYK2,JAK3,HTR2A,NR1H4,SRD5A2,NR1H3,ABCB1,ADORA2A,PTPN11,CYP2D6,PREP,NR1H2,CES2"
TISSUES,BTO:0001491,Viscus,77,5378,9.51e-15,7.69e-12,"CYP51A1,MAPK1,ATP12A,CYP27B1,MAPK14,NR3C1,CTSD,FABP4,CYP2C9,RORA,BCHE,SRD5A1,EGFR,SIGMAR1,CA2,HMGCR,NPC1L1,ACE,CYP11B1,FABP1,UGT2B7,GLUL,F2,PLG,ADAM17,PPARD,PTPN2,PRKDC,HSD11B2,MET,BACE1,RORC,NOS2,PDE2A,HSP90AA1,NR1I2,DYRK1A,PTGES,SERPINA6,CTSB,NR3C2,AKR1B10,SREBF2,TOP1,HSD11B1,NR1I3,CYP17A1,CYP2C19,ABL1,PLAU,TACR2,AR,F10,CA9,RPS6KA3,SHBG,AKR1C3,AKR1C2,AKR1C1,PPARA,PDE7A,IL6,CHEK1,FGFR1,PIK3CG,GC,EPHX2,CA1,GPBAR1,NTRK1,TYK2,NR1H4,SRD5A2,NR1H3,PTPN11,CYP2D6,CES2"
TISSUES,BTO:0000345,Digestive gland,55,2881,1.34e-14,8.13e-12,"CYP51A1,MAPK1,ATP12A,MAPK14,NR3C1,CTSD,FABP4,CYP2C9,BCHE,EGFR,SIGMAR1,CA2,HMGCR,NPC1L1,ACE,FABP1,UGT2B7,GLUL,F2,PLG,ADAM17,PTPN2,PRKDC,MET,BACE1,NOS2,HSP90AA1,NR1I2,SERPINA6,CTSB,AKR1B10,TOP1,HSD11B1,NR1I3,CYP2C19,ABL1,AR,F10,RPS6KA3,SHBG,AKR1C3,AKR1C2,AKR1C1,PPARA,IL6,FGFR1,PIK3CG,GC,EPHX2,CA1,GPBAR1,NR1H3,PTPN11,CYP2D6,CES2"
TISSUES,BTO:0000089,Blood,40,1824,3.71e-12,1.8e-09,"MAPK1,MAPK14,CTSD,FLT3,SLC6A4,KDR,SIGMAR1,ADRA2A,CA2,HMGCR,ACE,CYP11B1,ACHE,F2,ADAM17,PTPN2,RORC,HSP90AA1,PDE4D,CTSB,NR3C2,PDE3A,TOP1,PTGS1,PTGS2,ABL1,AR,PIK3CD,RPS6KA3,G6PD,IL6,TBXAS1,OPRM1,CA1,NTRK1,JAK3,HTR2A,PTPN11,PREP,NR1H2"
TISSUES,BTO:0000180,Cervical carcinoma cell,18,322,7.21e-12,2.91e-09,"MAPK1,MAPK14,CDC25B,MAPK3,CDK2,EGFR,PPARG,CDC25A,PRKDC,MET,HSP90AA1,TOP1,ABL1,CA9,MAPK8,CHEK1,TOP2A,ABCB1"
TISSUES,BTO:0000570,Hematopoietic system,49,2755,1.09e-11,3.79e-09,"MAPK1,MAPK14,CTSD,FLT3,SLC6A4,MAPK3,KDR,SIGMAR1,ADRA2A,CA2,HMGCR,ACE,CYP11B1,ACHE,CDC25A,F2,ADAM17,PPARD,PTPN2,RORC,HSP90AA1,PDE4D,CTSB,NR3C2,PDE3A,SREBF2,TOP1,PTGS1,PTGS2,PTPN1,ABL1,AR,PIK3CD,RPS6KA3,G6PD,PDE7A,IL6,TBXAS1,CHEK1,OPRM1,CA1,GPBAR1,NTRK1,JAK3,HTR2A,ADORA2A,PTPN11,PREP,NR1H2"
TISSUES,BTO:0001488,Endocrine gland,79,6403,1.41e-11,4.28e-09,"CYP51A1,MAPK1,STS,ATP12A,SLC6A2,MAPK14,NR3C1,CTSD,FLT3,CDC25B,FABP4,CYP2C9,RORA,BCHE,POLB,SRD5A1,EGFR,SIGMAR1,CA2,HMGCR,NPC1L1,ACE,CYP11B1,FABP1,UGT2B7,GLUL,F2,PLG,ADAM17,PTPN2,PRKDC,HSD11B2,MET,BACE1,PGR,RORC,NOS2,PDE2A,HSP90AA1,NR1I2,PTGES,SERPINA6,ESR2,CTSB,AKR1B10,TOP1,HSD11B1,NR1I3,CYP17A1,CYP2C19,ABL1,AR,HSD17B3,F10,RPS6KA3,SHBG,AKR1C3,AKR1C2,AKR1C1,G6PD,CYP19A1,PPARA,PDE7A,IL6,CHEK1,FGFR1,ESR1,PIK3CG,GC,EPHX2,CA1,GPBAR1,NTRK1,NR1H3,ADORA2A,PTPN11,CYP2D6,NR1H2,CES2"
TISSUES,BTO:0000522,Gland,83,7004,1.86e-11,4.7e-09,"CYP51A1,MAPK1,STS,ATP12A,SLC6A2,CYP27B1,MAPK14,NR3C1,CTSD,FLT3,CDC25B,FABP4,CYP2C9,RORA,BCHE,POLB,SRD5A1,EGFR,SIGMAR1,CA2,HMGCR,NPC1L1,ACE,CYP11B1,FABP1,UGT2B7,GLUL,F2,PLG,ADAM17,PTPN2,PRKDC,HSD11B2,MET,BACE1,PGR,RORC,NOS2,PDE2A,HSP90AA1,NR1I2,PTGES,SERPINA6,ESR2,CTSB,NR3C2,AKR1B10,TOP1,HSD11B1,NR1I3,CYP17A1,CYP2C19,ABL1,PLAU,AR,HSD17B3,F10,RPS6KA3,SHBG,AKR1C3,AKR1C2,AKR1C1,G6PD,CYP19A1,PPARA,PDE7A,IL6,CHEK1,FGFR1,ESR1,PIK3CG,GC,EPHX2,CA1,GPBAR1,NTRK1,TYK2,NR1H3,ADORA2A,PTPN11,CYP2D6,NR1H2,CES2"
TISSUES,BTO:0000583,Bone marrow cancer cell,20,442,1.74e-11,4.7e-09,"MAPK1,MAPK14,NR3C1,MAPK3,HMGCR,CDC25A,GLUL,ADAM17,PRKDC,PGR,HSP90AA1,TOP1,PTPN1,ABL1,PIK3CD,RPS6KA3,JAK2,CHEK1,TOP2A,PTPN11"
TISSUES,BTO:0000042,Animal,124,15148,2.65e-10,5.86e-08,"CYP51A1,MAPK1,CSNK2A1,STS,ATP12A,SLC6A2,HSD17B1,CYP27B1,MAPK14,NR3C1,CTSD,ADORA3,FLT3,CDC25B,CHRM3,FABP4,CYP2C9,RORA,SLC6A4,KCNH2,MAPK3,KDR,BCHE,POLB,CDK2,SLC6A3,SRD5A1,EGFR,SIGMAR1,ADRA2A,CA2,PPARG,HMGCR,NPC1L1,ACE,CYP11B1,FABP1,ACHE,CDC25A,UGT2B7,GLUL,F2,PLG,ADAM17,PPARD,PTPN2,PRKDC,HSD11B2,MET,BACE1,PGR,RORC,NOS2,CACNA1H,PDE2A,HSP90AA1,NR1I2,DYRK1A,PTGES,SERPINA6,ESR2,PDE4D,CTSB,NR3C2,PDE3A,AKR1B10,SREBF2,TOP1,PTGS1,DRD2,HSD11B1,PTGS2,NR1I3,CYP17A1,CYP2C19,PTPN1,ABL1,PLAU,TACR2,ALOX5,AR,HSD17B3,F10,GABBR1,PIK3CD,CA9,RPS6KA3,SHBG,AKR1C3,AKR1C2,AKR1C1,JAK2,G6PD,MAPK8,CYP19A1,PPARA,PDE7A,IL6,TBXAS1,CHEK1,FGFR1,OPRM1,CHRM2,ESR1,TOP2A,PIK3CG,GC,EPHX2,CA1,GPBAR1,NTRK1,TYK2,JAK3,HTR2A,NR1H4,SRD5A2,NR1H3,ABCB1,ADORA2A,PTPN11,CYP2D6,PREP,NR1H2,CES2"
TISSUES,BTO:0001271,Leukemia cell,26,1067,6.23e-09,1.16e-06,"MAPK1,MAPK14,NR3C1,CDC25B,KCNH2,MAPK3,CDK2,HMGCR,CDC25A,GLUL,ADAM17,PRKDC,PGR,HSP90AA1,DYRK1A,SREBF2,TOP1,PTPN1,ABL1,PIK3CD,RPS6KA3,JAK2,CHEK1,TOP2A,JAK3,PTPN11"
TISSUES,BTO:0003092,Urinary system,28,1249,8.66e-09,1.5e-06,"ATP12A,CYP27B1,NR3C1,CTSD,FABP4,CYP2C9,RORA,SRD5A1,SIGMAR1,CA2,ACE,FABP1,UGT2B7,PLG,HSD11B2,RORC,NOS2,HSP90AA1,CTSB,NR3C2,PLAU,AKR1C3,AKR1C2,PDE7A,GC,EPHX2,TYK2,SRD5A2"
TISSUES,BTO:0001244,Urinary tract,28,1258,1.01e-08,1.63e-06,"ATP12A,CYP27B1,NR3C1,CTSD,FABP4,CYP2C9,RORA,SRD5A1,SIGMAR1,CA2,ACE,FABP1,UGT2B7,PLG,HSD11B2,RORC,NOS2,HSP90AA1,CTSB,NR3C2,PLAU,AKR1C3,AKR1C2,PDE7A,GC,EPHX2,TYK2,SRD5A2"
TISSUES,BTO:0000449,Fetus,28,1318,2.69e-08,4.08e-06,"STS,HSD17B1,MAPK14,NR3C1,CTSD,RORA,SLC6A4,KDR,CDK2,EGFR,PPARG,ACE,PPARD,PRKDC,HSD11B2,HSP90AA1,PDE4D,CTSB,PTGS2,PTPN1,ABL1,CYP19A1,IL6,FGFR1,ESR1,NR1H3,PTPN11,NR1H2"
TISSUES,BTO:0000431,Excretory gland,28,1385,7.51e-08,1.07e-05,"ATP12A,CYP27B1,NR3C1,CTSD,CYP2C9,RORA,SIGMAR1,ACE,FABP1,UGT2B7,F2,PLG,HSD11B2,PGR,RORC,NOS2,HSP90AA1,PTGES,ESR2,CTSB,NR3C2,PLAU,PDE7A,ESR1,GC,EPHX2,TYK2,NR1H2"
TISSUES,BTO:0001078,Placenta,26,1244,1.28e-07,1.63e-05,"STS,HSD17B1,MAPK14,NR3C1,CTSD,RORA,SLC6A4,KDR,CDK2,EGFR,PPARG,ACE,PPARD,PRKDC,HSD11B2,HSP90AA1,PDE4D,CTSB,PTGS2,PTPN1,CYP19A1,FGFR1,ESR1,NR1H3,PTPN11,NR1H2"
TISSUES,BTO:0000744,Lymphocytic leukemia cell,15,419,1.38e-07,1.67e-05,"MAPK1,MAPK14,NR3C1,CDC25B,KCNH2,MAPK3,CDK2,PRKDC,HSP90AA1,ABL1,RPS6KA3,CHEK1,TOP2A,JAK3,PTPN11"
TISSUES,BTO:0001546,Chronic lymphocytic leukemia cell,11,222,3.4e-07,3.92e-05,"MAPK1,MAPK14,NR3C1,MAPK3,CDK2,PRKDC,HSP90AA1,ABL1,CHEK1,JAK3,PTPN11"
TISSUES,BTO:0003091,Urogenital system,74,7090,4.54e-07,5.01e-05,"CYP51A1,MAPK1,CSNK2A1,STS,ATP12A,SLC6A2,HSD17B1,CYP27B1,MAPK14,NR3C1,CTSD,FLT3,CDC25B,FABP4,CYP2C9,RORA,SLC6A4,KDR,POLB,CDK2,SRD5A1,EGFR,SIGMAR1,CA2,PPARG,ACE,FABP1,UGT2B7,GLUL,F2,PLG,PPARD,PTPN2,PRKDC,HSD11B2,PGR,RORC,NOS2,HSP90AA1,PTGES,ESR2,PDE4D,CTSB,NR3C2,PDE3A,HSD11B1,PTGS2,CYP17A1,PTPN1,PLAU,AR,HSD17B3,F10,RPS6KA3,SHBG,AKR1C3,AKR1C2,AKR1C1,G6PD,CYP19A1,PDE7A,CHEK1,FGFR1,ESR1,TOP2A,GC,EPHX2,NTRK1,TYK2,SRD5A2,NR1H3,PTPN11,NR1H2,CES2"
TISSUES,BTO:0000416,Epithelium,18,697,7.97e-07,8.4e-05,"RORA,KDR,NPC1L1,ACE,PGR,NOS2,ESR2,PDE4D,PTGS2,AR,AKR1C3,AKR1C2,IL6,CHEK1,ESR1,EPHX2,GPBAR1,PTPN11"
TISSUES,BTO:0000737,Leukemia cell line,8,108,8.58e-07,8.67e-05,"FLT3,HSP90AA1,TOP1,PTGS2,ABL1,AR,JAK2,IL6"
TISSUES,BTO:0000671,Kidney,22,1039,1.12e-06,0.00011,"ATP12A,CYP27B1,NR3C1,CTSD,CYP2C9,RORA,SIGMAR1,ACE,FABP1,UGT2B7,PLG,HSD11B2,RORC,NOS2,HSP90AA1,CTSB,NR3C2,PLAU,PDE7A,GC,EPHX2,TYK2"
TISSUES,BTO:0000763,Lung,25,1395,3.68e-06,0.00033,"MAPK1,CSNK2A1,CTSD,SLC6A4,SLC6A3,ACE,GLUL,PRKDC,BACE1,NOS2,HSP90AA1,SERPINA6,CTSB,PTGS1,PTGS2,ABL1,PLAU,AKR1C3,AKR1C2,AKR1C1,G6PD,IL6,TBXAS1,FGFR1,EPHX2"
TISSUES,BTO:0001120,Epithelial cell line,9,179,3.7e-06,0.00033,"KDR,EGFR,MET,PGR,NR1I2,AR,FGFR1,ESR1,TOP2A"
TISSUES,BTO:0000284,Organism form,36,2542,4.18e-06,0.00035,"STS,HSD17B1,MAPK14,NR3C1,CTSD,RORA,SLC6A4,KDR,BCHE,CDK2,EGFR,PPARG,ACE,PPARD,PRKDC,HSD11B2,HSP90AA1,PDE4D,CTSB,PTGS2,PTPN1,ABL1,RPS6KA3,AKR1C2,G6PD,CYP19A1,IL6,CHEK1,FGFR1,ESR1,EPHX2,NR1H3,PTPN11,CYP2D6,NR1H2,CES2"
TISSUES,BTO:0000203,Respiratory system,28,1707,4.62e-06,0.00037,"MAPK1,CSNK2A1,ATP12A,CTSD,SLC6A4,SLC6A3,ACE,GLUL,PRKDC,BACE1,NOS2,HSP90AA1,SERPINA6,CTSB,TOP1,PTGS1,PTGS2,ABL1,PLAU,TACR2,AKR1C3,AKR1C2,AKR1C1,G6PD,IL6,TBXAS1,FGFR1,EPHX2"
TISSUES,BTO:0000131,Blood plasma,13,424,5.16e-06,0.0004,"MAPK1,MAPK14,CTSD,SLC6A4,ADRA2A,HSP90AA1,PDE4D,PDE3A,PTGS1,G6PD,IL6,TBXAS1,HTR2A"
TISSUES,BTO:0000132,Blood platelet,12,363,5.82e-06,0.00044,"MAPK1,MAPK14,CTSD,SLC6A4,ADRA2A,HSP90AA1,PDE4D,PDE3A,PTGS1,G6PD,TBXAS1,HTR2A"
TISSUES,BTO:0000562,Heart,17,738,7.35e-06,0.00054,"ADORA3,CYP2C9,RORA,KCNH2,KDR,PPARG,ACE,F2,PGR,CACNA1H,HSP90AA1,PDE4D,NR3C2,PDE3A,PTGS2,IL6,NR1H3"
TISSUES,BTO:0004702,Ventral striatum,3,4,9.03e-06,0.00064,"SLC6A3,DRD2,OPRM1"
TISSUES,BTO:0000634,Integument,31,2112,1.19e-05,0.00083,"ATP12A,NR3C1,CTSD,RORA,KDR,BCHE,POLB,PPARG,NPC1L1,ACE,PGR,NOS2,HSP90AA1,ESR2,PDE4D,CTSB,SREBF2,PTGS2,AR,AKR1C3,AKR1C2,AKR1C1,IL6,CHEK1,ESR1,EPHX2,GPBAR1,PTPN11,PREP,NR1H2,CES2"
TISSUES,BTO:0000297,Carcinoma cell line,8,161,1.42e-05,0.00095,"EGFR,MET,PGR,NR1I2,AR,FGFR1,ESR1,TOP2A"
TISSUES,BTO:0000426,Erythroleukemia cell,9,244,3.96e-05,0.0026,"MAPK1,MAPK14,MAPK3,HSP90AA1,PTPN1,ABL1,JAK2,CHEK1,PTPN11"
TISSUES,BTO:0000174,Embryonic structure,32,2369,4.33e-05,0.0027,"STS,HSD17B1,MAPK14,NR3C1,CTSD,RORA,SLC6A4,KDR,CDK2,EGFR,PPARG,ACE,PPARD,PRKDC,HSD11B2,HSP90AA1,PDE4D,CTSB,PTGS2,PTPN1,ABL1,RPS6KA3,CYP19A1,IL6,CHEK1,FGFR1,ESR1,EPHX2,NR1H3,PTPN11,NR1H2,CES2"
TISSUES,BTO:0001862,Nucleus accumbens,3,8,4.18e-05,0.0027,"SLC6A3,DRD2,OPRM1"
TISSUES,BTO:0001415,Umbilical cord,6,95,4.94e-05,0.003,"RORA,KDR,ACE,PDE4D,FGFR1,PTPN11"
TISSUES,BTO:0000815,MDA-MB-231 cell,3,9,5.54e-05,0.0033,"EGFR,PGR,ESR1"
TISSUES,BTO:0000093,MCF-7 cell,3,11,9.08e-05,0.0052,"EGFR,PGR,ESR1"
TISSUES,BTO:0002045,Capillary,3,12,0.00011,0.0064,"KDR,ACE,IL6"
TISSUES,BTO:0000553,Peripheral blood,8,227,0.00015,0.008,"MAPK14,KDR,CYP11B1,HSP90AA1,TOP1,PTGS2,TBXAS1,NTRK1"
TISSUES,BTO:0000421,Connective tissue,17,954,0.00017,0.0092,"NR3C1,FABP4,PPARG,ACE,ADAM17,PGR,NOS2,HSP90AA1,CTSB,PTGS1,PTGS2,CYP17A1,ABL1,AR,HSD17B3,AKR1C1,IL6"
TISSUES,BTO:0000648,Intestine,21,1349,0.00018,0.0095,"CTSD,CA2,NPC1L1,FABP1,GLUL,RORC,HSP90AA1,CTSB,AKR1B10,NR1I3,TACR2,CA9,AKR1C3,AKR1C2,AKR1C1,IL6,CHEK1,FGFR1,NTRK1,NR1H4,CES2"
TISSUES,BTO:0000088,Cardiovascular system,18,1057,0.00019,0.0097,"ADORA3,FABP4,CYP2C9,RORA,KCNH2,KDR,PPARG,ACE,F2,PGR,CACNA1H,HSP90AA1,PDE4D,NR3C2,PDE3A,PTGS2,IL6,NR1H3"
TISSUES,BTO:0000473,Fetal membrane,3,15,0.0002,0.01,"KDR,ABL1,IL6"
TISSUES,BTO:0003099,Internal female genital organ,34,2804,0.0002,0.01,"CSNK2A1,STS,HSD17B1,MAPK14,NR3C1,CTSD,RORA,SLC6A4,KDR,CDK2,EGFR,CA2,PPARG,ACE,PPARD,PRKDC,HSD11B2,PGR,HSP90AA1,ESR2,PDE4D,CTSB,PTGS2,CYP17A1,PTPN1,F10,RPS6KA3,CYP19A1,FGFR1,ESR1,NTRK1,NR1H3,PTPN11,NR1H2"
TISSUES,BTO:0000067,Kidney cell line,4,44,0.00026,0.0115,"CYP27B1,KCNH2,AR,ABCB1"
TISSUES,BTO:0000741,Lymphocytic leukemia cell line,4,43,0.00024,0.0115,"HSP90AA1,TOP1,ABL1,AR"
TISSUES,BTO:0000901,Myocardium,3,16,0.00024,0.0115,"ACE,PDE3A,IL6"
TISSUES,BTO:0001509,Umbilical vein,5,82,0.00025,0.0115,"RORA,KDR,ACE,PDE4D,FGFR1"
TISSUES,BTO:0002991,Glandular epithelium,2,2,0.00025,0.0115,"PGR,ESR1"
TISSUES,BTO:0003433,Endometrial gland,2,2,0.00025,0.0115,"PGR,ESR1"
TISSUES,BTO:0004086,Mammary gland tumor cell line,3,17,0.00028,0.0115,"EGFR,PGR,ESR1"
TISSUES,BTO:0005543,Uterine epithelial cell,2,2,0.00025,0.0115,"PGR,ESR1"
TISSUES,BTO:0005591,Mesolimbic dopaminergic system,2,2,0.00025,0.0115,"SLC6A3,DRD2"
TISSUES,BTO:0000749,Sporozoan form,3,18,0.00032,0.0128,"AKR1C2,G6PD,CYP2D6"
TISSUES,BTO:0000604,Adenocarcinoma cell,12,568,0.00038,0.0144,"MAPK14,MAPK3,SIGMAR1,MET,PGR,NOS2,HSP90AA1,NR1I2,CTSB,CA9,ESR1,CES2"
TISSUES,BTO:0000817,Mammary gland,7,198,0.00038,0.0144,"CYP2C9,F2,PGR,PTGES,ESR2,ESR1,NR1H2"
TISSUES,BTO:0004850,Bone marrow cell,7,198,0.00038,0.0144,"CTSD,FLT3,BCHE,ACE,F2,SERPINA6,FGFR1"
TISSUES,BTO:0002548,BT-549 cell,2,3,0.00041,0.015,"PGR,ESR1"
TISSUES,BTO:0002588,NCI-H295R cell,2,3,0.00041,0.015,"CYP11B1,CYP17A1"
TISSUES,BTO:0003136,ZR-75-1 cell,2,3,0.00041,0.015,"PGR,ESR1"
TISSUES,BTO:0004043,Intramuscular adipose tissue,2,3,0.00041,0.015,"FABP4,PPARG"
TISSUES,BTO:0003505,T-cell chronic lymphocytic leukemia cell,3,21,0.00048,0.0165,"MAPK3,ABL1,JAK3"
TISSUES,BTO:0000058,Alimentary canal,26,2021,0.00056,0.0189,"ATP12A,CTSD,BCHE,EGFR,CA2,NPC1L1,FABP1,GLUL,RORC,HSP90AA1,CTSB,AKR1B10,SREBF2,NR1I3,TACR2,CA9,AKR1C3,AKR1C2,AKR1C1,IL6,CHEK1,FGFR1,NTRK1,NR1H4,PTPN11,CES2"
TISSUES,BTO:0000081,Reproductive system,60,6444,0.00062,0.0203,"CYP51A1,MAPK1,CSNK2A1,STS,SLC6A2,HSD17B1,MAPK14,NR3C1,CTSD,FLT3,CDC25B,CYP2C9,RORA,SLC6A4,KDR,POLB,CDK2,EGFR,SIGMAR1,CA2,PPARG,ACE,GLUL,F2,PPARD,PTPN2,PRKDC,HSD11B2,PGR,HSP90AA1,PTGES,ESR2,PDE4D,CTSB,PDE3A,HSD11B1,PTGS2,CYP17A1,PTPN1,AR,HSD17B3,F10,RPS6KA3,SHBG,AKR1C3,AKR1C2,AKR1C1,G6PD,CYP19A1,CHEK1,FGFR1,ESR1,TOP2A,EPHX2,NTRK1,SRD5A2,NR1H3,PTPN11,NR1H2,CES2"
TISSUES,BTO:0000138,Midbrain,5,104,0.00071,0.0203,"SLC6A4,SLC6A3,DRD2,OPRM1,HTR2A"
TISSUES,BTO:0000511,Gastrointestinal tract,24,1816,0.00065,0.0203,"ATP12A,CTSD,BCHE,CA2,NPC1L1,FABP1,GLUL,RORC,HSP90AA1,CTSB,AKR1B10,NR1I3,TACR2,CA9,AKR1C3,AKR1C2,AKR1C1,IL6,CHEK1,FGFR1,NTRK1,NR1H4,PTPN11,CES2"
TISSUES,BTO:0000594,Liver cancer cell,6,157,0.00067,0.0203,"MAPK14,MAPK3,MET,NR1I2,AKR1B10,SRD5A2"
TISSUES,BTO:0000746,Preadipocyte cell line,2,4,0.00061,0.0203,"FABP4,PPARG"
TISSUES,BTO:0000821,Nipple,2,4,0.00061,0.0203,"PGR,ESR1"
TISSUES,BTO:0001211,Breast epithelial cell,2,4,0.00061,0.0203,"PGR,ESR1"
TISSUES,BTO:0001248,T-47D cell,2,4,0.00061,0.0203,"PGR,ESR1"
TISSUES,BTO:0001570,MDA-MB-468 cell,2,4,0.00061,0.0203,"EGFR,ESR1"
TISSUES,BTO:0001932,BT-474 cell,2,4,0.00061,0.0203,"EGFR,ESR1"
TISSUES,BTO:0001996,Endometrial cell line,2,4,0.00061,0.0203,"SRD5A1,ESR1"
TISSUES,BTO:0003594,Hypnozoite,2,4,0.00061,0.0203,"G6PD,CYP2D6"
TISSUES,BTO:0006109,Uterine endometrial epithelium,2,4,0.00061,0.0203,"PGR,ESR1"
TISSUES,BTO:0000167,Adenocarcinoma cell line,5,107,0.0008,0.0218,"EGFR,PGR,NR1I2,AR,ESR1"
TISSUES,BTO:0000282,Head,61,6642,0.00079,0.0218,"CYP51A1,MAPK1,CSNK2A1,ATP12A,HSD17B1,CTSD,CDC25B,CHRM3,RORA,SLC6A4,KCNH2,MAPK3,KDR,BCHE,SLC6A3,SRD5A1,EGFR,SIGMAR1,HMGCR,ACE,ACHE,GLUL,F2,PPARD,PTPN2,PRKDC,MET,BACE1,NOS2,PDE2A,HSP90AA1,DYRK1A,PDE4D,CTSB,SREBF2,PTGS1,DRD2,PTPN1,ABL1,AR,GABBR1,AKR1C3,AKR1C2,AKR1C1,JAK2,MAPK8,PPARA,IL6,TBXAS1,CHEK1,FGFR1,OPRM1,ESR1,NTRK1,TYK2,HTR2A,ABCB1,ADORA2A,PTPN11,NR1H2,CES2"
TISSUES,BTO:0000050,Zona fasciculata,2,5,0.00085,0.0226,"CYP11B1,CYP17A1"
TISSUES,BTO:0000056,Zona reticulata,2,5,0.00085,0.0226,"CYP11B1,CYP17A1"
TISSUES,BTO:0000149,Breast,8,300,0.00088,0.0226,"CYP2C9,SIGMAR1,F2,PGR,PTGES,ESR2,ESR1,NR1H2"
TISSUES,BTO:0000762,Lung cancer cell line,4,62,0.00088,0.0226,"EGFR,MET,FGFR1,TOP2A"
TISSUES,BTO:0001486,Skeletal system,19,1307,0.00086,0.0226,"CTSD,FLT3,FABP4,BCHE,PPARG,ACE,F2,ADAM17,RORC,NOS2,HSP90AA1,SERPINA6,CTSB,RPS6KA3,SHBG,AKR1C3,PDE7A,CHEK1,FGFR1"
TISSUES,BTO:0002290,Primary cell line,2,5,0.00085,0.0226,"AR,CYP19A1"
TISSUES,BTO:0002419,SK-BR-3 cell,2,5,0.00085,0.0226,"EGFR,ESR1"
TISSUES,BTO:0003350,BV-2 cell,2,5,0.00085,0.0226,"PTGS2,IL6"
TISSUES,BTO:0004178,Leukemic stem cell,2,5,0.00085,0.0226,"FLT3,ABL1"
TISSUES,BTO:0004701,Dorsal striatum,2,5,0.00085,0.0226,"SLC6A3,DRD2"
TISSUES,BTO:0001493,Trunk,16,1014,0.00098,0.0232,"ATP12A,CYP2C9,SIGMAR1,PPARG,F2,PGR,HSP90AA1,PTGES,ESR2,CTSB,PDE7A,IL6,CHEK1,ESR1,ADORA2A,NR1H2"
TISSUES,BTO:0001368,Thorax,12,640,0.0011,0.0248,"CYP2C9,SIGMAR1,F2,PGR,HSP90AA1,PTGES,ESR2,PDE7A,CHEK1,ESR1,ADORA2A,NR1H2"
TISSUES,BTO:0000212,Caudate putamen,2,6,0.0011,0.0261,"SLC6A3,DRD2"
TISSUES,BTO:0000938,Neuron,5,116,0.0011,0.0261,"SLC6A4,BCHE,SLC6A3,ACHE,DRD2"
TISSUES,BTO:0001314,Subcutis,2,6,0.0011,0.0261,"PPARG,IL6"
TISSUES,BTO:0002850,Theca cell,2,6,0.0011,0.0261,"CYP17A1,CYP19A1"
TISSUES,BTO:0003387,Raphe nucleus,2,6,0.0011,0.0261,"SLC6A4,HTR2A"
TISSUES,BTO:0003388,Tegmentum,2,6,0.0011,0.0261,"SLC6A3,DRD2"
TISSUES,BTO:0004902,Cholinergic neuron,2,6,0.0011,0.0261,"BCHE,ACHE"
TISSUES,BTO:0006245,Brain capillary endothelium,2,6,0.0011,0.0261,"IL6,ABCB1"
TISSUES,BTO:0000065,Amnion,2,7,0.0014,0.0308,"ABL1,IL6"
TISSUES,BTO:0006188,Arterial blood,2,7,0.0014,0.0308,"ACE,F2"
TISSUES,BTO:0000254,Female reproductive gland,33,3017,0.0016,0.0323,"CYP51A1,STS,SLC6A2,FLT3,CDC25B,CYP2C9,RORA,POLB,SIGMAR1,CA2,ACE,GLUL,F2,PTPN2,HSD11B2,PGR,HSP90AA1,PTGES,ESR2,CTSB,HSD11B1,CYP17A1,HSD17B3,F10,SHBG,AKR1C1,G6PD,CYP19A1,CHEK1,FGFR1,ESR1,NR1H2,CES2"
TISSUES,BTO:0001854,Vascular endothelial cell,4,74,0.0016,0.0333,"RORA,KDR,ACE,PDE4D"
TISSUES,BTO:0000755,Leydig cell,2,8,0.0018,0.0364,"CYP17A1,HSD17B3"
TISSUES,BTO:0001107,Preadipocyte,2,8,0.0018,0.0364,"FABP4,PPARG"
TISSUES,BTO:0001176,Endothelial cell,5,130,0.0018,0.0364,"RORA,KDR,ACE,PDE4D,PTGS2"
TISSUES,BTO:0003292,RAW-264.7 cell,2,8,0.0018,0.0364,"PTGS2,IL6"
TISSUES,BTO:0001085,Vascular system,9,420,0.0019,0.0365,"RORA,KDR,ACE,F2,PGR,HSP90AA1,PDE4D,PTGS2,IL6"
TISSUES,BTO:0000199,Cardiac muscle,4,79,0.0021,0.0392,"KCNH2,ACE,PDE3A,IL6"
TISSUES,BTO:0000011,3T3-L1 cell,2,9,0.0022,0.0412,"FABP4,PPARG"
TISSUES,BTO:0004041,Abdominal adipose tissue,2,9,0.0022,0.0412,"PPARG,IL6"
TISSUES,BTO:0005655,Th17 cell,2,9,0.0022,0.0412,"RORC,IL6"
TISSUES,BTO:0001102,Blood vessel,8,354,0.0024,0.045,"RORA,KDR,ACE,F2,PGR,PDE4D,PTGS2,IL6"
TISSUES,BTO:0000125,Blast cell,2,10,0.0026,0.0472,"FLT3,ABL1"
TISSUES,BTO:0000141,Bone marrow,10,528,0.0026,0.0472,"CTSD,FLT3,BCHE,PPARG,ACE,F2,SERPINA6,AKR1C3,CHEK1,FGFR1"
TISSUES,BTO:0000781,Intestinal epithelium,3,40,0.0027,0.0472,"NPC1L1,IL6,CHEK1"
TISSUES,BTO:0000782,T-lymphocyte,7,279,0.0026,0.0472,"MAPK14,PTPN2,RORC,HSP90AA1,RPS6KA3,IL6,PTPN11"
DISEASES,DOID:4,Disease,85,6291,1.77e-15,8.15e-12,"CYP51A1,STS,ATP12A,SLC6A2,CYP27B1,NR3C1,CTSD,FLT3,CHRM3,CYP2C9,RORA,SLC6A4,KCNH2,KDR,BCHE,CDK2,SLC6A3,EGFR,SIGMAR1,ADRA2A,CA2,PPARG,NPC1L1,ACE,CYP11B1,ACHE,GLUL,F2,PLG,PTPN2,PRKDC,HSD11B2,MET,BACE1,PGR,NOS2,CACNA1H,DYRK1A,SERPINA6,ESR2,PDE4D,CTSB,NR3C2,PDE3A,TOP1,DRD2,HSD11B1,CYP17A1,CYP2C19,ABL1,PLAU,AR,HSD17B3,F10,PIK3CD,CA9,POLA1,RPS6KA3,SHBG,AKR1C2,JAK2,DRD3,G6PD,CYP19A1,HCRTR1,PPARA,IL6,TBXAS1,CHEK1,FGFR1,OPRM1,CHRM2,ESR1,EPHX2,CA1,NTRK1,TYK2,JAK3,HTR2A,NR1H4,SRD5A2,ABCB1,PTPN11,CYP2D6,CES2"
DISEASES,DOID:7,Disease of anatomical entity,72,4798,1.65e-14,3.8e-11,"CYP51A1,STS,ATP12A,SLC6A2,CYP27B1,NR3C1,CTSD,FLT3,CHRM3,RORA,SLC6A4,KCNH2,KDR,CDK2,SLC6A3,EGFR,SIGMAR1,ADRA2A,CA2,PPARG,NPC1L1,ACE,CYP11B1,ACHE,GLUL,F2,PLG,PTPN2,PRKDC,HSD11B2,MET,BACE1,PGR,NOS2,CACNA1H,SERPINA6,ESR2,PDE4D,CTSB,NR3C2,TOP1,HSD11B1,CYP17A1,CYP2C19,ABL1,PLAU,AR,HSD17B3,F10,PIK3CD,CA9,POLA1,SHBG,JAK2,G6PD,CYP19A1,IL6,TBXAS1,CHEK1,FGFR1,OPRM1,ESR1,NTRK1,TYK2,JAK3,HTR2A,NR1H4,SRD5A2,ABCB1,PTPN11,CYP2D6,CES2"
DISEASES,DOID:150,Disease of mental health,22,435,1.82e-13,2.78e-10,"ATP12A,SLC6A2,NR3C1,SLC6A4,BCHE,SLC6A3,ACHE,BACE1,CACNA1H,DYRK1A,DRD2,HSD17B3,POLA1,RPS6KA3,DRD3,HCRTR1,OPRM1,CHRM2,ESR1,CA1,HTR2A,ABCB1"
DISEASES,DOID:1574,Alcohol use disorder,7,15,6.23e-11,7.16e-08,"SLC6A4,SLC6A3,DRD2,DRD3,OPRM1,CHRM2,HTR2A"
DISEASES,DOID:1923,Disorders of sexual development,8,45,1.68e-09,1.15e-06,"NR3C1,NR3C2,CYP17A1,AR,HSD17B3,SHBG,CYP19A1,SRD5A2"
DISEASES,DOID:28,Endocrine system disease,17,398,1.51e-09,1.15e-06,"CYP27B1,NR3C1,EGFR,CA2,CYP11B1,SERPINA6,NR3C2,HSD11B1,CYP17A1,AR,HSD17B3,SHBG,CYP19A1,IL6,FGFR1,ESR1,SRD5A2"
DISEASES,DOID:1561,Cognitive disorder,10,103,3.12e-09,1.76e-06,"NR3C1,SLC6A4,BCHE,SLC6A3,ACHE,BACE1,DRD2,ESR1,CA1,HTR2A"
DISEASES,DOID:303,Substance-related disorder,8,49,3.07e-09,1.76e-06,"SLC6A4,SLC6A3,DRD2,DRD3,OPRM1,CHRM2,HTR2A,ABCB1"
DISEASES,DOID:77,Gastrointestinal system disease,19,576,9.19e-09,4.22e-06,"ATP12A,SLC6A4,KDR,EGFR,NPC1L1,GLUL,F2,PTPN2,MET,ESR2,JAK2,CYP19A1,IL6,OPRM1,ESR1,TYK2,NR1H4,ABCB1,CES2"
DISEASES,DOID:3765,Pseudohermaphroditism,5,10,2.96e-08,1.23e-05,"NR3C1,AR,HSD17B3,CYP19A1,SRD5A2"
DISEASES,DOID:14566,Disease of cellular proliferation,25,1101,4.96e-08,1.9e-05,"ATP12A,FLT3,SLC6A4,KDR,CDK2,EGFR,CYP11B1,GLUL,MET,PGR,NR3C2,TOP1,ABL1,AR,CA9,SHBG,JAK2,CYP19A1,IL6,FGFR1,ESR1,NTRK1,SRD5A2,ABCB1,PTPN11"
DISEASES,DOID:1701,Steroid inherited metabolic disorder,5,16,1.94e-07,6.86e-05,"CYP11B1,HSD11B2,NR3C2,HSD11B1,CYP17A1"
DISEASES,DOID:850,Lung disease,10,178,3.99e-07,0.00013,"CYP51A1,ATP12A,EGFR,ACE,F2,PLG,MET,CYP2C19,IL6,CES2"
DISEASES,DOID:0050686,Organ system cancer,19,757,5.8e-07,0.00018,"ATP12A,FLT3,SLC6A4,KDR,CDK2,EGFR,MET,PGR,ABL1,AR,CA9,JAK2,CYP19A1,IL6,ESR1,NTRK1,SRD5A2,ABCB1,PTPN11"
DISEASES,DOID:2277,Gonadal disease,10,186,5.85e-07,0.00018,"NR3C1,NR3C2,CYP17A1,AR,HSD17B3,SHBG,CYP19A1,FGFR1,ESR1,SRD5A2"
DISEASES,DOID:9973,Substance dependence,6,42,6.32e-07,0.00018,"SLC6A4,SLC6A3,DRD2,DRD3,OPRM1,ABCB1"
DISEASES,DOID:0050117,Disease by infectious agent,13,368,1.15e-06,0.00029,"CYP51A1,ATP12A,CYP27B1,KDR,ACE,F2,PLG,CYP2C19,AKR1C2,G6PD,IL6,EPHX2,CES2"
DISEASES,DOID:9974,Drug dependence,5,26,1.54e-06,0.00037,"SLC6A3,DRD2,DRD3,OPRM1,ABCB1"
DISEASES,DOID:0060180,Colitis,5,27,1.82e-06,0.00042,"ATP12A,PTPN2,JAK2,IL6,ABCB1"
DISEASES,DOID:2914,Immune system disease,17,675,2.31e-06,0.00047,"ATP12A,CYP27B1,CA2,ACE,F2,PLG,PTPN2,PRKDC,ABL1,AR,PIK3CD,JAK2,IL6,TYK2,JAK3,NR1H4,ABCB1"
DISEASES,DOID:3118,Hepatobiliary disease,9,168,2.25e-06,0.00047,"ATP12A,EGFR,GLUL,F2,MET,JAK2,IL6,NR1H4,CES2"
DISEASES,DOID:5295,Intestinal disease,10,216,2.13e-06,0.00047,"ATP12A,SLC6A4,EGFR,NPC1L1,PTPN2,JAK2,IL6,OPRM1,TYK2,ABCB1"
DISEASES,DOID:1094,Attention deficit hyperactivity disorder,4,12,2.84e-06,0.00054,"SLC6A2,SLC6A4,SLC6A3,DRD2"
DISEASES,DOID:0050589,Inflammatory bowel disease,6,58,3.55e-06,0.00063,"ATP12A,PTPN2,JAK2,IL6,TYK2,ABCB1"
DISEASES,DOID:1287,Cardiovascular system disease,14,493,5.17e-06,0.00088,"ATP12A,SLC6A2,KCNH2,ACE,F2,PLG,HSD11B2,NOS2,NR3C2,F10,JAK2,IL6,PTPN11,CES2"
DISEASES,DOID:4367,Apparent mineralocorticoid excess syndrome,3,3,5.18e-06,0.00088,"HSD11B2,NR3C2,HSD11B1"
DISEASES,DOID:16,Integumentary system disease,15,575,6.33e-06,0.00097,"CYP51A1,STS,ATP12A,CYP27B1,CHRM3,EGFR,ACE,PGR,AR,POLA1,SHBG,G6PD,NTRK1,TYK2,SRD5A2"
DISEASES,DOID:162,Cancer,20,978,6.13e-06,0.00097,"ATP12A,FLT3,SLC6A4,KDR,CDK2,EGFR,MET,PGR,TOP1,ABL1,AR,CA9,JAK2,CYP19A1,IL6,ESR1,NTRK1,SRD5A2,ABCB1,PTPN11"
DISEASES,DOID:178,Vascular disease,10,249,7.14e-06,0.0011,"ATP12A,ACE,F2,PLG,HSD11B2,NOS2,NR3C2,F10,JAK2,IL6"
DISEASES,DOID:630,Genetic disease,46,3778,7.17e-06,0.0011,"STS,SLC6A2,CYP27B1,CTSD,CHRM3,CYP2C9,KCNH2,SIGMAR1,CA2,PPARG,NPC1L1,ACE,CYP11B1,F2,PLG,PRKDC,HSD11B2,DYRK1A,SERPINA6,ESR2,NR3C2,PDE3A,TOP1,HSD11B1,CYP17A1,AR,HSD17B3,F10,PIK3CD,POLA1,RPS6KA3,SHBG,G6PD,CYP19A1,PPARA,IL6,TBXAS1,CHEK1,FGFR1,ESR1,NTRK1,TYK2,NR1H4,SRD5A2,ABCB1,PTPN11"
DISEASES,DOID:4674,Androgen insensitivity syndrome,3,4,9.03e-06,0.0013,"AR,HSD17B3,SRD5A2"
DISEASES,DOID:0060031,Autoimmune disease of gastrointestinal tract,5,41,1.15e-05,0.0015,"ATP12A,PTPN2,JAK2,NR1H4,ABCB1"
DISEASES,DOID:10652,Alzheimers disease,5,41,1.15e-05,0.0015,"CTSD,ACHE,BACE1,CTSB,IL6"
DISEASES,DOID:10763,Hypertension,5,41,1.15e-05,0.0015,"ACE,HSD11B2,NOS2,NR3C2,IL6"
DISEASES,DOID:345,Uterine disease,6,72,1.13e-05,0.0015,"SLC6A4,PGR,SHBG,CYP19A1,IL6,ESR1"
DISEASES,DOID:0060037,Developmental disorder of mental health,10,273,1.54e-05,0.0017,"ATP12A,SLC6A2,SLC6A4,SLC6A3,CACNA1H,DYRK1A,DRD2,POLA1,RPS6KA3,OPRM1"
DISEASES,DOID:0110066,Amelogenesis imperfecta type 1G,3,5,1.44e-05,0.0017,"ESR2,CYP19A1,ESR1"
DISEASES,DOID:1596,Mental depression,4,20,1.59e-05,0.0017,"SLC6A4,DRD2,ESR1,HTR2A"
DISEASES,DOID:2559,Opiate dependence,4,20,1.59e-05,0.0017,"DRD2,DRD3,OPRM1,ABCB1"
DISEASES,DOID:612,Primary immunodeficiency disease,13,470,1.5e-05,0.0017,"ATP12A,CYP27B1,CA2,F2,PTPN2,PRKDC,PIK3CD,JAK2,IL6,TYK2,JAK3,NR1H4,ABCB1"
DISEASES,DOID:74,Hematopoietic system disease,13,473,1.6e-05,0.0017,"ATP12A,CYP27B1,FLT3,F2,PLG,ABL1,PLAU,F10,JAK2,G6PD,IL6,TBXAS1,PTPN11"
DISEASES,DOID:0060903,Thrombosis,4,21,1.89e-05,0.0018,"F2,PLG,F10,IL6"
DISEASES,DOID:299,Adenocarcinoma,7,119,1.77e-05,0.0018,"ATP12A,KDR,EGFR,MET,PGR,AR,ESR1"
DISEASES,DOID:1307,Dementia,4,23,2.59e-05,0.0025,"BCHE,SLC6A3,ACHE,BACE1"
DISEASES,DOID:0050828,Artery disease,7,130,3.04e-05,0.0028,"ACE,F2,PLG,HSD11B2,NOS2,NR3C2,IL6"
DISEASES,DOID:1414,Ovarian dysfunction,4,24,3.01e-05,0.0028,"AR,SHBG,CYP19A1,ESR1"
DISEASES,DOID:0060038,Specific developmental disorder,9,238,3.29e-05,0.003,"ATP12A,SLC6A2,SLC6A4,SLC6A3,DYRK1A,DRD2,POLA1,RPS6KA3,OPRM1"
DISEASES,DOID:1247,Blood coagulation disease,6,89,3.5e-05,0.0031,"F2,PLG,PLAU,F10,JAK2,TBXAS1"
DISEASES,DOID:0050741,Alcohol dependence,3,8,4.18e-05,0.0035,"SLC6A4,DRD2,OPRM1"
DISEASES,DOID:37,Skin disease,13,518,4.02e-05,0.0035,"CYP51A1,STS,ATP12A,CYP27B1,CHRM3,EGFR,ACE,PGR,POLA1,SHBG,G6PD,NTRK1,TYK2"
DISEASES,DOID:4079,Heart valve disease,4,26,3.99e-05,0.0035,"ACE,PLG,IL6,PTPN11"
DISEASES,DOID:417,Autoimmune disease,10,317,5.28e-05,0.0043,"ATP12A,CYP27B1,CA2,F2,PTPN2,JAK2,IL6,TYK2,NR1H4,ABCB1"
DISEASES,DOID:1595,Endogenous depression,3,9,5.54e-05,0.0044,"SLC6A4,DRD2,ESR1"
DISEASES,DOID:2871,Endometrial carcinoma,3,9,5.54e-05,0.0044,"PGR,CYP19A1,ESR1"
DISEASES,DOID:409,Liver disease,6,97,5.52e-05,0.0044,"GLUL,F2,JAK2,IL6,NR1H4,CES2"
DISEASES,DOID:114,Heart disease,9,270,8.42e-05,0.0063,"SLC6A2,KCNH2,ACE,F2,PLG,NR3C2,IL6,PTPN11,CES2"
DISEASES,DOID:3312,Bipolar disorder,3,11,9.08e-05,0.0067,"SLC6A4,DRD2,HTR2A"
DISEASES,DOID:557,Kidney disease,9,275,9.64e-05,0.007,"ATP12A,CYP27B1,CA2,ACE,F2,MET,NR3C2,CA9,IL6"
DISEASES,DOID:657,Adenoma,5,66,9.6e-05,0.007,"CYP11B1,GLUL,PGR,NR3C2,ESR1"
DISEASES,DOID:1398,Parasitic infectious disease,5,68,0.00011,0.0077,"CYP51A1,KDR,AKR1C2,G6PD,CES2"
DISEASES,DOID:10937,Impulse control disorder,3,12,0.00011,0.0079,"SLC6A4,SLC6A3,DRD2"
DISEASES,DOID:8719,In situ carcinoma,3,13,0.00014,0.0095,"EGFR,PGR,ESR1"
DISEASES,DOID:0060095,Uterine benign neoplasm,3,14,0.00017,0.011,"PGR,SHBG,ESR1"
DISEASES,DOID:65,Connective tissue disease,15,774,0.00018,0.0114,"ATP12A,CYP27B1,ADRA2A,CA2,PPARG,PLG,PTPN2,PDE4D,IL6,FGFR1,ESR1,NTRK1,TYK2,PTPN11,CES2"
DISEASES,DOID:0080208,Non-alcoholic fatty liver disease,3,15,0.0002,0.0127,"PPARG,PPARA,NR1H4"
DISEASES,DOID:305,Carcinoma,9,307,0.00021,0.0133,"ATP12A,KDR,EGFR,MET,PGR,AR,CA9,CYP19A1,ESR1"
DISEASES,DOID:8577,Ulcerative colitis,3,16,0.00024,0.0145,"PTPN2,JAK2,ABCB1"
DISEASES,DOID:0090122,Aromatase excess syndrome,2,2,0.00025,0.0147,"SHBG,CYP19A1"
DISEASES,DOID:11512,Budd-Chiari syndrome,2,2,0.00025,0.0147,"F2,JAK2"
DISEASES,DOID:14336,Estrogen excess,2,2,0.00025,0.0147,"CYP19A1,ESR1"
DISEASES,DOID:778,Delusional disorder,2,2,0.00025,0.0147,"BCHE,HTR2A"
DISEASES,DOID:363,Uterine cancer,4,46,0.0003,0.0172,"SLC6A4,PGR,CYP19A1,ESR1"
DISEASES,DOID:229,Female reproductive system disease,7,192,0.00031,0.0176,"SLC6A4,PGR,AR,SHBG,CYP19A1,IL6,ESR1"
DISEASES,DOID:2218,Blood platelet disease,4,47,0.00033,0.0181,"F2,PLAU,JAK2,TBXAS1"
DISEASES,DOID:4960,Bone marrow cancer,4,47,0.00033,0.0181,"FLT3,ABL1,JAK2,PTPN11"
DISEASES,DOID:0050177,Monogenic disease,37,3266,0.00037,0.02,"STS,SLC6A2,CYP27B1,CTSD,CHRM3,CYP2C9,KCNH2,SIGMAR1,CA2,PPARG,NPC1L1,CYP11B1,F2,PLG,PRKDC,DYRK1A,SERPINA6,ESR2,NR3C2,PDE3A,TOP1,AR,HSD17B3,F10,PIK3CD,POLA1,RPS6KA3,CYP19A1,TBXAS1,CHEK1,FGFR1,ESR1,NTRK1,TYK2,NR1H4,SRD5A2,PTPN11"
DISEASES,DOID:104,Bacterial infectious disease,6,140,0.00037,0.02,"ATP12A,CYP27B1,ACE,PLG,IL6,EPHX2"
DISEASES,DOID:0050073,Invasive aspergillosis,2,3,0.00041,0.0216,"CYP51A1,CYP2C19"
DISEASES,DOID:0050856,Oppositional defiant disorder,2,3,0.00041,0.0216,"SLC6A4,SLC6A3"
DISEASES,DOID:0060075,Estrogen-receptor positive breast cancer,2,3,0.00041,0.0216,"CYP19A1,ESR1"
DISEASES,DOID:0080365,Endometrial hyperplasia,2,3,0.00041,0.0216,"PGR,ESR1"
DISEASES,DOID:12698,Gynecomastia,2,3,0.00041,0.0216,"NR3C2,AR"
DISEASES,DOID:14464,Neuroleptic malignant syndrome,2,3,0.00041,0.0216,"HTR2A,CYP2D6"
DISEASES,DOID:2222,Factor X deficiency,2,3,0.00041,0.0216,"F2,F10"
DISEASES,DOID:2870,Endometrial adenocarcinoma,2,3,0.00041,0.0216,"PGR,ESR1"
DISEASES,DOID:749,Active peptic ulcer disease,2,3,0.00041,0.0216,"ATP12A,F2"
DISEASES,DOID:809,Cocaine abuse,2,3,0.00041,0.0216,"SLC6A4,SLC6A3"
DISEASES,DOID:10273,Heart conduction disease,4,55,0.00057,0.0269,"SLC6A2,KCNH2,ACE,NR3C2"
DISEASES,DOID:0014667,Disease of metabolism,17,1076,0.00067,0.028,"CTSD,CYP2C9,PPARG,ACE,CYP11B1,F2,HSD11B2,NR3C2,DRD2,HSD11B1,CYP17A1,SHBG,G6PD,PPARA,IL6,NR1H4,ABCB1"
DISEASES,DOID:0060074,Ductal carcinoma in situ,2,4,0.00061,0.028,"PGR,ESR1"
DISEASES,DOID:0080374,Gastroesophageal cancer,2,4,0.00061,0.028,"KDR,EGFR"
DISEASES,DOID:10272,Left bundle branch hemiblock,2,4,0.00061,0.028,"ACE,NR3C2"
DISEASES,DOID:1074,Kidney failure,3,23,0.00061,0.028,"ACE,F2,IL6"
DISEASES,DOID:12399,Pathological gambling,2,4,0.00061,0.028,"SLC6A3,DRD2"
DISEASES,DOID:14067,Plasmodium falciparum malaria,2,4,0.00061,0.028,"AKR1C2,G6PD"
DISEASES,DOID:2030,Anxiety disorder,3,23,0.00061,0.028,"NR3C1,SLC6A4,HTR2A"
DISEASES,DOID:3010,Lobular neoplasia,2,4,0.00061,0.028,"PGR,ESR1"
DISEASES,DOID:3457,Invasive lobular carcinoma,2,4,0.00061,0.028,"PGR,ESR1"
DISEASES,DOID:8029,Sporadic breast cancer,2,4,0.00061,0.028,"PGR,ESR1"
DISEASES,DOID:9651,Systolic heart failure,2,4,0.00061,0.028,"ACE,NR3C2"
DISEASES,DOID:8778,Crohns disease,3,24,0.00069,0.0282,"ATP12A,JAK2,TYK2"
DISEASES,DOID:0050338,Primary bacterial infectious disease,5,105,0.00074,0.03,"CYP27B1,ACE,PLG,IL6,EPHX2"
DISEASES,DOID:6000,Congestive heart failure,3,25,0.00077,0.0308,"KCNH2,ACE,NR3C2"
DISEASES,DOID:9352,Type 2 diabetes mellitus,3,25,0.00077,0.0308,"PPARG,PPARA,IL6"
DISEASES,DOID:331,Central nervous system disease,18,1199,0.00083,0.0322,"CYP27B1,CTSD,RORA,SLC6A3,EGFR,SIGMAR1,ACE,ACHE,F2,PRKDC,BACE1,CACNA1H,CTSB,AR,IL6,CHEK1,FGFR1,CES2"
DISEASES,DOID:0050801,Androgenic alopecia,2,5,0.00085,0.0328,"AR,SRD5A2"
DISEASES,DOID:0050830,Peripheral artery disease,2,5,0.00085,0.0328,"ACE,PLG"
DISEASES,DOID:0060224,Atrial fibrillation,3,26,0.00085,0.0328,"KCNH2,ACE,NR3C2"
DISEASES,DOID:10914,Amnestic disorder,2,5,0.00085,0.0328,"ACHE,CA1"
DISEASES,DOID:12704,Ataxia telangiectasia,2,5,0.00085,0.0328,"PRKDC,CHEK1"
DISEASES,DOID:1612,Breast cancer,4,62,0.00088,0.0328,"EGFR,PGR,CYP19A1,ESR1"
DISEASES,DOID:1614,Male breast cancer,2,5,0.00085,0.0328,"PGR,ESR1"
DISEASES,DOID:193,Reproductive organ cancer,6,167,0.00091,0.0328,"SLC6A4,PGR,AR,CYP19A1,ESR1,SRD5A2"
DISEASES,DOID:2473,Opportunistic mycosis,3,27,0.00094,0.0328,"CYP51A1,ATP12A,CYP2C19"
DISEASES,DOID:3008,Invasive ductal carcinoma,2,5,0.00085,0.0328,"PGR,ESR1"
DISEASES,DOID:5844,Myocardial infarction,3,27,0.00094,0.0328,"ACE,PLG,IL6"
DISEASES,DOID:6741,Bilateral breast cancer,2,5,0.00085,0.0328,"PGR,ESR1"
DISEASES,DOID:8725,Vascular dementia,2,5,0.00085,0.0328,"BCHE,ACHE"
DISEASES,DOID:9778,Irritable bowel syndrome,2,5,0.00085,0.0328,"ATP12A,SLC6A4"
DISEASES,DOID:676,Juvenile rheumatoid arthritis,3,28,0.001,0.035,"PTPN2,IL6,TYK2"
DISEASES,DOID:0060085,Organ system benign neoplasm,7,237,0.001,0.0352,"CYP11B1,GLUL,PGR,NR3C2,SHBG,FGFR1,ESR1"
DISEASES,DOID:0050671,Female breast cancer,2,6,0.0011,0.0376,"PGR,ESR1"
DISEASES,DOID:0060319,Cardiac arrest,2,6,0.0011,0.0376,"KCNH2,ACE"
DISEASES,DOID:0080547,Non-alcoholic steatohepatitis,2,6,0.0011,0.0376,"PPARA,NR1H4"
DISEASES,DOID:10933,Obsessive-compulsive disorder,2,6,0.0011,0.0376,"SLC6A4,HTR2A"
DISEASES,DOID:11130,Secondary hypertension,2,6,0.0011,0.0376,"ACE,NR3C2"
DISEASES,DOID:11613,Hyperandrogenism,2,6,0.0011,0.0376,"CYP17A1,SHBG"
DISEASES,DOID:1618,Breast fibroadenoma,2,6,0.0011,0.0376,"PGR,ESR1"
DISEASES,DOID:2089,Constipation,2,6,0.0011,0.0376,"ATP12A,OPRM1"
DISEASES,DOID:3459,Breast carcinoma,3,29,0.0011,0.0376,"EGFR,PGR,ESR1"
DISEASES,DOID:4972,Myelodysplastic/myeloproliferative neoplasm,2,6,0.0011,0.0376,"ABL1,PTPN11"
DISEASES,DOID:631,Fibromyalgia,2,6,0.0011,0.0376,"SLC6A4,HTR2A"
DISEASES,DOID:874,Bacterial pneumonia,2,6,0.0011,0.0376,"ATP12A,IL6"
DISEASES,DOID:15,Reproductive system disease,8,317,0.0012,0.0379,"SLC6A4,PGR,AR,SHBG,CYP19A1,IL6,ESR1,SRD5A2"
DISEASES,DOID:1289,Neurodegenerative disease,10,481,0.0013,0.0401,"CTSD,SLC6A3,SIGMAR1,ACHE,PRKDC,BACE1,CTSB,AR,IL6,CHEK1"
DISEASES,DOID:26,Pancreas disease,4,70,0.0013,0.0404,"EGFR,CA2,SHBG,IL6"
DISEASES,DOID:655,Inherited metabolic disorder,15,949,0.0014,0.0418,"CTSD,CYP2C9,PPARG,ACE,CYP11B1,HSD11B2,NR3C2,HSD11B1,CYP17A1,SHBG,G6PD,PPARA,IL6,NR1H4,ABCB1"
DISEASES,DOID:17,Musculoskeletal system disease,17,1154,0.0014,0.0419,"ATP12A,CYP27B1,SIGMAR1,ADRA2A,CA2,PPARG,PLG,PTPN2,PGR,PDE4D,IL6,FGFR1,ESR1,NTRK1,TYK2,PTPN11,CES2"
DISEASES,DOID:0050811,Congenital adrenal hyperplasia,2,7,0.0014,0.0423,"CYP11B1,CYP17A1"
DISEASES,DOID:13223,Uterine fibroid,2,7,0.0014,0.0423,"PGR,ESR1"
DISEASES,DOID:2224,Essential thrombocythemia,2,7,0.0014,0.0423,"ABL1,JAK2"
DISEASES,DOID:799,Varicose veins,2,7,0.0014,0.0423,"ATP12A,F2"
DISEASES,DOID:8997,Polycythemia vera,2,7,0.0014,0.0423,"ABL1,JAK2"
DISEASES,DOID:9477,Pulmonary embolism,2,7,0.0014,0.0423,"F2,PLG"
DISEASES,DOID:2789,Parasitic protozoa infectious disease,3,33,0.0016,0.0442,"CYP51A1,AKR1C2,G6PD"
DISEASES,DOID:2055,Post-traumatic stress disorder,2,8,0.0018,0.0486,"NR3C1,SLC6A4"
DISEASES,DOID:8552,Chronic myeloid leukemia,2,8,0.0018,0.0486,"FLT3,ABL1"
Keyword,KW-0560,Oxidoreductase,25,570,7.24e-14,4.87e-11,"CYP51A1,HSD17B1,CYP27B1,CYP2C9,SRD5A1,HMGCR,CYP11B1,HSD11B2,NOS2,AKR1B10,PTGS1,HSD11B1,PTGS2,CYP17A1,CYP2C19,ALOX5,HSD17B3,AKR1C3,AKR1C2,AKR1C1,G6PD,CYP19A1,TBXAS1,SRD5A2,CYP2D6"
Keyword,KW-0675,Receptor,37,1427,2.41e-13,8.11e-11,"NR3C1,ADORA3,FLT3,CHRM3,RORA,KDR,EGFR,SIGMAR1,ADRA2A,PPARG,PPARD,MET,PGR,RORC,NR1I2,ESR2,NR3C2,DRD2,NR1I3,TACR2,AR,GABBR1,DRD3,HCRTR1,PPARA,ADRA2C,FGFR1,OPRM1,CHRM2,ESR1,GPBAR1,NTRK1,HTR2A,NR1H4,NR1H3,ADORA2A,NR1H2"
Keyword,KW-0754,Steroid-binding,8,18,3.43e-12,7.68e-10,"NR3C1,PGR,SERPINA6,ESR2,NR3C2,AR,SHBG,ESR1"
Keyword,KW-0492,Microsome,13,132,1.02e-11,1.72e-09,"CYP51A1,CYP2C9,SRD5A1,UGT2B7,GLUL,HSD11B2,PTGS1,PTGS2,CYP17A1,CYP2C19,CYP19A1,SRD5A2,CYP2D6"
Keyword,KW-0349,Heme,12,123,7.33e-11,9.86e-09,"CYP51A1,CYP27B1,CYP2C9,CYP11B1,NOS2,PTGS1,PTGS2,CYP17A1,CYP2C19,CYP19A1,TBXAS1,CYP2D6"
Keyword,KW-0418,Kinase,22,634,2.13e-10,2.16e-08,"MAPK1,CSNK2A1,MAPK14,FLT3,MAPK3,KDR,CDK2,EGFR,PRKDC,MET,DYRK1A,ABL1,PIK3CD,RPS6KA3,JAK2,MAPK8,CHEK1,FGFR1,PIK3CG,NTRK1,TYK2,JAK3"
Keyword,KW-0521,NADP,13,170,1.93e-10,2.16e-08,"HSD17B1,SRD5A1,HMGCR,NOS2,AKR1B10,HSD11B1,CYP2C19,HSD17B3,AKR1C3,AKR1C2,AKR1C1,G6PD,SRD5A2"
Keyword,KW-0829,Tyrosine-protein kinase,11,110,3.68e-10,3.09e-08,"FLT3,KDR,EGFR,MET,DYRK1A,ABL1,JAK2,FGFR1,NTRK1,TYK2,JAK3"
Keyword,KW-0256,Endoplasmic reticulum,29,1168,4.5e-10,3.36e-08,"CYP51A1,STS,FLT3,CHRM3,CYP2C9,KDR,SRD5A1,EGFR,SIGMAR1,HMGCR,UGT2B7,GLUL,PTPN2,HSD11B2,BACE1,NR3C2,SREBF2,PTGS1,HSD11B1,PTGS2,CYP17A1,CYP2C19,PTPN1,HSD17B3,CYP19A1,TBXAS1,SRD5A2,CYP2D6,CES2"
Keyword,KW-0443,Lipid metabolism,19,485,6.04e-10,4.06e-08,"CYP51A1,STS,HSD17B1,CYP2C9,HMGCR,NPC1L1,CYP11B1,UGT2B7,PTGES,SREBF2,PTGS1,HSD11B1,PTGS2,CYP2C19,HSD17B3,AKR1C2,TBXAS1,EPHX2,CYP2D6"
Keyword,KW-0753,Steroid metabolism,10,98,2e-09,1.22e-07,"CYP51A1,STS,CYP2C9,HMGCR,NPC1L1,UGT2B7,SREBF2,HSD11B1,AKR1C2,CYP2D6"
Keyword,KW-0479,Metal-binding,53,3702,3.39e-09,1.9e-07,"CYP51A1,STS,ATP12A,SLC6A2,CYP27B1,NR3C1,CYP2C9,RORA,SLC6A4,POLB,CDK2,SLC6A3,CA2,PPARG,ACE,CYP11B1,GLUL,ADAM17,PPARD,PGR,RORC,NOS2,CACNA1H,PDE2A,NR1I2,ESR2,PDE4D,NR3C2,PDE3A,PTGS1,PTGS2,NR1I3,CYP17A1,CYP2C19,ABL1,ALOX5,AR,CA9,POLA1,RPS6KA3,JAK2,CYP19A1,PPARA,PDE7A,TBXAS1,ESR1,TOP2A,EPHX2,CA1,NR1H4,NR1H3,CYP2D6,NR1H2"
Keyword,KW-0503,Monooxygenase,9,79,5.45e-09,2.82e-07,"CYP51A1,CYP27B1,CYP2C9,CYP11B1,CYP17A1,CYP2C19,CYP19A1,TBXAS1,CYP2D6"
Keyword,KW-0657,Pseudohermaphroditism,5,7,7.92e-09,3.8e-07,"NR3C1,AR,HSD17B3,CYP19A1,SRD5A2"
Keyword,KW-0408,Iron,14,311,2.48e-08,1.11e-06,"CYP51A1,CYP27B1,CYP2C9,CYP11B1,NOS2,PTGS1,PTGS2,CYP17A1,CYP2C19,ALOX5,POLA1,CYP19A1,TBXAS1,CYP2D6"
Keyword,KW-0067,ATP-binding,27,1379,2.53e-07,1.06e-05,"MAPK1,CSNK2A1,ATP12A,MAPK14,FLT3,MAPK3,KDR,CDK2,EGFR,GLUL,PRKDC,MET,HSP90AA1,DYRK1A,ABL1,PIK3CD,RPS6KA3,JAK2,MAPK8,CHEK1,FGFR1,TOP2A,PIK3CG,NTRK1,TYK2,JAK3,ABCB1"
Keyword,KW-0090,Biological rhythms,9,145,7.06e-07,2.79e-05,"CSNK2A1,RORA,PPARG,PRKDC,RORC,TOP1,MAPK8,PPARA,TOP2A"
Keyword,KW-0472,Membrane,73,7068,9.66e-07,3.61e-05,"CYP51A1,MAPK1,STS,ATP12A,SLC6A2,CYP27B1,ADORA3,FLT3,CHRM3,CYP2C9,SLC6A4,KCNH2,MAPK3,KDR,SLC6A3,SRD5A1,EGFR,SIGMAR1,ADRA2A,CA2,HMGCR,NPC1L1,ACE,CYP11B1,ACHE,UGT2B7,GLUL,ADAM17,PTPN2,MET,BACE1,PGR,CACNA1H,PDE2A,HSP90AA1,PTGES,PDE4D,CTSB,NR3C2,PDE3A,SREBF2,PTGS1,DRD2,HSD11B1,PTGS2,CYP17A1,CYP2C19,PTPN1,ABL1,TACR2,ALOX5,GABBR1,CA9,JAK2,DRD3,G6PD,CYP19A1,HCRTR1,ADRA2C,TBXAS1,FGFR1,OPRM1,CHRM2,ESR1,PIK3CG,GPBAR1,NTRK1,JAK3,HTR2A,SRD5A2,ABCB1,ADORA2A,CYP2D6"
Keyword,KW-0446,Lipid-binding,11,251,1.08e-06,3.83e-05,"NR3C1,FABP4,FABP1,PGR,SERPINA6,ESR2,NR3C2,AR,SHBG,PPARA,ESR1"
Keyword,KW-0643,Prostaglandin biosynthesis,4,10,1.58e-06,5.3e-05,"PTGES,PTGS1,PTGS2,TBXAS1"
Keyword,KW-0444,Lipid biosynthesis,9,164,1.86e-06,5.97e-05,"CYP51A1,HSD17B1,HMGCR,CYP11B1,PTGES,PTGS1,PTGS2,HSD17B3,TBXAS1"
Keyword,KW-0325,Glycoprotein,52,4386,2.68e-06,7.83e-05,"STS,SLC6A2,CTSD,ADORA3,FLT3,CHRM3,SLC6A4,KCNH2,KDR,BCHE,SLC6A3,EGFR,ADRA2A,PPARG,HMGCR,NPC1L1,ACE,ACHE,UGT2B7,F2,PLG,ADAM17,MET,BACE1,CACNA1H,SERPINA6,CTSB,PTGS1,DRD2,HSD11B1,PTGS2,PLAU,TACR2,F10,GABBR1,CA9,SHBG,DRD3,HCRTR1,IL6,ADRA2C,FGFR1,OPRM1,CHRM2,ESR1,GC,GPBAR1,NTRK1,HTR2A,ABCB1,ADORA2A,CES2"
Keyword,KW-0564,Palmitate,12,339,2.96e-06,8.24e-05,"ADORA3,EGFR,ADRA2A,GLUL,BACE1,PGR,PDE2A,TACR2,AR,DRD3,OPRM1,ESR1"
Keyword,KW-0702,S-nitrosylation,6,56,2.94e-06,8.24e-05,"CDK2,PTPN2,HSP90AA1,PTGS2,PTPN1,MAPK8"
Keyword,KW-1015,Disulfide bond,43,3338,3.98e-06,0.0001,"STS,SLC6A2,CTSD,ADORA3,FLT3,CHRM3,SLC6A4,KDR,BCHE,SLC6A3,EGFR,ADRA2A,NPC1L1,ACE,ACHE,F2,PLG,ADAM17,MET,BACE1,CTSB,PTGS1,DRD2,PTGS2,PLAU,TACR2,F10,GABBR1,CA9,SHBG,DRD3,HCRTR1,IL6,ADRA2C,FGFR1,OPRM1,CHRM2,GC,GPBAR1,NTRK1,HTR2A,ADORA2A,CES2"
Keyword,KW-0547,Nucleotide-binding,28,1776,9.66e-06,0.00024,"MAPK1,CSNK2A1,ATP12A,MAPK14,FLT3,MAPK3,KDR,CDK2,EGFR,GLUL,PRKDC,MET,PDE2A,HSP90AA1,DYRK1A,ABL1,PIK3CD,RPS6KA3,JAK2,MAPK8,CHEK1,FGFR1,TOP2A,PIK3CG,NTRK1,TYK2,JAK3,ABCB1"
Keyword,KW-1207,Sterol metabolism,6,74,1.31e-05,0.00031,"CYP51A1,CYP2C9,HMGCR,NPC1L1,SREBF2,CYP2D6"
Keyword,KW-0752,Steroid biosynthesis,5,43,1.42e-05,0.00033,"CYP51A1,HSD17B1,HMGCR,CYP11B1,HSD17B3"
Keyword,KW-0832,Ubl conjugation,33,2399,2.19e-05,0.00049,"MAPK1,MAPK14,NR3C1,FLT3,RORA,KDR,POLB,EGFR,HMGCR,CDC25A,GLUL,PRKDC,MET,BACE1,PGR,NOS2,HSP90AA1,PDE4D,PDE3A,SREBF2,TOP1,ABL1,AR,CHEK1,FGFR1,OPRM1,ESR1,TOP2A,NTRK1,NR1H4,NR1H3,ADORA2A,NR1H2"
Keyword,KW-0808,Transferase,27,1820,4.17e-05,0.0009,"MAPK1,CSNK2A1,MAPK14,FLT3,MAPK3,KDR,POLB,CDK2,EGFR,UGT2B7,GLUL,PRKDC,MET,DYRK1A,PTGS2,ABL1,PIK3CD,POLA1,RPS6KA3,JAK2,MAPK8,CHEK1,FGFR1,PIK3CG,NTRK1,TYK2,JAK3"
Keyword,KW-0723,Serine/threonine-protein kinase,11,390,5.92e-05,0.0012,"MAPK1,CSNK2A1,MAPK14,MAPK3,CDK2,PRKDC,DYRK1A,RPS6KA3,MAPK8,CHEK1,PIK3CG"
Keyword,KW-0153,Cholesterol metabolism,5,65,8.97e-05,0.0017,"CYP51A1,HMGCR,NPC1L1,SREBF2,CYP2D6"
Keyword,KW-0865,Zymogen,8,210,8.67e-05,0.0017,"CTSD,F2,PLG,ADAM17,BACE1,CTSB,PLAU,F10"
Keyword,KW-1003,Cell membrane,39,3277,8.31e-05,0.0017,"SLC6A2,ADORA3,CHRM3,SLC6A4,KCNH2,KDR,SLC6A3,EGFR,SIGMAR1,ADRA2A,CA2,NPC1L1,ACE,ACHE,GLUL,PTPN2,BACE1,CACNA1H,PDE2A,HSP90AA1,PDE4D,CTSB,DRD2,TACR2,GABBR1,CA9,DRD3,HCRTR1,ADRA2C,FGFR1,OPRM1,CHRM2,ESR1,PIK3CG,GPBAR1,NTRK1,HTR2A,ABCB1,ADORA2A"
Keyword,KW-0378,Hydrolase,24,1612,0.00011,0.0021,"STS,CTSD,CDC25B,BCHE,ACE,ACHE,CDC25A,F2,PLG,ADAM17,PTPN2,BACE1,PDE2A,PDE4D,CTSB,PDE3A,PTPN1,PLAU,F10,PDE7A,EPHX2,PTPN11,PREP,CES2"
Keyword,KW-0114,cAMP,4,36,0.00013,0.0023,"PDE2A,PDE4D,PDE3A,PDE7A"
Keyword,KW-0010,Activator,14,684,0.00017,0.003,"RORA,PPARG,PPARD,RORC,NR1I2,ESR2,SREBF2,NR1I3,AR,PPARA,ESR1,NR1H4,NR1H3,NR1H2"
Keyword,KW-0420,Kringle,3,16,0.00024,0.0041,"F2,PLG,PLAU"
Keyword,KW-0597,Phosphoprotein,73,8122,0.00024,0.0041,"MAPK1,CSNK2A1,ATP12A,MAPK14,NR3C1,FLT3,CDC25B,CHRM3,FABP4,RORA,SLC6A4,KCNH2,MAPK3,KDR,BCHE,CDK2,EGFR,ADRA2A,CA2,PPARG,HMGCR,ACE,FABP1,CDC25A,GLUL,PLG,ADAM17,PTPN2,PRKDC,MET,BACE1,PGR,NOS2,HSP90AA1,DYRK1A,ESR2,PDE4D,NR3C2,PDE3A,SREBF2,TOP1,NR1I3,CYP17A1,PTPN1,ABL1,PLAU,ALOX5,AR,GABBR1,PIK3CD,CA9,POLA1,RPS6KA3,JAK2,G6PD,MAPK8,PDE7A,IL6,CHEK1,FGFR1,OPRM1,CHRM2,ESR1,TOP2A,PIK3CG,EPHX2,NTRK1,TYK2,JAK3,HTR2A,NR1H4,ABCB1,PTPN11"
Keyword,KW-0094,Blood coagulation,4,46,0.0003,0.005,"F2,PLG,PLAU,F10"
Keyword,KW-0449,Lipoprotein,15,818,0.00031,0.005,"ADORA3,EGFR,ADRA2A,ACHE,GLUL,BACE1,PGR,PDE2A,ABL1,TACR2,AR,DRD3,OPRM1,ESR1,EPHX2"
Keyword,KW-0877,Alternative promoter usage,5,95,0.00048,0.0071,"RORA,PGR,RORC,ESR1,NR1H4"
Keyword,KW-0276,Fatty acid metabolism,6,150,0.00053,0.0078,"PTGES,PTGS1,PTGS2,CYP2C19,TBXAS1,CYP2D6"
Keyword,KW-0297,G-protein coupled receptor,14,781,0.00063,0.009,"ADORA3,CHRM3,ADRA2A,DRD2,TACR2,GABBR1,DRD3,HCRTR1,ADRA2C,OPRM1,CHRM2,GPBAR1,HTR2A,ADORA2A"
Keyword,KW-0656,Proto-oncogene,7,225,0.00078,0.011,"FLT3,EGFR,MET,TOP1,ABL1,JAK2,NTRK1"
Keyword,KW-0719,Serine esterase,3,26,0.00085,0.0116,"BCHE,ACHE,CES2"
Keyword,KW-0727,SH2 domain,5,110,0.0009,0.0121,"ABL1,JAK2,TYK2,JAK3,PTPN11"
Keyword,KW-0799,Topoisomerase,2,6,0.0011,0.0149,"TOP1,TOP2A"
Keyword,KW-0954,Congenital adrenal hyperplasia,2,6,0.0011,0.0149,"CYP11B1,CYP17A1"
Keyword,KW-0280,Fibrinolysis,2,8,0.0018,0.0224,"PLG,PLAU"
Keyword,KW-0726,Sexual differentiation,2,8,0.0018,0.0224,"SRD5A1,SRD5A2"
Keyword,KW-0904,Protein phosphatase,5,131,0.0019,0.0228,"CDC25B,CDC25A,PTPN2,PTPN1,PTPN11"
Keyword,KW-0238,DNA-binding,24,1971,0.002,0.0235,"MAPK1,NR3C1,RORA,POLB,PPARG,PPARD,PRKDC,PGR,RORC,NR1I2,ESR2,NR3C2,SREBF2,TOP1,NR1I3,ABL1,AR,POLA1,PPARA,ESR1,TOP2A,NR1H4,NR1H3,NR1H2"
Keyword,KW-0532,Neurotransmitter transport,3,37,0.0022,0.0253,"SLC6A2,SLC6A4,SLC6A3"
Keyword,KW-0645,Protease,10,516,0.0022,0.0253,"CTSD,ACE,F2,PLG,ADAM17,BACE1,CTSB,PLAU,F10,PREP"
Keyword,KW-0720,Serine protease,5,136,0.0022,0.0253,"F2,PLG,PLAU,F10,PREP"
Keyword,KW-0963,Cytoplasm,48,5095,0.0026,0.0283,"MAPK1,HSD17B1,MAPK14,NR3C1,CDC25B,FABP4,MAPK3,KDR,POLB,CDK2,CA2,PPARG,ACE,FABP1,GLUL,PTPN2,PGR,NOS2,PDE2A,HSP90AA1,PDE4D,NR3C2,NR1I3,ABL1,ALOX5,AR,PIK3CD,POLA1,RPS6KA3,AKR1C3,AKR1C2,AKR1C1,JAK2,G6PD,MAPK8,PDE7A,CHEK1,FGFR1,OPRM1,ESR1,TOP2A,PIK3CG,EPHX2,CA1,JAK3,NR1H3,PTPN11,PREP"
Keyword,KW-0792,Thrombophilia,2,10,0.0026,0.0284,"F2,PLG"
Keyword,KW-0755,Steroidogenesis,2,11,0.0031,0.0323,"CYP11B1,CYP17A1"
Keyword,KW-0945,Host-virus interaction,10,540,0.003,0.0323,"MAPK1,FLT3,MAPK3,KDR,EGFR,HSP90AA1,DYRK1A,TOP1,POLA1,HTR2A"
Keyword,KW-0456,Lyase,5,157,0.004,0.0418,"POLB,CA2,CYP17A1,CA9,CA1"
Keyword,KW-0064,Aspartyl protease,2,14,0.0047,0.0476,"CTSD,BACE1"
KEGG,hsa00140,Steroid hormone biosynthesis,14,60,3.46e-17,1.16e-14,"STS,HSD17B1,SRD5A1,CYP11B1,UGT2B7,HSD11B2,HSD11B1,CYP17A1,HSD17B3,AKR1C3,AKR1C2,AKR1C1,CYP19A1,SRD5A2"
KEGG,hsa05200,Pathways in cancer,23,515,5.73e-13,9.63e-11,"MAPK1,FLT3,MAPK3,CDK2,EGFR,PPARG,F2,PPARD,MET,NOS2,HSP90AA1,ESR2,PTGS2,ABL1,AR,PIK3CD,JAK2,MAPK8,IL6,FGFR1,ESR1,NTRK1,JAK3"
KEGG,hsa04914,Progesterone-mediated oocyte maturation,11,95,8.69e-11,9.73e-09,"MAPK1,MAPK14,CDC25B,MAPK3,CDK2,CDC25A,PGR,HSP90AA1,PIK3CD,RPS6KA3,MAPK8"
KEGG,hsa01100,Metabolic pathways,33,1435,1.49e-10,1.09e-08,"CYP51A1,ATP12A,HSD17B1,CYP27B1,CYP2C9,CA2,HMGCR,CYP11B1,UGT2B7,GLUL,HSD11B2,NOS2,PDE2A,PTGES,PDE4D,PDE3A,AKR1B10,PTGS1,HSD11B1,PTGS2,CYP17A1,CYP2C19,ALOX5,HSD17B3,PIK3CD,CA9,AKR1C3,G6PD,CYP19A1,PDE7A,PIK3CG,EPHX2,CA1"
KEGG,hsa04659,Th17 cell differentiation,11,99,1.3e-10,1.09e-08,"MAPK1,MAPK14,RORA,MAPK3,RORC,HSP90AA1,JAK2,MAPK8,IL6,TYK2,JAK3"
KEGG,hsa04080,Neuroactive ligand-receptor interaction,16,329,7.99e-10,4.47e-08,"NR3C1,ADORA3,CHRM3,ADRA2A,F2,PLG,DRD2,TACR2,GABBR1,DRD3,HCRTR1,ADRA2C,OPRM1,CHRM2,HTR2A,ADORA2A"
KEGG,hsa04151,PI3K-Akt signaling pathway,16,349,1.8e-09,7.84e-08,"MAPK1,FLT3,MAPK3,KDR,CDK2,EGFR,MET,HSP90AA1,PIK3CD,JAK2,IL6,FGFR1,CHRM2,PIK3CG,NTRK1,JAK3"
KEGG,hsa04915,Estrogen signaling pathway,11,133,2.38e-09,7.84e-08,"MAPK1,CTSD,MAPK3,EGFR,PGR,HSP90AA1,ESR2,GABBR1,PIK3CD,OPRM1,ESR1"
KEGG,hsa04917,Prolactin signaling pathway,9,68,1.63e-09,7.84e-08,"MAPK1,MAPK14,MAPK3,ESR2,CYP17A1,PIK3CD,JAK2,MAPK8,ESR1"
KEGG,hsa05215,Prostate cancer,10,97,1.82e-09,7.84e-08,"MAPK1,MAPK3,CDK2,EGFR,HSP90AA1,PLAU,AR,PIK3CD,FGFR1,SRD5A2"
KEGG,hsa05230,Central carbon metabolism in cancer,9,68,1.63e-09,7.84e-08,"MAPK1,FLT3,MAPK3,EGFR,MET,PIK3CD,G6PD,FGFR1,NTRK1"
KEGG,hsa04726,Serotonergic synapse,10,108,4.77e-09,1.33e-07,"MAPK1,CYP2C9,SLC6A4,MAPK3,PTGS1,PTGS2,CYP2C19,ALOX5,HTR2A,CYP2D6"
KEGG,hsa00590,Arachidonic acid metabolism,8,60,1.29e-08,3.34e-07,"CYP2C9,PTGES,PTGS1,PTGS2,CYP2C19,ALOX5,AKR1C3,EPHX2"
KEGG,hsa05206,MicroRNAs in cancer,11,159,1.36e-08,3.34e-07,"MAPK1,CDC25B,MAPK3,EGFR,CDC25A,MET,PTGS2,ABL1,PLAU,PIK3CD,ABCB1"
KEGG,hsa01522,Endocrine resistance,9,94,2.21e-08,4.95e-07,"MAPK1,MAPK14,MAPK3,EGFR,ESR2,PIK3CD,MAPK8,ESR1,CYP2D6"
KEGG,hsa04014,Ras signaling pathway,12,225,4.5e-08,9.45e-07,"MAPK1,FLT3,MAPK3,KDR,EGFR,MET,ABL1,PIK3CD,MAPK8,FGFR1,NTRK1,PTPN11"
KEGG,hsa05145,Toxoplasmosis,9,103,4.6e-08,9.45e-07,"MAPK1,MAPK14,MAPK3,NOS2,ALOX5,JAK2,MAPK8,PIK3CG,TYK2"
KEGG,hsa04931,Insulin resistance,9,106,5.8e-08,1.08e-06,"PTPN1,PIK3CD,RPS6KA3,MAPK8,PPARA,IL6,NR1H3,PTPN11,NR1H2"
KEGG,hsa04010,MAPK signaling pathway,13,286,7.23e-08,1.28e-06,"MAPK1,MAPK14,FLT3,CDC25B,MAPK3,KDR,EGFR,MET,CACNA1H,RPS6KA3,MAPK8,FGFR1,NTRK1"
KEGG,hsa01521,EGFR tyrosine kinase inhibitor resistance,8,77,7.68e-08,1.29e-06,"MAPK1,MAPK3,KDR,EGFR,MET,PIK3CD,JAK2,IL6"
KEGG,hsa04722,Neurotrophin signaling pathway,9,112,9.02e-08,1.44e-06,"MAPK1,MAPK14,MAPK3,ABL1,PIK3CD,RPS6KA3,MAPK8,NTRK1,PTPN11"
KEGG,hsa05205,Proteoglycans in cancer,11,194,9.35e-08,1.44e-06,"MAPK1,MAPK14,MAPK3,KDR,EGFR,MET,PLAU,PIK3CD,FGFR1,ESR1,PTPN11"
KEGG,hsa05161,Hepatitis B,10,158,1.4e-07,2.05e-06,"MAPK1,MAPK14,MAPK3,CDK2,PIK3CD,JAK2,MAPK8,IL6,TYK2,JAK3"
KEGG,hsa04024,cAMP signaling pathway,11,207,1.74e-07,2.44e-06,"MAPK1,MAPK3,PDE4D,PDE3A,DRD2,GABBR1,PIK3CD,MAPK8,PPARA,CHRM2,ADORA2A"
KEGG,hsa05235,PD-L1 expression and PD-1 checkpoint pathway in cancer,8,87,1.84e-07,2.47e-06,"MAPK1,CSNK2A1,MAPK14,MAPK3,EGFR,PIK3CD,JAK2,PTPN11"
KEGG,hsa05142,Chagas disease,8,97,4e-07,5.16e-06,"MAPK1,MAPK14,MAPK3,ACE,NOS2,PIK3CD,MAPK8,IL6"
KEGG,hsa04625,C-type lectin receptor signaling pathway,8,101,5.33e-07,6.63e-06,"MAPK1,MAPK14,MAPK3,PTGS2,PIK3CD,MAPK8,IL6,PTPN11"
KEGG,hsa04520,Adherens junction,7,69,5.98e-07,7.18e-06,"MAPK1,CSNK2A1,MAPK3,EGFR,MET,PTPN1,FGFR1"
KEGG,hsa05167,Kaposi sarcoma-associated herpesvirus infection,10,187,6.13e-07,7.18e-06,"MAPK1,MAPK14,MAPK3,PTGS2,PIK3CD,JAK2,MAPK8,IL6,PIK3CG,TYK2"
KEGG,hsa04725,Cholinergic synapse,8,109,9.16e-07,1.03e-05,"MAPK1,CHRM3,MAPK3,ACHE,PIK3CD,JAK2,CHRM2,PIK3CG"
KEGG,hsa04015,Rap1 signaling pathway,10,201,1.15e-06,1.24e-05,"MAPK1,MAPK14,MAPK3,KDR,EGFR,MET,DRD2,PIK3CD,FGFR1,ADORA2A"
KEGG,hsa04913,Ovarian steroidogenesis,6,50,1.6e-06,1.68e-05,"HSD17B1,PTGS2,CYP17A1,ALOX5,AKR1C3,CYP19A1"
KEGG,hsa05152,Tuberculosis,9,165,1.96e-06,1.99e-05,"MAPK1,CYP27B1,MAPK14,CTSD,MAPK3,NOS2,JAK2,MAPK8,IL6"
KEGG,hsa04658,Th1 and Th2 cell differentiation,7,85,2.2e-06,2.18e-05,"MAPK1,MAPK14,MAPK3,JAK2,MAPK8,TYK2,JAK3"
KEGG,hsa04068,FoxO signaling pathway,8,126,2.55e-06,2.45e-05,"MAPK1,MAPK14,MAPK3,CDK2,EGFR,PIK3CD,MAPK8,IL6"
KEGG,hsa04370,VEGF signaling pathway,6,56,2.94e-06,2.75e-05,"MAPK1,MAPK14,MAPK3,KDR,PTGS2,PIK3CD"
KEGG,hsa04657,IL-17 signaling pathway,7,91,3.37e-06,3.06e-05,"MAPK1,MAPK14,MAPK3,HSP90AA1,PTGS2,MAPK8,IL6"
KEGG,hsa04933,AGE-RAGE signaling pathway in diabetic complications,7,96,4.7e-06,4.15e-05,"MAPK1,MAPK14,MAPK3,PIK3CD,JAK2,MAPK8,IL6"
KEGG,hsa04929,GnRH secretion,6,63,5.53e-06,4.76e-05,"MAPK1,MAPK3,CACNA1H,ESR2,GABBR1,PIK3CD"
KEGG,hsa04664,Fc epsilon RI signaling pathway,6,65,6.54e-06,5.49e-05,"MAPK1,MAPK14,MAPK3,ALOX5,PIK3CD,MAPK8"
KEGG,hsa05120,Epithelial cell signaling in Helicobacter pylori infection,6,65,6.54e-06,5.49e-05,"MAPK14,EGFR,ADAM17,MET,MAPK8,PTPN11"
KEGG,hsa04960,Aldosterone-regulated sodium reabsorption,5,37,7.28e-06,5.74e-05,"MAPK1,MAPK3,HSD11B2,NR3C2,PIK3CD"
KEGG,hsa05224,Breast cancer,8,146,7.18e-06,5.74e-05,"MAPK1,MAPK3,EGFR,PGR,ESR2,PIK3CD,FGFR1,ESR1"
KEGG,hsa05223,Non-small cell lung cancer,6,68,8.32e-06,6.36e-05,"MAPK1,MAPK3,EGFR,MET,PIK3CD,JAK3"
KEGG,hsa04218,Cellular senescence,8,150,8.67e-06,6.47e-05,"MAPK1,MAPK14,MAPK3,CDK2,CDC25A,PIK3CD,IL6,CHEK1"
KEGG,hsa00910,Nitrogen metabolism,4,17,9.11e-06,6.57e-05,"CA2,GLUL,CA9,CA1"
KEGG,hsa05140,Leishmaniasis,6,69,9e-06,6.57e-05,"MAPK1,MAPK14,MAPK3,NOS2,PTGS2,JAK2"
KEGG,hsa04668,TNF signaling pathway,7,111,1.15e-05,7.91e-05,"MAPK1,MAPK14,MAPK3,PTGS2,PIK3CD,MAPK8,IL6"
KEGG,hsa05218,Melanoma,6,72,1.13e-05,7.91e-05,"MAPK1,MAPK3,EGFR,MET,PIK3CD,FGFR1"
KEGG,hsa05160,Hepatitis C,8,157,1.19e-05,8e-05,"MAPK1,MAPK3,CDK2,EGFR,PIK3CD,PPARA,TYK2,NR1H3"
KEGG,hsa05133,Pertussis,6,73,1.22e-05,8.01e-05,"MAPK1,MAPK14,MAPK3,NOS2,MAPK8,IL6"
KEGG,hsa04630,JAK-STAT signaling pathway,8,158,1.24e-05,8.04e-05,"EGFR,PTPN2,PIK3CD,JAK2,IL6,TYK2,JAK3,PTPN11"
KEGG,hsa05166,Human T-cell leukemia virus 1 infection,9,210,1.27e-05,8.05e-05,"MAPK1,MAPK3,POLB,CDK2,PIK3CD,MAPK8,IL6,CHEK1,JAK3"
KEGG,hsa03320,PPAR signaling pathway,6,75,1.41e-05,8.75e-05,"FABP4,PPARG,FABP1,PPARD,PPARA,NR1H3"
KEGG,hsa04022,cGMP-PKG signaling pathway,8,163,1.54e-05,9.22e-05,"MAPK1,ADORA3,MAPK3,ADRA2A,PDE2A,PDE3A,ADRA2C,PIK3CG"
KEGG,hsa04071,Sphingolipid signaling pathway,7,116,1.51e-05,9.22e-05,"MAPK1,MAPK14,CTSD,ADORA3,MAPK3,PIK3CD,MAPK8"
KEGG,hsa05204,Chemical carcinogenesis,6,76,1.51e-05,9.22e-05,"CYP2C9,UGT2B7,HSD11B1,PTGS2,CYP2C19,AKR1C2"
KEGG,hsa04114,Oocyte meiosis,7,121,1.96e-05,0.00011,"MAPK1,MAPK14,MAPK3,CDK2,PGR,AR,RPS6KA3"
KEGG,hsa04380,Osteoclast differentiation,7,120,1.86e-05,0.00011,"MAPK1,MAPK14,MAPK3,PPARG,PIK3CD,MAPK8,TYK2"
KEGG,hsa04012,ErbB signaling pathway,6,81,2.12e-05,0.00012,"MAPK1,MAPK3,EGFR,ABL1,PIK3CD,MAPK8"
KEGG,hsa04611,Platelet activation,7,122,2.06e-05,0.00012,"MAPK1,MAPK14,MAPK3,F2,PTGS1,PIK3CD,PIK3CG"
KEGG,hsa04621,NOD-like receptor signaling pathway,8,173,2.33e-05,0.00012,"MAPK1,MAPK14,MAPK3,HSP90AA1,CTSB,MAPK8,IL6,TYK2"
KEGG,hsa05135,Yersinia infection,7,124,2.28e-05,0.00012,"MAPK1,MAPK14,MAPK3,PIK3CD,RPS6KA3,MAPK8,IL6"
KEGG,hsa04926,Relaxin signaling pathway,7,126,2.51e-05,0.00013,"MAPK1,MAPK14,MAPK3,EGFR,NOS2,PIK3CD,MAPK8"
KEGG,hsa05010,Alzheimer disease,11,354,2.52e-05,0.00013,"MAPK1,CSNK2A1,CHRM3,MAPK3,ADAM17,BACE1,NOS2,PTGS2,PIK3CD,MAPK8,IL6"
KEGG,hsa04210,Apoptosis,7,131,3.19e-05,0.00016,"MAPK1,CTSD,MAPK3,CTSB,PIK3CD,MAPK8,NTRK1"
KEGG,hsa05032,Morphine addiction,6,88,3.29e-05,0.00017,"PDE2A,PDE4D,PDE3A,GABBR1,PDE7A,OPRM1"
KEGG,hsa05130,Pathogenic Escherichia coli infection,8,187,3.96e-05,0.0002,"MAPK1,MAPK14,MAPK3,F2,ABL1,MAPK8,IL6,PTPN11"
KEGG,hsa05162,Measles,7,137,4.19e-05,0.0002,"CSNK2A1,CDK2,PIK3CD,MAPK8,IL6,TYK2,JAK3"
KEGG,hsa04020,Calcium signaling pathway,8,191,4.57e-05,0.00022,"CHRM3,EGFR,NOS2,CACNA1H,TACR2,CHRM2,HTR2A,ADORA2A"
KEGG,hsa04550,Signaling pathways regulating pluripotency of stem cells,7,141,4.98e-05,0.00024,"MAPK1,MAPK14,MAPK3,PIK3CD,JAK2,FGFR1,JAK3"
KEGG,hsa05226,Gastric cancer,7,146,6.15e-05,0.00029,"MAPK1,MAPK3,CDK2,EGFR,MET,PIK3CD,ABCB1"
KEGG,hsa04072,Phospholipase D signaling pathway,7,147,6.41e-05,0.0003,"MAPK1,MAPK3,EGFR,F2,PIK3CD,PIK3CG,PTPN11"
KEGG,hsa04620,Toll-like receptor signaling pathway,6,100,6.48e-05,0.0003,"MAPK1,MAPK14,MAPK3,PIK3CD,MAPK8,IL6"
KEGG,hsa04066,HIF-1 signaling pathway,6,102,7.19e-05,0.00032,"MAPK1,MAPK3,EGFR,NOS2,PIK3CD,IL6"
KEGG,hsa04928,"Parathyroid hormone synthesis, secretion and action",6,104,7.96e-05,0.00035,"MAPK1,CYP27B1,MAPK3,EGFR,PDE4D,FGFR1"
KEGG,hsa04810,Regulation of actin cytoskeleton,8,209,8.4e-05,0.00036,"MAPK1,CHRM3,MAPK3,EGFR,F2,PIK3CD,FGFR1,CHRM2"
KEGG,hsa04934,Cushing syndrome,7,153,8.16e-05,0.00036,"MAPK1,MAPK3,CDK2,EGFR,CYP11B1,CACNA1H,CYP17A1"
KEGG,hsa05132,Salmonella infection,8,209,8.4e-05,0.00036,"MAPK1,MAPK14,MAPK3,HSP90AA1,PIK3CD,MAPK8,IL6,PIK3CG"
KEGG,hsa05211,Renal cell carcinoma,5,65,8.97e-05,0.00038,"MAPK1,MAPK3,MET,PIK3CD,PTPN11"
KEGG,hsa05221,Acute myeloid leukemia,5,67,0.0001,0.00043,"MAPK1,FLT3,MAPK3,PPARD,PIK3CD"
KEGG,hsa00980,Metabolism of xenobiotics by cytochrome P450,5,69,0.00012,0.00048,"CYP2C9,UGT2B7,HSD11B1,AKR1C1,CYP2D6"
KEGG,hsa05164,Influenza A,7,163,0.00012,0.00048,"MAPK1,MAPK3,PLG,PIK3CD,JAK2,IL6,TYK2"
KEGG,hsa05212,Pancreatic cancer,5,71,0.00013,0.00053,"MAPK1,MAPK3,EGFR,PIK3CD,MAPK8"
KEGG,hsa05216,Thyroid cancer,4,37,0.00014,0.00055,"MAPK1,MAPK3,PPARG,NTRK1"
KEGG,hsa04935,"Growth hormone synthesis, secretion and action",6,117,0.00015,0.00058,"MAPK1,MAPK14,MAPK3,PIK3CD,JAK2,MAPK8"
KEGG,hsa04110,Cell cycle,6,120,0.00017,0.00065,"CDC25B,CDK2,CDC25A,PRKDC,ABL1,CHEK1"
KEGG,hsa05220,Chronic myeloid leukemia,5,75,0.00017,0.00065,"MAPK1,MAPK3,ABL1,PIK3CD,PTPN11"
KEGG,hsa05203,Viral carcinogenesis,7,183,0.00024,0.00089,"MAPK1,MAPK3,POLB,CDK2,PIK3CD,CHEK1,JAK3"
KEGG,hsa05210,Colorectal cancer,5,82,0.00025,0.00094,"MAPK1,MAPK3,EGFR,PIK3CD,MAPK8"
KEGG,hsa04140,Autophagy - animal,6,131,0.00027,0.00098,"MAPK1,CTSD,MAPK3,CTSB,PIK3CD,MAPK8"
KEGG,hsa04930,Type II diabetes mellitus,4,45,0.00028,0.001,"MAPK1,MAPK3,PIK3CD,MAPK8"
KEGG,hsa05169,Epstein-Barr virus infection,7,192,0.00031,0.0011,"MAPK14,CDK2,PIK3CD,MAPK8,IL6,TYK2,JAK3"
KEGG,hsa04510,Focal adhesion,7,195,0.00034,0.0012,"MAPK1,MAPK3,KDR,EGFR,MET,PIK3CD,MAPK8"
KEGG,hsa04540,Gap junction,5,87,0.00033,0.0012,"MAPK1,MAPK3,EGFR,DRD2,HTR2A"
KEGG,hsa04912,GnRH signaling pathway,5,87,0.00033,0.0012,"MAPK1,MAPK14,MAPK3,EGFR,MAPK8"
KEGG,hsa04976,Bile secretion,5,88,0.00034,0.0012,"CA2,HMGCR,UGT2B7,NR1H4,ABCB1"
KEGG,hsa04750,Inflammatory mediator regulation of TRP channels,5,92,0.00042,0.0014,"MAPK14,PIK3CD,MAPK8,NTRK1,HTR2A"
KEGG,hsa04217,Necroptosis,6,147,0.00048,0.0016,"GLUL,HSP90AA1,JAK2,MAPK8,TYK2,JAK3"
KEGG,hsa05231,Choline metabolism in cancer,5,95,0.00048,0.0016,"MAPK1,MAPK3,EGFR,PIK3CD,MAPK8"
KEGG,hsa04923,Regulation of lipolysis in adipocytes,4,54,0.00054,0.0018,"FABP4,PTGS1,PTGS2,PIK3CD"
KEGG,hsa04660,T cell receptor signaling pathway,5,100,0.0006,0.002,"MAPK1,MAPK14,MAPK3,PIK3CD,MAPK8"
KEGG,hsa05163,Human cytomegalovirus infection,7,217,0.00064,0.0021,"MAPK1,MAPK14,MAPK3,EGFR,PTGS2,PIK3CD,IL6"
KEGG,hsa05213,Endometrial cancer,4,58,0.00069,0.0022,"MAPK1,MAPK3,EGFR,PIK3CD"
KEGG,hsa00982,Drug metabolism - cytochrome P450,4,64,0.00098,0.0031,"CYP2C9,UGT2B7,CYP2C19,CYP2D6"
KEGG,hsa05202,Transcriptional misregulation in cancer,6,171,0.001,0.0033,"FLT3,PPARG,MET,PLAU,IL6,NTRK1"
KEGG,hsa04360,Axon guidance,6,176,0.0012,0.0037,"MAPK1,MAPK3,MET,ABL1,PIK3CD,PTPN11"
KEGG,hsa04920,Adipocytokine signaling pathway,4,68,0.0012,0.0038,"JAK2,MAPK8,PPARA,PTPN11"
KEGG,hsa01524,Platinum drug resistance,4,70,0.0013,0.0041,"MAPK1,MAPK3,PIK3CD,TOP2A"
KEGG,hsa05214,Glioma,4,71,0.0014,0.0043,"MAPK1,MAPK3,EGFR,PIK3CD"
KEGG,hsa04062,Chemokine signaling pathway,6,186,0.0016,0.0047,"MAPK1,MAPK3,PIK3CD,JAK2,PIK3CG,JAK3"
KEGG,hsa04728,Dopaminergic synapse,5,126,0.0016,0.0048,"MAPK14,SLC6A3,DRD2,DRD3,MAPK8"
KEGG,hsa05418,Fluid shear stress and atherosclerosis,5,129,0.0018,0.0053,"MAPK14,KDR,HSP90AA1,PIK3CD,MAPK8"
KEGG,hsa05020,Prion disease,7,263,0.0019,0.0055,"MAPK1,CSNK2A1,MAPK14,MAPK3,PIK3CD,MAPK8,IL6"
KEGG,hsa04910,Insulin signaling pathway,5,132,0.002,0.0057,"MAPK1,MAPK3,PTPN1,PIK3CD,MAPK8"
KEGG,hsa04610,Complement and coagulation cascades,4,82,0.0023,0.0068,"F2,PLG,PLAU,F10"
KEGG,hsa05170,Human immunodeficiency virus 1 infection,6,203,0.0024,0.0069,"MAPK1,MAPK14,MAPK3,PIK3CD,MAPK8,CHEK1"
KEGG,hsa04723,Retrograde endocannabinoid signaling,5,142,0.0027,0.0076,"MAPK1,MAPK14,MAPK3,PTGS2,MAPK8"
KEGG,hsa05219,Bladder cancer,3,40,0.0027,0.0076,"MAPK1,MAPK3,EGFR"
KEGG,hsa04932,Non-alcoholic fatty liver disease,5,146,0.003,0.0084,"PIK3CD,MAPK8,PPARA,IL6,NR1H3"
KEGG,hsa05034,Alcoholism,5,146,0.003,0.0084,"MAPK1,MAPK3,SLC6A3,DRD2,ADORA2A"
KEGG,hsa04921,Oxytocin signaling pathway,5,147,0.0031,0.0085,"MAPK1,MAPK3,EGFR,PTGS2,PIK3CG"
KEGG,hsa05131,Shigellosis,6,218,0.0034,0.0092,"MAPK1,MAPK14,MAPK3,EGFR,PIK3CD,MAPK8"
KEGG,hsa05222,Small cell lung cancer,4,92,0.0035,0.0094,"CDK2,NOS2,PTGS2,PIK3CD"
KEGG,hsa05225,Hepatocellular carcinoma,5,161,0.0045,0.012,"MAPK1,MAPK3,EGFR,MET,PIK3CD"
KEGG,hsa05165,Human papillomavirus infection,7,324,0.0057,0.0153,"MAPK1,MAPK3,CDK2,EGFR,PTGS2,PIK3CD,TYK2"
KEGG,hsa05321,Inflammatory bowel disease,3,59,0.0075,0.0199,"RORA,RORC,IL6"
KEGG,hsa04650,Natural killer cell mediated cytotoxicity,4,120,0.0086,0.0225,"MAPK1,MAPK3,PIK3CD,PTPN11"
KEGG,hsa04919,Thyroid hormone signaling pathway,4,120,0.0086,0.0225,"MAPK1,MAPK3,PIK3CD,ESR1"
KEGG,hsa00100,Steroid biosynthesis,2,20,0.0088,0.0227,"CYP51A1,CYP27B1"
KEGG,hsa04720,Long-term potentiation,3,63,0.0089,0.0229,"MAPK1,MAPK3,RPS6KA3"
KEGG,hsa00220,Arginine biosynthesis,2,21,0.0096,0.0244,"GLUL,NOS2"
KEGG,hsa04927,Cortisol synthesis and secretion,3,65,0.0097,0.0245,"CYP11B1,CACNA1H,CYP17A1"
KEGG,hsa04924,Renin secretion,3,66,0.0101,0.0253,"ACE,CTSB,PDE3A"
KEGG,hsa00230,Purine metabolism,4,127,0.0103,0.0257,"PDE2A,PDE4D,PDE3A,PDE7A"
KEGG,hsa04614,Renin-angiotensin system,2,23,0.0113,0.0278,"ACE,PREP"
KEGG,hsa04371,Apelin signaling pathway,4,133,0.012,0.0295,"MAPK1,MAPK3,NOS2,PIK3CG"
KEGG,hsa04721,Synaptic vesicle cycle,3,72,0.0127,0.0308,"SLC6A2,SLC6A4,SLC6A3"
KEGG,hsa00790,Folate biosynthesis,2,25,0.0131,0.0316,"AKR1B10,AKR1C3"
KEGG,hsa04662,B cell receptor signaling pathway,3,78,0.0156,0.0373,"MAPK1,MAPK3,PIK3CD"
KEGG,hsa04261,Adrenergic signaling in cardiomyocytes,4,146,0.0163,0.0388,"MAPK1,MAPK14,MAPK3,PIK3CG"
KEGG,hsa00591,Linoleic acid metabolism,2,29,0.017,0.0403,"CYP2C9,CYP2C19"
KEGG,hsa04150,mTOR signaling pathway,4,150,0.0178,0.0418,"MAPK1,MAPK3,PIK3CD,RPS6KA3"
KEGG,hsa04710,Circadian rhythm,2,30,0.0181,0.0422,"RORA,RORC"
KEGG,hsa00040,Pentose and glucuronate interconversions,2,33,0.0214,0.0496,"UGT2B7,AKR1B10"
SMART,SM00399,c4 zinc finger in nuclear hormone receptors,16,45,5.49e-22,4.51e-19,"NR3C1,RORA,PPARG,PPARD,PGR,RORC,NR1I2,ESR2,NR3C2,NR1I3,AR,PPARA,ESR1,NR1H4,NR1H3,NR1H2"
SMART,SM00430,Ligand binding domain of hormone receptors,16,47,9.82e-22,4.51e-19,"NR3C1,RORA,PPARG,PPARD,PGR,RORC,NR1I2,ESR2,NR3C2,NR1I3,AR,PPARA,ESR1,NR1H4,NR1H3,NR1H2"
SMART,SM00219,"Tyrosine kinase, catalytic domain",10,89,8.45e-10,2.31e-07,"FLT3,KDR,EGFR,MET,ABL1,JAK2,FGFR1,NTRK1,TYK2,JAK3"
SMART,SM00221,Protein kinase,3,6,2.15e-05,0.0044,"JAK2,TYK2,JAK3"
SMART,SM00471,Metal dependent phosphohydrolases with conserved HD motif.,4,27,4.56e-05,0.0075,"PDE2A,PDE4D,PDE3A,PDE7A"
SMART,SM00146,"Phosphoinositide 3-kinase, catalytic domain",3,15,0.0002,0.0273,"PRKDC,PIK3CD,PIK3CG"
SMART,SM00130,Kringle domain,3,16,0.00024,0.0277,"F2,PLG,PLAU"
SMART,SM01057,Eukaryotic-type carbonic anhydrase,3,17,0.00028,0.0284,"CA2,CA9,CA1"
SMART,SM00220,"Serine/Threonine protein kinases, catalytic domain",8,259,0.00035,0.0316,"MAPK1,CSNK2A1,MAPK14,MAPK3,CDK2,DYRK1A,RPS6KA3,MAPK8"
InterPro,IPR000536,"Nuclear hormone receptor, ligand-binding domain",16,47,9.82e-22,3.95e-18,"NR3C1,RORA,PPARG,PPARD,PGR,RORC,NR1I2,ESR2,NR3C2,NR1I3,AR,PPARA,ESR1,NR1H4,NR1H3,NR1H2"
InterPro,IPR001628,"Zinc finger, nuclear hormone receptor-type",16,45,5.49e-22,3.95e-18,"NR3C1,RORA,PPARG,PPARD,PGR,RORC,NR1I2,ESR2,NR3C2,NR1I3,AR,PPARA,ESR1,NR1H4,NR1H3,NR1H2"
InterPro,IPR035500,Nuclear hormone receptor-like domain superfamily,16,47,9.82e-22,3.95e-18,"NR3C1,RORA,PPARG,PPARD,PGR,RORC,NR1I2,ESR2,NR3C2,NR1I3,AR,PPARA,ESR1,NR1H4,NR1H3,NR1H2"
InterPro,IPR013088,"Zinc finger, NHR/GATA-type",16,55,8.220000000000001e-21,1.48e-17,"NR3C1,RORA,PPARG,PPARD,PGR,RORC,NR1I2,ESR2,NR3C2,NR1I3,AR,PPARA,ESR1,NR1H4,NR1H3,NR1H2"
InterPro,IPR001723,Nuclear hormone receptor,14,45,1.1e-18,1.57e-15,"NR3C1,RORA,PPARG,PPARD,PGR,RORC,NR1I2,ESR2,NR1I3,PPARA,ESR1,NR1H4,NR1H3,NR1H2"
InterPro,IPR011009,Protein kinase-like domain superfamily,22,530,7.7e-12,9.22e-09,"MAPK1,CSNK2A1,MAPK14,FLT3,MAPK3,KDR,CDK2,EGFR,PRKDC,MET,DYRK1A,ABL1,PIK3CD,RPS6KA3,JAK2,MAPK8,CHEK1,FGFR1,PIK3CG,NTRK1,TYK2,JAK3"
InterPro,IPR017441,"Protein kinase, ATP binding site",18,382,1.05e-10,1.07e-07,"MAPK1,CSNK2A1,MAPK14,FLT3,MAPK3,KDR,CDK2,EGFR,MET,DYRK1A,ABL1,RPS6KA3,JAK2,CHEK1,FGFR1,NTRK1,TYK2,JAK3"
InterPro,IPR017972,"Cytochrome P450, conserved site",9,52,1.92e-10,1.72e-07,"CYP51A1,CYP27B1,CYP2C9,CYP11B1,CYP17A1,CYP2C19,CYP19A1,TBXAS1,CYP2D6"
InterPro,IPR020635,"Tyrosine-protein kinase, catalytic domain",10,80,3.26e-10,2.6e-07,"FLT3,KDR,EGFR,MET,ABL1,JAK2,FGFR1,NTRK1,TYK2,JAK3"
InterPro,IPR001128,Cytochrome P450,9,57,3.98e-10,2.86e-07,"CYP51A1,CYP27B1,CYP2C9,CYP11B1,CYP17A1,CYP2C19,CYP19A1,TBXAS1,CYP2D6"
InterPro,IPR036396,Cytochrome P450 superfamily,9,57,3.98e-10,2.86e-07,"CYP51A1,CYP27B1,CYP2C9,CYP11B1,CYP17A1,CYP2C19,CYP19A1,TBXAS1,CYP2D6"
InterPro,IPR000719,Protein kinase domain,19,486,6.25e-10,3.74e-07,"MAPK1,CSNK2A1,MAPK14,FLT3,MAPK3,KDR,CDK2,EGFR,MET,DYRK1A,ABL1,RPS6KA3,JAK2,MAPK8,CHEK1,FGFR1,NTRK1,TYK2,JAK3"
InterPro,IPR008266,"Tyrosine-protein kinase, active site",10,96,1.66e-09,9.18e-07,"FLT3,KDR,EGFR,MET,ABL1,JAK2,FGFR1,NTRK1,TYK2,JAK3"
InterPro,IPR002401,"Cytochrome P450, E-class, group I",7,42,2.72e-08,1.39e-05,"CYP27B1,CYP2C9,CYP17A1,CYP2C19,CYP19A1,TBXAS1,CYP2D6"
InterPro,IPR001245,"Serine-threonine/tyrosine-protein kinase, catalytic domain",10,134,3.26e-08,1.56e-05,"FLT3,KDR,EGFR,MET,ABL1,JAK2,FGFR1,NTRK1,TYK2,JAK3"
InterPro,IPR003527,"Mitogen-activated protein (MAP) kinase, conserved site",4,11,2.14e-06,0.00096,"MAPK1,MAPK14,MAPK3,MAPK8"
InterPro,IPR018170,"Aldo/keto reductase, conserved site",4,11,2.14e-06,0.00096,"AKR1B10,AKR1C3,AKR1C2,AKR1C1"
InterPro,IPR020471,Aldo-keto reductase,4,11,2.14e-06,0.00096,"AKR1B10,AKR1C3,AKR1C2,AKR1C1"
InterPro,IPR003074,Peroxisome proliferator-activated receptor,3,3,5.18e-06,0.002,"PPARG,PPARD,PPARA"
InterPro,IPR016251,"Tyrosine-protein kinase, non-receptor Jak/Tyk2",3,4,9.03e-06,0.0032,"JAK2,TYK2,JAK3"
InterPro,IPR023210,NADP-dependent oxidoreductase domain,4,17,9.11e-06,0.0032,"AKR1B10,AKR1C3,AKR1C2,AKR1C1"
InterPro,IPR036812,NADP-dependent oxidoreductase domain superfamily,4,17,9.11e-06,0.0032,"AKR1B10,AKR1C3,AKR1C2,AKR1C1"
InterPro,IPR041046,"JAK, FERM F2 lobe domain",3,4,9.03e-06,0.0032,"JAK2,TYK2,JAK3"
InterPro,IPR041155,FERM F1 lobe ubiquitin-like domain,3,4,9.03e-06,0.0032,"JAK2,TYK2,JAK3"
InterPro,IPR041381,"JAK1-3/TYK2, pleckstrin homology-like domain",3,4,9.03e-06,0.0032,"JAK2,TYK2,JAK3"
InterPro,IPR044482,Aldo-keto reductase family 1 member C,3,4,9.03e-06,0.0032,"AKR1C3,AKR1C2,AKR1C1"
InterPro,IPR002073,"35-cyclic nucleotide phosphodiesterase, catalytic domain",4,21,1.89e-05,0.005,"PDE2A,PDE4D,PDE3A,PDE7A"
InterPro,IPR023174,"35-cyclic nucleotide phosphodiesterase, conserved site",4,21,1.89e-05,0.005,"PDE2A,PDE4D,PDE3A,PDE7A"
InterPro,IPR036971,"35-cyclic nucleotide phosphodiesterase, catalytic domain superfamily",4,21,1.89e-05,0.005,"PDE2A,PDE4D,PDE3A,PDE7A"
InterPro,IPR003607,HD/PDEase domain,4,24,3.01e-05,0.0072,"PDE2A,PDE4D,PDE3A,PDE7A"
InterPro,IPR019826,"Carboxylesterase type B, active site",3,8,4.18e-05,0.0097,"BCHE,ACHE,CES2"
InterPro,IPR018338,"Carbonic anhydrase, alpha-class, conserved site",3,12,0.00011,0.0254,"CA2,CA9,CA1"
InterPro,IPR020904,"Short-chain dehydrogenase/reductase, conserved site",4,35,0.00011,0.0254,"HSD17B1,HSD11B2,HSD11B1,HSD17B3"
InterPro,IPR019819,"Carboxylesterase type B, conserved site",3,13,0.00014,0.0292,"BCHE,ACHE,CES2"
InterPro,IPR002018,"Carboxylesterase, type B",3,14,0.00017,0.0343,"BCHE,ACHE,CES2"
InterPro,IPR018936,"Phosphatidylinositol 3/4-kinase, conserved site",3,15,0.0002,0.0399,"PRKDC,PIK3CD,PIK3CG"
InterPro,IPR023561,"Carbonic anhydrase, alpha-class",3,15,0.0002,0.0399,"CA2,CA9,CA1"
InterPro,IPR036940,"Phosphatidylinositol 3-/4-kinase, catalytic domain superfamily",3,15,0.0002,0.0399,"PRKDC,PIK3CD,PIK3CG"
InterPro,IPR000001,Kringle,3,16,0.00024,0.0435,"F2,PLG,PLAU"
InterPro,IPR000997,Cholinesterase,2,2,0.00025,0.0435,"BCHE,ACHE"
InterPro,IPR001148,Alpha carbonic anhydrase domain,3,17,0.00028,0.0435,"CA2,CA9,CA1"
InterPro,IPR008349,"Mitogen-activated protein (MAP) kinase, ERK1/2",2,2,0.00025,0.0435,"MAPK1,MAPK3"
InterPro,IPR012265,"Protein-tyrosine phosphatase, non-receptor type-1/2",2,2,0.00025,0.0435,"PTPN2,PTPN1"
InterPro,IPR014788,"Acetylcholinesterase, tetramerisation domain",2,2,0.00025,0.0435,"BCHE,ACHE"
InterPro,IPR016636,3-oxo-5-alpha-steroid 4-dehydrogenase,2,2,0.00025,0.0435,"SRD5A1,SRD5A2"
InterPro,IPR018056,"Kringle, conserved site",3,16,0.00024,0.0435,"F2,PLG,PLAU"
InterPro,IPR023257,Liver X receptor,2,2,0.00025,0.0435,"NR1H3,NR1H2"
InterPro,IPR036398,Alpha carbonic anhydrase domain superfamily,3,17,0.00028,0.0435,"CA2,CA9,CA1"
InterPro,IPR038178,Kringle superfamily,3,16,0.00024,0.0435,"F2,PLG,PLAU"
Pfam,PF00067,Cytochrome P450,9,58,4.57e-10,1.06e-06,"CYP51A1,CYP27B1,CYP2C9,CYP11B1,CYP17A1,CYP2C19,CYP19A1,TBXAS1,CYP2D6"
Pfam,PF00248,Aldo/keto reductase family,4,17,9.11e-06,0.0105,"AKR1B10,AKR1C3,AKR1C2,AKR1C1"
PMID,PMID:36289509,(2022) Mechanisms of action of Zishen Yutai pills in treating premature ovarian failure determined by integrating UHPLC-Q-TOF-MS and network pharmacology analysis.,30,57,7.53e-45,3.88e-38,"MAPK14,NR3C1,SLC6A4,SLC6A3,SRD5A1,PPARG,ACE,UGT2B7,F2,PGR,ESR2,SREBF2,DRD2,CYP17A1,CYP2C19,AR,HSD17B3,SHBG,AKR1C3,AKR1C2,DRD3,CYP19A1,IL6,FGFR1,OPRM1,ESR1,HTR2A,SRD5A2,ABCB1,PTPN11"
PMID,PMID:35866783,(2022) Study on the mechanism of Gualou Xiebai Guizhi decoction (GLXBGZD) in the treatment of coronary heart disease based on network pharmacology.,29,100,3.75e-37,9.640000000000001e-31,"MAPK1,NR3C1,CTSD,SLC6A4,KCNH2,CDK2,EGFR,PPARG,HMGCR,ACHE,PGR,NOS2,HSP90AA1,NR3C2,PDE3A,TOP1,PTGS1,PTGS2,PTPN1,PLAU,ALOX5,AR,IL6,CHEK1,OPRM1,ESR1,TOP2A,PIK3CG,HTR2A"
PMID,PMID:37986356,(2023) Exploring the potential mechanism of Kaixinsan powder for the same pathogenesis of PTSD and anxiety based on network pharmacology and molecular docking: A review.,28,101,2.1100000000000002e-35,3.6200000000000003e-29,"SLC6A2,MAPK14,NR3C1,FLT3,CHRM3,SLC6A4,KCNH2,KDR,BCHE,SLC6A3,ADRA2A,PPARG,GLUL,PDE2A,ESR2,PDE4D,NR3C2,PTGS1,DRD2,PTGS2,PLAU,CYP19A1,IL6,ADRA2C,OPRM1,CHRM2,ESR1,HTR2A"
PMID,PMID:32123669,(2020) PHARMIP: An insilico method to predict genetics that underpin adverse drug reactions.,29,120,3.6300000000000004e-35,4.67e-29,"ATP12A,SLC6A2,MAPK14,ADORA3,CHRM3,CYP2C9,RORA,SLC6A4,KCNH2,BCHE,CDK2,EGFR,SIGMAR1,ADRA2A,BACE1,HSP90AA1,PTGS1,DRD2,PTGS2,PTPN1,ABL1,TACR2,DRD3,ADRA2C,OPRM1,CHRM2,HTR2A,ADORA2A,CYP2D6"
PMID,PMID:35492478,"(2021) Exploring the therapeutic mechanisms of Cassia glauca in diabetes mellitus through network pharmacology, molecular docking and molecular dynamics.",27,97,3.49e-34,3.59e-28,"NR3C1,CYP2C9,KCNH2,KDR,PPARG,ADAM17,PPARD,HSD11B2,BACE1,HSP90AA1,NR3C2,HSD11B1,PTGS2,CYP2C19,PTPN1,PIK3CD,MAPK8,PPARA,ADRA2C,FGFR1,ESR1,PIK3CG,GPBAR1,JAK3,HTR2A,NR1H4,CYP2D6"
PMID,PMID:37888725,(2023) Artificial IntelligenceMachine Learning-Driven Small Molecule Repurposing via Off-Target Prediction and Transcriptomics.,24,63,3.47e-33,2.9800000000000003e-27,"NR3C1,ADORA3,FLT3,CYP2C9,KCNH2,KDR,SLC6A3,EGFR,PPARG,ACHE,BACE1,PGR,ESR2,NR3C2,PTGS1,CYP2C19,ABL1,AR,SHBG,PPARA,ESR1,HTR2A,ADORA2A,CYP2D6"
PMID,PMID:33178311,(2020) Analysis of the Components in Moxa Smoke by GC-MS and Preliminary Discussion on Its Toxicity and Side Effects.,26,108,1.66e-31,1.22e-25,"NR3C1,ADORA3,CYP2C9,SLC6A4,KDR,ADRA2A,PPARG,HMGCR,NPC1L1,ACE,PGR,ESR2,PDE4D,NR3C2,PDE3A,PTGS1,PTGS2,CYP2C19,CA9,PPARA,PDE7A,ADRA2C,OPRM1,ESR1,ABCB1,ADORA2A"
PMID,PMID:26662846,(2016) Systems Toxicology of Male Reproductive Development: Profiling 774 Chemicals for Molecular Targets and Adverse Outcomes.,26,113,4.6300000000000005e-31,2.98e-25,"CSNK2A1,CHRM3,CYP2C9,RORA,SLC6A4,KCNH2,MAPK3,ADRA2A,PPARG,RORC,NR1I2,ESR2,DRD2,NR1I3,CYP17A1,CYP2C19,PTPN1,PLAU,PPARA,IL6,ADRA2C,CHRM2,ESR1,HTR2A,NR1H4,CYP2D6"
PMID,PMID:38002991,(2023) Pharmacogenomics of Dementia: Personalizing the Treatment of Cognitive and Neuropsychiatric Symptoms.,26,127,6.68e-30,3.4299999999999995e-24,"SLC6A2,ADORA3,CYP2C9,SLC6A4,KCNH2,BCHE,SLC6A3,SIGMAR1,ACE,ACHE,UGT2B7,BACE1,NR1I2,DRD2,PTGS2,NR1I3,CYP2C19,ALOX5,AR,DRD3,IL6,ESR1,HTR2A,ABCB1,ADORA2A,CYP2D6"
PMID,PMID:36034828,"(2022) An integrative approach to uncover the components, mechanisms, and functions of traditional Chinese medicine prescriptions on male infertility.",19,29,6.0099999999999994e-30,3.4299999999999995e-24,"MAPK1,NR3C1,MAPK3,BCHE,EGFR,PPARG,HMGCR,ACHE,NOS2,HSP90AA1,ESR2,NR1I3,CYP17A1,PIK3CD,SHBG,CYP19A1,PPARA,ESR1,PIK3CG"
PMID,PMID:36992829,(2023) The mechanism of action of paeoniae radix rubra-angelicae sinensis radix drug pair in the treatment of rheumatoid arthritis through PI3KAKTNF-kappaB signaling pathway.,21,57,7.4e-29,3.46e-23,"SLC6A2,ADORA3,CYP2C9,RORA,SLC6A4,CDK2,EGFR,ACE,PTPN2,PRKDC,HSP90AA1,ESR2,CTSB,TOP1,CYP2C19,PTPN1,PIK3CD,IL6,PIK3CG,ABCB1,PTPN11"
PMID,PMID:37588570,(2023) Network pharmacology based anti-diabetic attributes of bioactive compounds from Ocimum gratissimum L. through computational approach.,21,58,1.0000000000000001e-28,4.3e-23,"FLT3,CDC25B,BCHE,CDK2,EGFR,ADRA2A,PPARG,HMGCR,ACHE,PDE4D,PTGS1,DRD2,PTPN1,ABL1,PIK3CD,RPS6KA3,PPARA,IL6,OPRM1,PIK3CG,HTR2A"
PMID,PMID:33140562,(2020) Integrating systematic biological and proteomics strategies to explore the pharmacological mechanism of danshen yin modified on atherosclerosis.,23,88,1.23e-28,4.8799999999999997e-23,"MAPK1,HSD17B1,MAPK14,CYP2C9,KDR,BCHE,CDK2,EGFR,PPARG,HMGCR,ADAM17,BACE1,HSP90AA1,PDE4D,HSD11B1,PTPN1,AKR1C3,AKR1C2,AKR1C1,MAPK8,IL6,CHEK1,FGFR1"
PMID,PMID:35847793,(2022) Anti-colon Cancer Effects of Dendrobium officinale Kimura & Migo Revealed by Network Pharmacology Integrated With Molecular Docking and Metabolomics Studies.,19,38,3.16e-28,1.16e-22,"HSD17B1,ADORA3,FLT3,EGFR,PPARG,PPARD,ESR2,PTGS1,PTGS2,PTPN1,ALOX5,PIK3CD,CA9,SHBG,CYP19A1,ESR1,PIK3CG,HTR2A,ABCB1"
PMID,PMID:30687082,(2018) Systems Pharmacology Dissection of Multi-Scale Mechanisms of Action of Huo-Xiang-Zheng-Qi Formula for the Treatment of Gastrointestinal Diseases.,19,40,6.87e-28,2.35e-22,"MAPK14,NR3C1,CHRM3,KCNH2,KDR,CDK2,PPARG,PGR,NOS2,HSP90AA1,ESR2,PTGS1,PTGS2,AR,PIK3CD,IL6,CHRM2,ESR1,PIK3CG"
PMID,PMID:33546161,(2021) A Multi-Objective Approach for Drug Repurposing in Preeclampsia.,20,54,1.48e-27,4.64e-22,"SLC6A2,ADORA3,CHRM3,CYP2C9,BCHE,SLC6A3,EGFR,PPARG,ACE,NR1I2,ESR2,PTGS2,CYP2C19,CYP19A1,PPARA,CHRM2,ESR1,ABCB1,ADORA2A,CYP2D6"
PMID,PMID:27841365,(2016) Systems pharmacology exploration of botanic drug pairs reveals the mechanism for treating different diseases.,19,42,1.4400000000000001e-27,4.64e-22,"MAPK14,NR3C1,KDR,CA2,PPARG,HMGCR,ACE,PGR,NOS2,HSP90AA1,ESR2,NR3C2,PTGS1,PTGS2,AR,CA9,ESR1,PIK3CG,CA1"
PMID,PMID:36079577,(2022) Network Pharmacology-Based Investigation on Therapeutic Mechanisms of the Angelica dahurica Radix and Ligusticum chuanxiong Rhizoma Herb Pair for Anti-Migraine Effect.,19,43,2.07e-27,5.92e-22,"MAPK1,NR3C1,SLC6A3,EGFR,PPARG,ACE,PGR,NOS2,DRD2,PTGS2,CYP2C19,JAK2,CYP19A1,PPARA,OPRM1,ESR1,HTR2A,ABCB1,ADORA2A"
PMID,PMID:38102584,(2023) Integrated bioinformatics and network pharmacology to explore the therapeutic target and molecular mechanisms of Bailing capsule on polycystic ovary syndrome.,20,56,2.71e-27,7.35e-22,"MAPK1,MAPK14,NR3C1,KDR,PPARG,HMGCR,PPARD,ESR2,HSD11B1,PTGS2,PTPN1,ABL1,PIK3CD,JAK2,MAPK8,PPARA,IL6,ESR1,PIK3CG,NR1H3"
PMID,PMID:37754241,(2023) Molecular Docking Integrated with Network Pharmacology Explores the Therapeutic Mechanism of Cannabis sativa against Type 2 Diabetes.,19,44,2.9500000000000003e-27,7.59e-22,"MAPK1,MAPK14,FABP4,MAPK3,BCHE,EGFR,F2,HSP90AA1,ESR2,NR3C2,HSD11B1,AR,PIK3CD,SHBG,MAPK8,PPARA,ESR1,PIK3CG,GC"
PMID,PMID:34845218,(2021) Revealing the efficacy-toxicity relationship of Fuzi in treating rheumatoid arthritis by systems pharmacology.,20,60,8.62e-27,2.11e-21,"MAPK1,KCNH2,BCHE,SLC6A3,ADRA2A,PPARG,UGT2B7,PTGS1,DRD2,HSD11B1,PTGS2,PIK3CD,SHBG,DRD3,PPARA,IL6,ADRA2C,OPRM1,CHRM2,PIK3CG"
PMID,PMID:31804513,(2019) Exploring the Pharmacological Mechanism of Quercetin-Resveratrol Combination for Polycystic Ovary Syndrome: A Systematic Pharmacological Strategy-Based Research.,27,200,1.1e-26,2.5600000000000003e-21,"HSD17B1,NR3C1,FABP4,CYP2C9,CDK2,SRD5A1,PPARG,HMGCR,ACE,CYP11B1,PPARD,PGR,HSP90AA1,ESR2,SREBF2,DRD2,CYP17A1,PIK3CD,SHBG,DRD3,CYP19A1,PPARA,IL6,ESR1,PIK3CG,NR1H3,CYP2D6"
PMID,PMID:32325894,(2020) Mechanisms of Action of Autophagy Modulators Dissected by Quantitative Systems Pharmacology Analysis.,23,112,1.5600000000000002e-26,3.5e-21,"FLT3,CHRM3,KCNH2,MAPK3,KDR,EGFR,ADRA2A,PPARG,PPARD,CACNA1H,NR1I2,ESR2,DRD2,ABL1,PIK3CD,DRD3,MAPK8,PPARA,ADRA2C,ESR1,PIK3CG,HTR2A,ADORA2A"
PMID,PMID:35800440,(2022) Network Pharmacology and Data Mining Approach Reveal the Medication Rule of Traditional Chinese Medicine in the Treatment of Premenstrual SyndromePremenstrual Dysphoric Disorder.,18,38,1.9e-26,4.0600000000000004e-21,"SLC6A2,NR3C1,CHRM3,SLC6A4,KDR,BCHE,SLC6A3,EGFR,ADRA2A,PGR,ESR2,DRD2,SHBG,ADRA2C,CHRM2,ESR1,HTR2A,CES2"
PMID,PMID:37261294,(2023) Network pharmacology implicates traditional Chinese medicine in regulating systemic homeostasis to benefit Alzheimers disease.,19,50,2.1600000000000002e-26,4.4400000000000004e-21,"MAPK1,MAPK14,EGFR,PPARG,HMGCR,ACHE,BACE1,HSP90AA1,PTGS1,PTGS2,PTPN1,ALOX5,PIK3CD,CYP19A1,PPARA,ESR1,PIK3CG,ABCB1,CYP2D6"
PMID,PMID:32197305,(2020) Pharmacological Mechanisms Underlying the Neuroprotective Effects of Alpinia oxyphylla Miq. on Alzheimers Disease.,19,50,2.1600000000000002e-26,4.4400000000000004e-21,"SLC6A4,SLC6A3,EGFR,ACE,ACHE,NOS2,ESR2,PTGS1,DRD2,PTGS2,CYP17A1,PIK3CD,DRD3,CHRM2,ESR1,PIK3CG,HTR2A,SRD5A2,ABCB1"
PMID,PMID:32357528,(2020) Pharmacogenomics of Cognitive Dysfunction and Neuropsychiatric Disorders in Dementia.,27,208,2.84e-26,5.41e-21,"CYP51A1,ATP12A,SLC6A2,NR3C1,ADORA3,CYP2C9,SLC6A4,KCNH2,BCHE,SLC6A3,PPARG,ACE,ACHE,UGT2B7,F2,CACNA1H,NR1I2,PTGES,DRD2,NR1I3,CYP2C19,DRD3,ESR1,HTR2A,ABCB1,ADORA2A,CYP2D6"
PMID,PMID:37701374,(2023) A novel FCTF evaluation and prediction model for food efficacy based on association rule mining.,16,22,6.81e-26,1.25e-20,"SLC6A4,BCHE,PPARG,ACE,BACE1,PGR,ESR2,DRD2,PTGS2,CYP17A1,CYP2C19,CYP19A1,PPARA,CHRM2,ESR1,TYK2"
PMID,PMID:32210799,(2020) Modular Characteristics and Mechanism of Action of Herbs for Endometriosis Treatment in Chinese Medicine: A Data Mining and Network Pharmacology-Based Identification.,20,72,1.9099999999999999e-25,3.38e-20,"MAPK3,KDR,BCHE,EGFR,PPARG,ACHE,PGR,NR1I2,PTGES,ESR2,NR3C2,PTGS1,PTGS2,PIK3CD,CYP19A1,PPARA,IL6,ESR1,PIK3CG,HTR2A"
PMID,PMID:33072190,(2020) Systematic analyses on the potential immune and anti-inflammatory mechanisms of Shufeng Jiedu Capsule against Severe Acute Respiratory Syndrome Coronavirus 2 (SARS-CoV-2)-caused pneumonia.,16,24,1.9099999999999999e-25,3.38e-20,"MAPK14,NR3C1,KDR,CDK2,ADRA2A,PPARG,F2,NOS2,HSP90AA1,ESR2,PTGS1,PTGS2,IL6,ESR1,TOP2A,PIK3CG"
PMID,PMID:28286207,(2017) Virtual screening applications in short-chain dehydrogenasereductase research.,16,26,4.99e-25,8.29e-20,"STS,HSD17B1,NR3C1,KCNH2,CYP11B1,HSD11B2,PGR,ESR2,NR3C2,HSD11B1,AR,HSD17B3,AKR1C3,IL6,ESR1,NR1H4"
PMID,PMID:30255805,(2018) Pharmacological risk factors associated with hospital readmission rates in a psychiatric cohort identified using prescriptome data mining.,22,119,1.6099999999999998e-24,2.59e-19,"SLC6A2,NR3C1,CYP2C9,SLC6A4,KCNH2,EGFR,PPARG,ACE,ESR2,PTGS1,DRD2,PTGS2,CYP2C19,DRD3,IL6,ADRA2C,CHRM2,ESR1,HTR2A,ABCB1,ADORA2A,CYP2D6"
PMID,PMID:36570530,(2022) Potential bioactive compounds and mechanisms of Fibraurea recisa Pierre for the treatment of Alzheimers disease analyzed by network pharmacology and molecular docking prediction.,20,83,2.23e-24,3.48e-19,"MAPK1,CSNK2A1,NR3C1,CDK2,SLC6A3,EGFR,ADRA2A,ACHE,BACE1,PTGES,PDE4D,PTGS1,PIK3CD,MAPK8,CYP19A1,CHRM2,PIK3CG,HTR2A,NR1H3,ADORA2A"
PMID,PMID:28831921,(2018) In Silico Studies in Drug Research Against Neurodegenerative Diseases.,20,84,2.75e-24,4.16e-19,"CDK2,ACE,ACHE,ADAM17,BACE1,CACNA1H,HSP90AA1,DYRK1A,PDE4D,CTSB,PTGS1,DRD2,PTGS2,ABL1,RPS6KA3,DRD3,HTR2A,ADORA2A,CYP2D6,PREP"
PMID,PMID:36984421,(2023) Pharmacology-Based Prediction of the Targets and Mechanisms for Icariin against Myocardial Infarction.,18,56,5.8999999999999995e-24,8.67e-19,"ADORA3,KCNH2,BCHE,EGFR,ADRA2A,BACE1,HSP90AA1,DRD2,PTGS2,ALOX5,PIK3CD,RPS6KA3,CYP19A1,IL6,ADRA2C,ESR1,PIK3CG,ABCB1"
PMID,PMID:31362062,"(2019) Human steroid biosynthesis, metabolism and excretion are differentially reflected by serum and urine steroid metabolomes: A comprehensive review.",19,71,6e-24,8.67e-19,"STS,HSD17B1,SRD5A1,CYP11B1,UGT2B7,HSD11B2,SERPINA6,NR3C2,HSD11B1,CYP17A1,CYP2C19,AR,HSD17B3,SHBG,AKR1C3,AKR1C2,AKR1C1,CYP19A1,SRD5A2"
PMID,PMID:30127739,(2018) System Pharmacology-Based Strategy to Decode the Synergistic Mechanism of Zhi-zhu Wan for Functional Dyspepsia.,17,43,6e-24,8.67e-19,"ATP12A,SLC6A2,ADORA3,SLC6A4,SRD5A1,PPARG,ACE,PTGS1,DRD2,PTGS2,DRD3,MAPK8,PPARA,IL6,OPRM1,ABCB1,ADORA2A"
PMID,PMID:25093322,(2014) Systems pharmacology dissection of multi-scale mechanisms of action for herbal medicines in stroke treatment and prevention.,16,32,6.5499999999999995e-24,8.86e-19,"MAPK1,NR3C1,ADRA2A,PPARG,HMGCR,ACE,PPARD,PTGS1,DRD2,PTGS2,ALOX5,PIK3CD,ESR1,PIK3CG,NR1H3,NR1H2"
PMID,PMID:31683684,(2019) Protective Effect and Mechanism of Boswellic Acid and Myrrha Sesquiterpenes with Different Proportions of Compatibility on Neuroinflammation by LPS-Induced BV2 Cells Combined with Network Pharmacology.,17,46,1.55e-23,2.04e-18,"MAPK1,MAPK14,NR3C1,MAPK3,EGFR,F2,PTGS1,DRD2,ALOX5,AR,JAK2,MAPK8,CYP19A1,IL6,ESR1,JAK3,HTR2A"
PMID,PMID:26894976,"(2016) Lipid-sensors, enigmatic-orphan and orphan nuclear receptors as therapeutic targets in breast-cancer.",19,78,2.81e-23,3.61e-18,"MAPK1,NR3C1,RORA,EGFR,PPARG,PPARD,PGR,RORC,NR1I2,ESR2,NR3C2,NR1I3,AR,CYP19A1,PPARA,ESR1,NR1H4,NR1H3,NR1H2"
PMID,PMID:35311116,(2022) New Advances in Targeted Therapy of HER2-Negative Breast Cancer.,19,79,3.47e-23,4.35e-18,"FLT3,CDC25B,MAPK3,KDR,CDK2,EGFR,HMGCR,CDC25A,PRKDC,ESR2,ABL1,AR,PIK3CD,JAK2,CYP19A1,CHEK1,FGFR1,ESR1,PIK3CG"
PMID,PMID:35897691,(2022) An Overview of the Biological Evaluation of Selected Nitrogen-Containing Heterocycle Medicinal Chemistry Compounds.,19,80,4.27e-23,5.23e-18,"CYP51A1,KDR,BCHE,CDK2,EGFR,ACHE,MET,PDE3A,ALOX5,PIK3CD,CA9,JAK2,HCRTR1,PPARA,IL6,PIK3CG,JAK3,PTPN11,CYP2D6"
PMID,PMID:35723378,(2022) Thymoquinone (TQ) Inhibits Inflammation and Migration of THP-1 Macrophages: Mechanistic Insights into the Prevention of Atherosclerosis Using In-Vitro and In-Silico Analysis.,17,51,6.68e-23,7.99e-18,"NR3C1,CHRM3,PPARG,ACE,PTPN2,PGR,NR3C2,PTGS2,CYP2C19,CA9,SHBG,CYP19A1,PPARA,PDE7A,IL6,CHRM2,ESR1"
PMID,PMID:34248611,(2021) Exploring the Regulatory Mechanism of Hedysarum Multijugum Maxim.-Chuanxiong Rhizoma Compound on HIF-VEGF Pathway and Cerebral Ischemia-Reperfusion Injurys Biological Network Based on Systematic Pharmacology.,19,87,1.72e-22,2.01e-17,"MAPK1,HSD17B1,MAPK14,CYP2C9,KDR,CDK2,EGFR,HMGCR,BACE1,HSP90AA1,PDE4D,PTPN1,PIK3CD,AKR1C3,MAPK8,FGFR1,ESR1,PIK3CG,ADORA2A"
PMID,PMID:35620404,(2022) Mechanism of Fructus Mume Pills Underlying Their Protective Effects in Rats with Acetic Acid-Inducedulcerative Colitis via the Regulation of Inflammatory Cytokines and the VEGF-PI3KAkt-eNOS Signaling Pathway.,16,42,2.2e-22,2.52e-17,"CYP51A1,EGFR,PPARG,HMGCR,NPC1L1,RORC,AKR1B10,PTGS1,PTGS2,PIK3CD,PPARA,IL6,ESR1,PIK3CG,NR1H3,ABCB1"
PMID,PMID:28865807,"(2018) Intracrine androgen biosynthesis, metabolism and action revisited.",16,42,2.2e-22,2.52e-17,"HSD17B1,CYP27B1,SRD5A1,CYP11B1,HSD11B2,NR3C2,HSD11B1,CYP17A1,AR,HSD17B3,SHBG,AKR1C3,AKR1C2,AKR1C1,CYP19A1,SRD5A2"
PMID,PMID:32595497,"(2020) Exploring the Regulation Mechanism of Xihuang Pill, Olibanum and beta-Boswellic Acid on the Biomolecular Network of Triple-Negative Breast Cancer Based on Transcriptomics and Chemical Informatics Methodology.",17,56,2.5600000000000003e-22,2.8e-17,"MAPK1,NR3C1,MAPK3,EGFR,PTPN2,HSD11B2,ESR2,PTPN1,AR,PIK3CD,SHBG,MAPK8,CYP19A1,IL6,ESR1,PIK3CG,NR1H4"
PMID,PMID:35178098,(2022) A Network Pharmacology Study on the Active Components and Targets of the Radix Ginseng and Radix Bupleuri Herb Pair for Treating Nonalcoholic Fatty Liver Disease.,18,72,2.83e-22,3.03e-17,"FABP4,MAPK3,PPARG,NPC1L1,ADAM17,PPARD,NR1I2,NR3C2,SREBF2,HSD11B1,CYP17A1,CYP2C19,PTPN1,ALOX5,JAK2,PPARA,NR1H4,NR1H3"
PMID,PMID:32993084,(2020) Finding New Molecular Targets of Familiar Natural Products Using In Silico Target Prediction.,14,22,3.54e-22,3.72e-17,"ACHE,HSD11B2,PTGES,ESR2,PTGS1,HSD11B1,CYP17A1,PTPN1,ALOX5,AR,HSD17B3,AKR1C3,ESR1,EPHX2"
PMID,PMID:37941061,(2023) Network pharmacology: a bright guiding light on the way to explore the personalized precise medication of traditional Chinese medicine.,17,58,4.25e-22,4.37e-17,"MAPK14,MAPK3,EGFR,PPARG,F2,NOS2,HSP90AA1,PTGS2,PLAU,AR,F10,PIK3CD,PPARA,IL6,ESR1,PIK3CG,CA1"
PMID,PMID:35011562,(2022) Evaluation of Substituted Pyrazole-Based Kinase Inhibitors in One Decade (2011-2020): Current Status and Future Prospects.,19,92,4.36e-22,4.37e-17,"MAPK14,FLT3,KCNH2,MAPK3,KDR,CDK2,EGFR,MET,ABL1,PIK3CD,JAK2,MAPK8,IL6,FGFR1,PIK3CG,NTRK1,TYK2,JAK3,ABCB1"
PMID,PMID:34456633,(2021) Comparison and Analysis on the Existing Single-Herbal Strategies against Viral Myocarditis.,18,74,4.34e-22,4.37e-17,"CYP51A1,MAPK1,SLC6A2,FLT3,SLC6A4,EGFR,PPARG,ACE,ACHE,PPARD,HSP90AA1,NR1I2,PDE3A,CYP2C19,POLA1,PPARA,IL6,CHRM2"
PMID,PMID:37884032,(2024) Endocrine Disruptors: Focus on the Adrenal Cortex.,17,59,5.44e-22,5.28e-17,"HSD17B1,NR3C1,PPARG,HMGCR,CYP11B1,PPARD,HSD11B2,PGR,SERPINA6,ESR2,NR3C2,HSD11B1,CYP17A1,SHBG,PPARA,IL6,ESR1"
PMID,PMID:29192270,(2017) HIDEEP: a systems approach to predict hormone impacts on drug efficacy based on effect paths.,20,114,5.93e-22,5.64e-17,"MAPK1,CSNK2A1,NR3C1,CHRM3,MAPK3,EGFR,ADRA2A,PPARG,PGR,NR3C2,HSD11B1,PTGS2,PIK3CD,CA9,ADRA2C,CHRM2,ESR1,TOP2A,PIK3CG,HTR2A"
PMID,PMID:33637672,(2021) Metabolism pathways of arachidonic acids: mechanisms and potential therapeutic targets.,22,161,6.09e-22,5.69e-17,"CYP2C9,MAPK3,PPARG,ACE,CYP11B1,PPARD,PRKDC,NR1I2,PTGES,PTGS1,PTGS2,NR1I3,CYP2C19,ALOX5,PIK3CD,MAPK8,PPARA,IL6,ESR1,PIK3CG,EPHX2,CYP2D6"
PMID,PMID:33546228,(2021) Proton Pump Inhibitors and Oncologic Treatment Efficacy: A Practical Review of the Literature for Oncologists.,16,46,7.37e-22,6.77e-17,"ATP12A,FLT3,KDR,EGFR,MET,CYP17A1,CYP2C19,ABL1,AR,PIK3CD,CYP19A1,FGFR1,ESR1,TOP2A,PIK3CG,NTRK1"
PMID,PMID:32948176,(2020) A network pharmacology study on analgesic mechanism of Yuanhu-Baizhi herb pair.,16,46,7.37e-22,6.77e-17,"SLC6A4,SLC6A3,SIGMAR1,ADRA2A,BACE1,DYRK1A,PTGS1,DRD2,CA9,DRD3,PPARA,ADRA2C,OPRM1,HTR2A,PTPN11,CYP2D6"
PMID,PMID:32024906,(2020) Pan-cancer analyses of human nuclear receptors reveal transcriptome diversity and prognostic value across cancer types.,16,47,9.82e-22,8.71e-17,"NR3C1,RORA,PPARG,PPARD,PGR,RORC,NR1I2,ESR2,NR3C2,NR1I3,AR,PPARA,ESR1,NR1H4,NR1H3,NR1H2"
PMID,PMID:24189185,(2014) Role of aldo-keto reductase family 1 (AKR1) enzymes in human steroid metabolism.,15,36,1.5900000000000002e-21,1.38e-16,"HSD17B1,SRD5A1,PGR,NR1I2,ESR2,NR1I3,AR,AKR1C3,AKR1C2,AKR1C1,IL6,ESR1,GPBAR1,NR1H4,SRD5A2"
PMID,PMID:34040346,"(2021) An Integrated Analysis of Network Pharmacology, Molecular Docking, and Experiment Validation to Explore the New Candidate Active Component and Mechanism of Cuscutae Semen-Mori Fructus Coupled-Herbs in Treating Oligoasthenozoospermia.",14,26,2.1200000000000003e-21,1.82e-16,"MAPK3,BCHE,EGFR,PPARG,HMGCR,ACHE,PGR,ESR2,PTGS2,CYP17A1,AR,CYP19A1,ESR1,NR1H3"
PMID,PMID:35269825,(2022) Small Molecule Compounds of Natural Origin Target Cellular Receptors to Inhibit Cancer Development and Progression.,17,65,2.23e-21,1.88e-16,"FLT3,MAPK3,KDR,EGFR,PPARG,PPARD,MET,HSP90AA1,NR1I2,ESR2,PTGS2,AR,PIK3CD,PPARA,ESR1,PIK3CG,ABCB1"
PMID,PMID:31294783,(2019) Steroid Metabolome Analysis in Disorders of Adrenal Steroid Biosynthesis and Metabolism.,16,50,2.26e-21,1.88e-16,"CYP51A1,STS,CYP2C9,SRD5A1,CYP11B1,HSD11B2,CACNA1H,NR3C2,HSD11B1,CYP17A1,CYP2C19,AR,HSD17B3,CYP19A1,SRD5A2,CYP2D6"
PMID,PMID:35429253,(2022) The role of bile acids in carcinogenesis.,20,126,3.52e-21,2.87e-16,"CHRM3,CYP2C9,MAPK3,KDR,EGFR,PRKDC,PGR,NR1I2,PTGS2,NR1I3,PIK3CD,JAK2,MAPK8,IL6,CHRM2,ESR1,PIK3CG,GPBAR1,NR1H4,ABCB1"
PMID,PMID:34948113,(2021) Genophenotypic Factors and Pharmacogenomics in Adverse Drug Reactions.,23,205,3.8600000000000005e-21,3.08e-16,"ATP12A,SLC6A2,CYP27B1,NR3C1,FLT3,CYP2C9,SLC6A4,KDR,SLC6A3,ACE,UGT2B7,ESR2,NR3C2,NR1I3,CYP17A1,CYP2C19,CYP19A1,IL6,ESR1,TYK2,HTR2A,ABCB1,CYP2D6"
PMID,PMID:24416641,(2013) Interaction of JAK with steroid receptor function.,16,52,3.84e-21,3.08e-16,"PPARG,ACE,PPARD,PGR,SERPINA6,NR3C2,PIK3CD,SHBG,JAK2,CYP19A1,PPARA,IL6,ESR1,PIK3CG,TYK2,JAK3"
PMID,PMID:33246450,(2020) Identification of the anti-breast cancer targets of triterpenoids in Liquidambaris Fructus and the hints for its traditional applications.,15,39,4.2400000000000005e-21,3.31e-16,"MAPK1,MAPK14,KDR,CDK2,EGFR,PPARG,F2,PTPN2,HSP90AA1,PTPN1,MAPK8,CYP19A1,ESR1,PIK3CG,PTPN11"
PMID,PMID:33329391,(2020) Oncology and Pharmacogenomics Insights in Polycystic Ovary Syndrome: An Integrative Analysis.,20,130,6.15e-21,4.72e-16,"MAPK1,NR3C1,FABP4,CDK2,EGFR,HMGCR,ACE,HSD11B2,PGR,ESR2,HSD11B1,PTGS2,AR,PIK3CD,SHBG,AKR1C3,JAK2,PPARA,ESR1,PIK3CG"
PMID,PMID:36961163,(2023) Exploring the mechanism of action of Hedyotis diffusa Willd on acne using network analysis.,16,54,6.4e-21,4.84e-16,"NR3C1,EGFR,PPARG,PPARD,NOS2,PTGS2,NR1I3,CYP17A1,AR,MAPK8,CYP19A1,PPARA,IL6,NTRK1,NR1H3,NR1H2"
PMID,PMID:35221674,(2022) Network Pharmacology and Molecular Docking Study of the Chinese Miao Medicine Sidaxue in the Treatment of Rheumatoid Arthritis.,16,54,6.4e-21,4.84e-16,"CTSD,ADORA3,KDR,ADAM17,PTPN2,ESR2,PTGS1,PTGS2,PTPN1,CYP19A1,PPARA,IL6,ESR1,NTRK1,ABCB1,ADORA2A"
PMID,PMID:30719023,(2018) Cholesterol and Its Metabolites in Tumor Growth: Therapeutic Potential of Statins in Cancer Treatment.,17,70,6.6400000000000005e-21,4.88e-16,"CYP27B1,EGFR,HMGCR,PGR,ESR2,CYP17A1,AR,PIK3CD,AKR1C3,AKR1C2,JAK2,CYP19A1,ESR1,PIK3CG,SRD5A2,NR1H3,NR1H2"
PMID,PMID:33542744,(2021) Systematically Deciphering the Pharmacological Mechanism of Fructus Aurantii via Network Pharmacology.,15,41,7.88e-21,5.71e-16,"MAPK3,CDK2,EGFR,PPARG,NOS2,HSP90AA1,PTGS1,PTGS2,PIK3CD,SHBG,MAPK8,PPARA,CHRM2,ESR1,PIK3CG"
PMID,PMID:31710714,(2019) THE CONCISE GUIDE TO PHARMACOLOGY 201920: Enzymes.,25,277,8.410000000000001e-21,6.01e-16,"CYP51A1,SLC6A2,CYP27B1,CA2,PPARG,HMGCR,ACE,ACHE,PDE2A,HSP90AA1,PTGES,PDE3A,CYP17A1,ALOX5,PIK3CD,CA9,AKR1C3,JAK2,CYP19A1,TBXAS1,PIK3CG,CA1,TYK2,JAK3,PREP"
PMID,PMID:37416661,(2023) Promoting liver cancer cell apoptosis effect of Tribulus terrestris L. via reducing sphingosine level was confirmed by network pharmacology with metabolomics.,14,30,1.03e-20,7.23e-16,"MAPK14,CTSD,CDK2,EGFR,PPARG,PGR,ESR2,CTSB,NR3C2,PTGS1,PTGS2,PTPN1,ESR1,PIK3CG"
PMID,PMID:32308626,(2020) Interpreting the Pharmacological Mechanisms of Huachansu Capsules on Hepatocellular Carcinoma Through Combining Network Pharmacology and Experimental Evaluation.,14,30,1.03e-20,7.23e-16,"CYP27B1,NR3C1,SRD5A1,EGFR,UGT2B7,ADAM17,HSD11B2,PGR,SERPINA6,NR1I3,SHBG,OPRM1,ESR1,GPBAR1"
PMID,PMID:31979368,(2020) The Endocannabinoid System: A Target for Cancer Treatment.,19,112,1.19e-20,8.14e-16,"MAPK3,KDR,CDK2,EGFR,PPARG,HMGCR,CDC25A,PLG,PGR,PTGS2,PLAU,AR,PIK3CD,PPARA,IL6,CHEK1,ESR1,PIK3CG,NTRK1"
PMID,PMID:38257381,(2024) Solid-Phase MicroextractionGas Chromatography-Time-of-Flight Mass Spectrometry Approach Combined with Network Pharmacology Analysis to Evaluate the Quality of Agarwood from Different Regions against Anxiety Disorder.,12,13,1.5e-20,1.01e-15,"SLC6A2,SLC6A4,BCHE,ACHE,UGT2B7,ESR2,CYP2C19,SHBG,CYP19A1,PPARA,CHRM2,ESR1"
PMID,PMID:34418449,(2022) Emerging concepts and opportunities for endocrine disruptor screening of the non-EATS modalities.,17,74,1.51e-20,1.01e-15,"PPARG,ACE,FABP1,PPARD,HSD11B2,PGR,HSP90AA1,NR1I2,NR3C2,HSD11B1,NR1I3,CYP17A1,AR,HSD17B3,PPARA,IL6,ESR1"
PMID,PMID:34043628,"(2021) Bile acid synthesis, modulation, and dementia: A metabolomic, transcriptomic, and pharmacoepidemiologic study.",13,21,1.5e-20,1.01e-15,"NR3C1,CHRM3,KDR,PPARG,PPARD,NR1I2,NR1I3,PPARA,CHRM2,GPBAR1,NR1H4,NR1H3,NR1H2"
PMID,PMID:25810904,"(2014) Conceptus elongation in ruminants: roles of progesterone, prostaglandin, interferon tau and cortisol.",17,75,1.84e-20,1.2e-15,"NR3C1,MAPK3,EGFR,PPARG,PPARD,HSD11B2,PGR,PTGES,PTGS1,HSD11B1,PTGS2,PIK3CD,AKR1C3,MAPK8,PPARA,ESR1,PIK3CG"
PMID,PMID:28068355,(2017) A Methodology for Cancer Therapeutics by Systems Pharmacology-Based Analysis: A Case Study on Breast Cancer-Related Traditional Chinese Medicines.,14,32,2.12e-20,1.36e-15,"NR3C1,KDR,EGFR,PGR,ESR2,PTGS1,PTGS2,AR,PIK3CD,CYP19A1,IL6,OPRM1,ESR1,PIK3CG"
PMID,PMID:34012683,(2021) Comparative Analysis on Single- and Multiherb Strategies in Coronary Artery Atherosclerosis Therapy.,17,76,2.24e-20,1.42e-15,"CSNK2A1,HSD17B1,FLT3,KDR,CDK2,EGFR,HMGCR,BACE1,CYP2C19,ALOX5,CA9,MAPK8,CYP19A1,IL6,ABCB1,PTPN11,CYP2D6"
PMID,PMID:24944027,(2014) The multifaceted mineralocorticoid receptor.,17,76,2.24e-20,1.42e-15,"MAPK3,EGFR,PPARG,CYP11B1,HSD11B2,PGR,HSP90AA1,SERPINA6,NR3C2,HSD11B1,PTGS2,CYP17A1,PIK3CD,AKR1C3,G6PD,ESR1,PIK3CG"
PMID,PMID:35594510,(2022) Based on network pharmacology and molecular docking to predict the mechanism of Huangqi in the treatment of castration-resistant prostate cancer.,15,45,2.52e-20,1.56e-15,"MAPK1,MAPK3,KDR,CDK2,EGFR,PPARG,PGR,HSP90AA1,ESR2,PTGS2,PIK3CD,AKR1C3,IL6,ESR1,PIK3CG"
PMID,PMID:34381354,(2021) Network Pharmacology-Based Analysis and Experimental Exploration of Antidiabetic Mechanisms of Gegen Qinlian Decoction.,15,45,2.52e-20,1.56e-15,"MAPK14,CDK2,EGFR,PPARG,ACE,NOS2,HSP90AA1,ESR2,PTGS1,PTGS2,PIK3CD,JAK2,IL6,ESR1,PIK3CG"
PMID,PMID:35646156,(2022) Uncovering the Mechanism of the Xingnaojing Injection against Ischemic Stroke Using a Combined Network Pharmacology Approach and Gut Microbiota Analysis.,14,33,3e-20,1.82e-15,"NR3C1,SLC6A4,EGFR,PGR,PTGES,NR3C2,HSD11B1,PTGS2,PTPN1,PIK3CD,CYP19A1,IL6,ADRA2C,PIK3CG"
PMID,PMID:31443210,(2019) Exploration in the Mechanism of Action of Licorice by Network Pharmacology.,15,46,3.33e-20,1.99e-15,"HSD17B1,ADORA3,BCHE,CDK2,PPARG,ACHE,HSD11B2,DYRK1A,ESR2,HSD11B1,ALOX5,CYP19A1,ESR1,ABCB1,PTPN11"
PMID,PMID:30258364,"(2018) Physiology and Pathophysiology of Steroid Biosynthesis, Transport and Metabolism in the Human Placenta.",17,79,3.99e-20,2.36e-15,"STS,HSD17B1,HMGCR,NPC1L1,CYP11B1,HSD11B2,PGR,NR1I2,SREBF2,HSD11B1,CYP17A1,HSD17B3,AKR1C3,CYP19A1,ESR1,NR1H4,ABCB1"
PMID,PMID:19770411,(2009) Cardiovascular effects of noncardiovascular drugs.,13,24,5.66e-20,3.31e-15,"ATP12A,SLC6A2,CYP2C9,EGFR,PPARG,ACE,ACHE,NR3C2,PTGS1,PTGS2,CYP2C19,ABL1,CYP2D6"
PMID,PMID:14634838,(2003) Allele frequencies of single nucleotide polymorphisms (SNPs) in 40 candidate genes for gene-environment studies on cancer: data from population-based Japanese random samples.,14,35,5.87e-20,3.39e-15,"NR3C1,CYP2C9,SLC6A4,PGR,NOS2,ESR2,DRD2,CYP17A1,CYP2C19,HSD17B3,DRD3,CYP19A1,ESR1,EPHX2"
PMID,PMID:37513232,(2023) The Importance of the Pyrazole Scaffold in the Design of Protein Kinases Inhibitors as Targeted Anticancer Therapies.,16,64,6.6e-20,3.77e-15,"FLT3,KCNH2,KDR,CDK2,EGFR,MET,ABL1,PIK3CD,RPS6KA3,JAK2,CHEK1,FGFR1,PIK3CG,TYK2,JAK3,ABCB1"
PMID,PMID:35814391,(2022) Advances in the Prevention and Treatment of Obesity-Driven Effects in Breast Cancers.,16,65,8.18e-20,4.62e-15,"CTSD,MAPK3,EGFR,PLG,PGR,SREBF2,AR,PIK3CD,SHBG,JAK2,CYP19A1,IL6,CHEK1,ESR1,TOP2A,PIK3CG"
PMID,PMID:33497819,(2021) Non-coding RNA crosstalk with nuclear receptors in liver disease.,17,83,8.33e-20,4.66e-15,"NR3C1,RORA,PPARG,PPARD,PGR,NR1I2,ESR2,NR3C2,SREBF2,NR1I3,AR,MAPK8,PPARA,ESR1,NR1H4,CYP2D6,NR1H2"
PMID,PMID:28814270,(2017) Transcriptional analysis of abdominal fat in chickens divergently selected on bodyweight at two ages reveals novel mechanisms controlling adiposity: validating visceral adipose tissue as a dynamic endocrine and metabolic organ.,23,238,8.48e-20,4.69e-15,"MAPK1,ATP12A,FABP4,CA2,PPARG,HMGCR,GLUL,PLG,PPARD,PGR,ESR2,SREBF2,HSD11B1,NR1I3,PLAU,AR,CA9,PPARA,TBXAS1,CHRM2,ESR1,GC,NR1H4"
PMID,PMID:32079131,(2020) Advances in Chemistry and Bioactivity of Magnoflorine and Magnoflorine-Containing Extracts.,15,50,9.58e-20,5.24e-15,"CDK2,PPARG,HMGCR,SREBF2,PTGS1,PTGS2,PTPN1,PIK3CD,MAPK8,PPARA,IL6,ESR1,PIK3CG,GPBAR1,NR1H4"
PMID,PMID:36467554,(2022) To Explore the Key Active Compounds and Therapeutic Mechanism of Guizhi Gancao Decoction in Coronary Heart Disease by Network Pharmacology and Molecular Docking.,14,37,1.11e-19,6.02e-15,"NR3C1,CYP2C9,MAPK3,CDK2,EGFR,ACE,PTGS2,CYP2C19,PIK3CD,G6PD,IL6,ESR1,PIK3CG,PTPN11"
PMID,PMID:34012704,(2019) The Groebke-Blackburn-Bienayme Reaction.,14,37,1.11e-19,6.02e-15,"KCNH2,EGFR,GLUL,BACE1,HSP90AA1,PTGS2,PLAU,ALOX5,PIK3CD,FGFR1,TOP2A,PIK3CG,EPHX2,NR1H4"
PMID,PMID:35680848,(2022) PROTACs: great opportunities for academia and industry (an update from 2020 to 2021).,22,210,1.16e-19,6.17e-15,"MAPK14,FLT3,MAPK3,KDR,CDK2,EGFR,HMGCR,PGR,HSP90AA1,ESR2,PTGS1,ABL1,AR,RPS6KA3,JAK2,IL6,FGFR1,ESR1,NTRK1,TYK2,JAK3,PTPN11"
PMID,PMID:35721972,"(2022) Exploration of Potential Ewing Sarcoma Drugs from FDA-Approved Pharmaceuticals through Computational Drug Repositioning, Pharmacogenomics, Molecular Docking, and MD Simulation Studies.",17,86,1.42e-19,7.44e-15,"SLC6A2,CHRM3,CYP2C9,SLC6A4,KCNH2,SLC6A3,ACE,ACHE,PPARD,NR1I2,DRD2,NR1I3,CYP17A1,DRD3,HTR2A,ABCB1,CYP2D6"
PMID,PMID:33778069,(2021) A Network Pharmacology to Explore the Mechanism of Calculus Bovis in the Treatment of Ischemic Stroke.,14,38,1.51e-19,7.86e-15,"MAPK1,MAPK3,EGFR,CDC25A,PGR,HSP90AA1,HSD11B1,PTGS2,PTPN1,AR,PIK3CD,MAPK8,CYP19A1,PIK3CG"
PMID,PMID:28932823,(2016) ISN Forefronts Symposium 2015: Nuclear Receptors and Diabetic Nephropathy.,16,69,1.88e-19,9.65e-15,"RORA,MAPK3,ADAM17,PPARD,RORC,NR1I2,PTGES,ESR2,NR3C2,SREBF2,NR1I3,PPARA,ESR1,NR1H4,NR1H3,NR1H2"
RCTM,HSA-556833,Metabolism of lipids,42,739,1.59e-27,3.64e-24,"CYP51A1,CSNK2A1,STS,HSD17B1,CYP27B1,FABP4,CYP2C9,RORA,BCHE,SRD5A1,PPARG,HMGCR,CYP11B1,FABP1,ACHE,PPARD,HSD11B2,PTGES,SERPINA6,SREBF2,PTGS1,HSD11B1,PTGS2,CYP17A1,CYP2C19,ALOX5,HSD17B3,PIK3CD,AKR1C3,AKR1C2,AKR1C1,CYP19A1,PPARA,TBXAS1,PIK3CG,GC,EPHX2,NR1H4,SRD5A2,NR1H3,CYP2D6,NR1H2"
RCTM,HSA-383280,Nuclear Receptor transcription pathway,16,52,3.84e-21,4.38e-18,"NR3C1,RORA,PPARG,PPARD,PGR,RORC,NR1I2,ESR2,NR3C2,NR1I3,AR,PPARA,ESR1,NR1H4,NR1H3,NR1H2"
RCTM,HSA-1430728,Metabolism,54,2092,5.93e-20,4.51e-17,"CYP51A1,CSNK2A1,STS,HSD17B1,CYP27B1,CHRM3,FABP4,CYP2C9,RORA,BCHE,SRD5A1,ADRA2A,CA2,PPARG,HMGCR,CYP11B1,FABP1,ACHE,UGT2B7,GLUL,PPARD,HSD11B2,HSP90AA1,PTGES,SERPINA6,AKR1B10,SREBF2,PTGS1,HSD11B1,PTGS2,CYP17A1,CYP2C19,ALOX5,HSD17B3,PIK3CD,CA9,AKR1C3,AKR1C2,AKR1C1,G6PD,CYP19A1,PPARA,ADRA2C,TBXAS1,PIK3CG,GC,EPHX2,CA1,NR1H4,SRD5A2,NR1H3,CYP2D6,NR1H2,CES2"
RCTM,HSA-8957322,Metabolism of steroids,20,153,1.14e-19,6.48e-17,"CYP51A1,HSD17B1,CYP27B1,SRD5A1,HMGCR,CYP11B1,HSD11B2,SERPINA6,SREBF2,HSD11B1,CYP17A1,HSD17B3,AKR1C3,AKR1C2,AKR1C1,CYP19A1,PPARA,GC,NR1H4,SRD5A2"
RCTM,HSA-162582,Signal Transduction,57,2540,2.16e-18,9.85e-16,"MAPK1,CSNK2A1,MAPK14,NR3C1,CTSD,ADORA3,FLT3,CHRM3,MAPK3,KDR,CDK2,EGFR,ADRA2A,PPARG,F2,PLG,ADAM17,PPARD,PTPN2,MET,PGR,PDE2A,HSP90AA1,ESR2,PDE4D,PDE3A,DRD2,PTPN1,ABL1,TACR2,AR,GABBR1,PIK3CD,RPS6KA3,AKR1C3,JAK2,DRD3,MAPK8,HCRTR1,PDE7A,IL6,ADRA2C,CHEK1,FGFR1,OPRM1,CHRM2,ESR1,PIK3CG,GPBAR1,NTRK1,TYK2,JAK3,HTR2A,NR1H3,ADORA2A,PTPN11,NR1H2"
RCTM,HSA-4090294,SUMOylation of intracellular receptors,12,28,1.48e-17,5.64e-15,"NR3C1,RORA,PPARG,PGR,NR1I2,NR3C2,AR,PPARA,ESR1,NR1H4,NR1H3,NR1H2"
RCTM,HSA-196071,Metabolism of steroid hormones,10,35,2.32e-13,7.56e-11,"HSD17B1,SRD5A1,CYP11B1,HSD11B2,SERPINA6,HSD11B1,CYP17A1,HSD17B3,CYP19A1,SRD5A2"
RCTM,HSA-9006934,Signaling by Receptor Tyrosine Kinases,23,521,7.21e-13,2.06e-10,"MAPK1,MAPK14,CTSD,FLT3,MAPK3,KDR,EGFR,PLG,ADAM17,PTPN2,MET,PGR,HSP90AA1,PTPN1,RPS6KA3,JAK2,CHEK1,FGFR1,ESR1,NTRK1,JAK3,ADORA2A,PTPN11"
RCTM,HSA-3108232,SUMO E3 ligases SUMOylate target proteins,14,166,1.1e-11,2.78e-09,"NR3C1,RORA,PPARG,PGR,NR1I2,NR3C2,TOP1,AR,PPARA,ESR1,TOP2A,NR1H4,NR1H3,NR1H2"
RCTM,HSA-388396,GPCR downstream signalling,23,624,2.45e-11,5.09e-09,"MAPK1,ADORA3,CHRM3,MAPK3,EGFR,ADRA2A,F2,PDE2A,PDE4D,PDE3A,TACR2,GABBR1,RPS6KA3,DRD3,HCRTR1,PDE7A,ADRA2C,OPRM1,CHRM2,PIK3CG,GPBAR1,HTR2A,ADORA2A"
RCTM,HSA-449147,Signaling by Interleukins,20,453,2.66e-11,5.09e-09,"MAPK1,MAPK14,RORA,MAPK3,PTPN2,RORC,NOS2,HSP90AA1,PTGS2,ALOX5,PIK3CD,RPS6KA3,JAK2,MAPK8,IL6,OPRM1,CA1,TYK2,JAK3,PTPN11"
RCTM,HSA-372790,Signaling by GPCR,24,697,3.34e-11,5.86e-09,"MAPK1,ADORA3,CHRM3,MAPK3,EGFR,ADRA2A,F2,PDE2A,PDE4D,PDE3A,DRD2,TACR2,GABBR1,RPS6KA3,DRD3,HCRTR1,PDE7A,ADRA2C,OPRM1,CHRM2,PIK3CG,GPBAR1,HTR2A,ADORA2A"
RCTM,HSA-1280215,Cytokine Signaling in Immune system,24,706,4.31e-11,7.03e-09,"MAPK1,MAPK14,FLT3,RORA,MAPK3,ADAM17,PTPN2,RORC,NOS2,HSP90AA1,PTGS2,PTPN1,ALOX5,PIK3CD,RPS6KA3,JAK2,MAPK8,IL6,OPRM1,PIK3CG,CA1,TYK2,JAK3,PTPN11"
RCTM,HSA-1643685,Disease,36,1702,1.7e-10,2.59e-08,"MAPK1,SLC6A2,CYP27B1,MAPK14,NR3C1,FLT3,CDC25B,MAPK3,KDR,CDK2,SLC6A3,EGFR,SIGMAR1,CYP11B1,CDC25A,F2,ADAM17,MET,NOS2,HSP90AA1,ESR2,CYP17A1,ABL1,F10,PIK3CD,POLA1,JAK2,MAPK8,CYP19A1,IL6,TBXAS1,FGFR1,ESR1,TYK2,JAK3,PTPN11"
RCTM,HSA-211945,Phase I - Functionalization of compounds,11,105,2.33e-10,3.32e-08,"CYP51A1,CYP27B1,CYP2C9,CYP11B1,PTGS1,CYP2C19,CYP19A1,TBXAS1,NR1H4,CYP2D6,CES2"
RCTM,HSA-212436,Generic Transcription Pathway,30,1215,2.4e-10,3.32e-08,"MAPK1,CSNK2A1,MAPK14,NR3C1,RORA,MAPK3,CDK2,EGFR,PPARG,PPARD,MET,PGR,RORC,NR1I2,ESR2,NR3C2,NR1I3,PTPN1,ABL1,AR,G6PD,PPARA,IL6,CHEK1,OPRM1,ESR1,NR1H4,NR1H3,PTPN11,NR1H2"
RCTM,HSA-9748784,Drug ADME,11,105,2.33e-10,3.32e-08,"CYP2C9,BCHE,UGT2B7,HSD11B2,SERPINA6,HSD11B1,CYP2C19,AKR1C1,ABCB1,CYP2D6,CES2"
RCTM,HSA-6785807,Interleukin-4 and Interleukin-13 signaling,11,107,2.8e-10,3.37e-08,"RORA,RORC,NOS2,HSP90AA1,PTGS2,ALOX5,JAK2,IL6,OPRM1,TYK2,JAK3"
RCTM,HSA-2142753,Arachidonic acid metabolism,9,58,4.57e-10,5.22e-08,"CYP2C9,PTGES,PTGS1,PTGS2,CYP2C19,ALOX5,AKR1C3,TBXAS1,EPHX2"
RCTM,HSA-9757110,Prednisone ADME,6,10,4.89e-10,5.31e-08,"UGT2B7,HSD11B2,SERPINA6,HSD11B1,AKR1C1,ABCB1"
RCTM,HSA-211897,Cytochrome P450 - arranged by substrate type,9,65,1.14e-09,1.18e-07,"CYP51A1,CYP27B1,CYP2C9,CYP11B1,CYP2C19,CYP19A1,TBXAS1,NR1H4,CYP2D6"
RCTM,HSA-6811558,"PI5P, PP2A and IER3 Regulate PI3K/AKT Signaling",10,106,4.03e-09,3.84e-07,"MAPK1,FLT3,MAPK3,EGFR,MET,ESR2,PIK3CD,FGFR1,ESR1,PTPN11"
RCTM,HSA-74160,Gene expression (Transcription),31,1476,5.22e-09,4.77e-07,"MAPK1,CSNK2A1,MAPK14,NR3C1,RORA,MAPK3,CDK2,EGFR,PPARG,PPARD,MET,PGR,RORC,HSP90AA1,NR1I2,ESR2,NR3C2,NR1I3,PTPN1,ABL1,AR,G6PD,PPARA,IL6,CHEK1,OPRM1,ESR1,NR1H4,NR1H3,PTPN11,NR1H2"
RCTM,HSA-112411,MAPK1 (ERK2) activation,5,9,1.98e-08,1.67e-06,"MAPK1,JAK2,IL6,TYK2,PTPN11"
RCTM,HSA-110056,MAPK3 (ERK1) activation,5,10,2.96e-08,2.21e-06,"MAPK3,JAK2,IL6,TYK2,PTPN11"
RCTM,HSA-112409,RAF-independent MAPK1/3 activation,6,23,2.71e-08,2.21e-06,"MAPK1,MAPK3,JAK2,IL6,TYK2,PTPN11"
RCTM,HSA-194002,Glucocorticoid biosynthesis,5,10,2.96e-08,2.21e-06,"CYP11B1,HSD11B2,SERPINA6,HSD11B1,CYP17A1"
RCTM,HSA-211859,Biological oxidations,12,215,2.8e-08,2.21e-06,"CYP51A1,CYP27B1,CYP2C9,CYP11B1,UGT2B7,PTGS1,CYP2C19,CYP19A1,TBXAS1,NR1H4,CYP2D6,CES2"
RCTM,HSA-375280,Amine ligand-binding receptors,7,42,2.72e-08,2.21e-06,"CHRM3,ADRA2A,DRD2,DRD3,ADRA2C,CHRM2,HTR2A"
RCTM,HSA-8978868,Fatty acid metabolism,11,176,3.65e-08,2.53e-06,"CYP2C9,PPARD,PTGES,PTGS1,PTGS2,CYP2C19,ALOX5,HSD17B3,AKR1C3,TBXAS1,EPHX2"
RCTM,HSA-373076,Class A/1 (Rhodopsin-like receptors),14,326,4.35e-08,2.92e-06,"ADORA3,CHRM3,ADRA2A,F2,DRD2,TACR2,DRD3,HCRTR1,ADRA2C,OPRM1,CHRM2,GPBAR1,HTR2A,ADORA2A"
RCTM,HSA-2219530,Constitutive Signaling by Aberrant PI3K in Cancer,8,78,8.42e-08,5.49e-06,"FLT3,EGFR,MET,ESR2,PIK3CD,FGFR1,ESR1,PTPN11"
RCTM,HSA-1989781,PPARA activates gene expression,9,117,1.28e-07,8.11e-06,"RORA,PPARG,HMGCR,FABP1,SREBF2,PPARA,NR1H4,NR1H3,NR1H2"
RCTM,HSA-2162123,Synthesis of Prostaglandins (PG) and Thromboxanes (TX),5,15,1.49e-07,9.04e-06,"PTGES,PTGS1,PTGS2,AKR1C3,TBXAS1"
RCTM,HSA-1257604,PIP3 activates AKT signaling,12,266,2.55e-07,1.44e-05,"MAPK1,CSNK2A1,FLT3,MAPK3,EGFR,PPARG,MET,ESR2,PIK3CD,FGFR1,ESR1,PTPN11"
RCTM,HSA-9006931,Signaling by Nuclear Receptors,12,265,2.45e-07,1.44e-05,"MAPK1,CTSD,MAPK3,EGFR,PPARD,PGR,HSP90AA1,ESR2,AKR1C3,ESR1,NR1H3,NR1H2"
RCTM,HSA-9018677,Biosynthesis of DHA-derived SPMs,5,17,2.5e-07,1.44e-05,"CYP2C9,PTGS2,ALOX5,EPHX2,CYP2D6"
RCTM,HSA-9675108,Nervous system development,17,575,2.7e-07,1.47e-05,"CYP51A1,MAPK1,CSNK2A1,MAPK14,MAPK3,EGFR,HMGCR,MET,CACNA1H,HSP90AA1,SREBF2,ABL1,PIK3CD,RPS6KA3,MAPK8,FGFR1,PTPN11"
RCTM,HSA-500792,GPCR ligand binding,15,459,4.26e-07,2.21e-05,"ADORA3,CHRM3,ADRA2A,F2,DRD2,TACR2,GABBR1,DRD3,HCRTR1,ADRA2C,OPRM1,CHRM2,GPBAR1,HTR2A,ADORA2A"
RCTM,HSA-109582,Hemostasis,17,607,5.62e-07,2.85e-05,"MAPK1,MAPK14,MAPK3,CDK2,ADRA2A,F2,PLG,NOS2,PDE2A,PTPN1,ABL1,PLAU,F10,JAK2,ADRA2C,PIK3CG,PTPN11"
RCTM,HSA-445144,Signal transduction by L1,5,21,6.12e-07,3.04e-05,"MAPK1,CSNK2A1,MAPK3,EGFR,FGFR1"
RCTM,HSA-9749641,Aspirin ADME,6,42,6.32e-07,3.07e-05,"CYP2C9,BCHE,UGT2B7,CYP2C19,CYP2D6,CES2"
RCTM,HSA-9018682,Biosynthesis of maresins,4,8,7.88e-07,3.67e-05,"CYP2C9,ALOX5,EPHX2,CYP2D6"
RCTM,HSA-982772,Growth hormone receptor signaling,5,23,9.04e-07,4.13e-05,"MAPK1,MAPK3,ADAM17,PTPN1,JAK2"
RCTM,HSA-5663202,Diseases of signal transduction by growth factor receptors and second messengers,14,430,1.11e-06,4.86e-05,"MAPK1,FLT3,MAPK3,KDR,EGFR,ADAM17,MET,HSP90AA1,ESR2,PIK3CD,JAK2,FGFR1,ESR1,PTPN11"
RCTM,HSA-450341,Activation of the AP-1 family of transcription factors,4,9,1.13e-06,4.88e-05,"MAPK1,MAPK14,MAPK3,MAPK8"
RCTM,HSA-112311,Neurotransmitter clearance,4,10,1.58e-06,6.67e-05,"SLC6A4,BCHE,SLC6A3,ACHE"
RCTM,HSA-392499,Metabolism of proteins,31,1917,1.67e-06,6.93e-05,"CSNK2A1,STS,NR3C1,CTSD,RORA,BCHE,POLB,ADRA2A,PPARG,ACE,ACHE,CDC25A,F2,PLG,PRKDC,BACE1,PGR,NR1I2,NR3C2,TOP1,AR,F10,PPARA,IL6,ADRA2C,ESR1,TOP2A,NR1H4,NR1H3,ADORA2A,NR1H2"
RCTM,HSA-74752,Signaling by Insulin receptor,7,82,1.76e-06,7.17e-05,"MAPK1,CTSD,FLT3,MAPK3,PTPN1,FGFR1,PTPN11"
RCTM,HSA-2262752,Cellular responses to stress,18,747,2.08e-06,8.35e-05,"MAPK1,CSNK2A1,MAPK14,NR3C1,RORA,MAPK3,CDK2,FABP1,PGR,HSP90AA1,NR3C2,AR,CA9,RPS6KA3,G6PD,MAPK8,PPARA,IL6"
RCTM,HSA-1059683,Interleukin-6 signaling,4,11,2.14e-06,8.43e-05,"JAK2,IL6,TYK2,PTPN11"
RCTM,HSA-193048,Androgen biosynthesis,4,11,2.14e-06,8.43e-05,"SRD5A1,CYP17A1,HSD17B3,SRD5A2"
RCTM,HSA-450282,MAPK targets/ Nuclear events mediated by MAP kinases,5,30,2.88e-06,0.00011,"MAPK1,MAPK14,MAPK3,RPS6KA3,MAPK8"
RCTM,HSA-5684996,MAPK1/MAPK3 signaling,11,283,3.31e-06,0.00012,"MAPK1,FLT3,MAPK3,EGFR,MET,JAK2,IL6,FGFR1,TYK2,JAK3,PTPN11"
RCTM,HSA-877312,Regulation of IFNG signaling,4,14,4.73e-06,0.00017,"PTPN2,PTPN1,JAK2,PTPN11"
RCTM,HSA-5579029,Metabolic disorders of biological oxidation enzymes,5,34,5.01e-06,0.00018,"CYP27B1,CYP11B1,CYP17A1,CYP19A1,TBXAS1"
RCTM,HSA-193807,Synthesis of bile acids and bile salts via 27-hydroxycholesterol,4,15,5.96e-06,0.00021,"AKR1C3,AKR1C2,AKR1C1,NR1H4"
RCTM,HSA-168256,Immune System,30,1979,9.22e-06,0.00032,"MAPK1,MAPK14,CTSD,FLT3,RORA,MAPK3,F2,ADAM17,PTPN2,PRKDC,RORC,NOS2,HSP90AA1,CTSB,PTGS2,PTPN1,ABL1,PLAU,ALOX5,PIK3CD,RPS6KA3,JAK2,MAPK8,IL6,OPRM1,PIK3CG,CA1,TYK2,JAK3,PTPN11"
RCTM,HSA-76002,"Platelet activation, signaling and aggregation",10,260,1.03e-05,0.00035,"MAPK1,MAPK14,MAPK3,ADRA2A,F2,PLG,PTPN1,ADRA2C,PIK3CG,PTPN11"
RCTM,HSA-1266738,Developmental Biology,21,1108,1.09e-05,0.00036,"CYP51A1,MAPK1,CSNK2A1,MAPK14,FABP4,MAPK3,CDK2,EGFR,PPARG,HMGCR,MET,CACNA1H,HSP90AA1,SREBF2,ABL1,PIK3CD,RPS6KA3,MAPK8,PPARA,FGFR1,PTPN11"
RCTM,HSA-881907,Gastrin-CREB signalling pathway via PKC and MAPK,4,18,1.11e-05,0.00036,"MAPK1,MAPK3,EGFR,RPS6KA3"
RCTM,HSA-9009391,Extra-nuclear estrogen signaling,6,75,1.41e-05,0.00045,"MAPK1,MAPK3,EGFR,HSP90AA1,ESR2,ESR1"
RCTM,HSA-416476,G alpha (q) signalling events,9,217,1.63e-05,0.00052,"MAPK1,CHRM3,MAPK3,EGFR,F2,TACR2,RPS6KA3,HCRTR1,HTR2A"
RCTM,HSA-422475,Axon guidance,14,551,1.75e-05,0.00055,"MAPK1,CSNK2A1,MAPK14,MAPK3,EGFR,MET,CACNA1H,HSP90AA1,ABL1,PIK3CD,RPS6KA3,MAPK8,FGFR1,PTPN11"
RCTM,HSA-198753,ERK/MAPK targets,4,22,2.22e-05,0.00068,"MAPK1,MAPK14,MAPK3,RPS6KA3"
RCTM,HSA-193368,Synthesis of bile acids and bile salts via 7alpha-hydroxycholesterol,4,24,3.01e-05,0.00092,"AKR1C3,AKR1C2,AKR1C1,NR1H4"
RCTM,HSA-444257,RSK activation,3,7,3.05e-05,0.00092,"MAPK1,MAPK3,RPS6KA3"
RCTM,HSA-8940973,RUNX2 regulates osteoblast differentiation,4,24,3.01e-05,0.00092,"MAPK1,MAPK3,ABL1,AR"
RCTM,HSA-166520,Signaling by NTRKs,7,134,3.66e-05,0.001,"MAPK1,MAPK14,MAPK3,RPS6KA3,NTRK1,ADORA2A,PTPN11"
RCTM,HSA-8854691,Interleukin-20 family signaling,4,25,3.47e-05,0.001,"JAK2,TYK2,JAK3,PTPN11"
RCTM,HSA-74751,Insulin receptor signalling cascade,5,54,3.93e-05,0.0011,"MAPK1,FLT3,MAPK3,FGFR1,PTPN11"
RCTM,HSA-1538133,G0 and Early G1,4,27,4.56e-05,0.0012,"CDK2,CDC25A,DYRK1A,TOP2A"
RCTM,HSA-211976,Endogenous sterols,4,27,4.56e-05,0.0012,"CYP51A1,CYP11B1,CYP19A1,NR1H4"
RCTM,HSA-2142670,Synthesis of epoxy (EET) and dihydroxyeicosatrienoic acids (DHET),3,8,4.18e-05,0.0012,"CYP2C9,CYP2C19,EPHX2"
RCTM,HSA-3371497,HSP90 chaperone cycle for steroid hormone receptors (SHR) in the presence of ligand,5,55,4.26e-05,0.0012,"NR3C1,PGR,HSP90AA1,NR3C2,AR"
RCTM,HSA-8939211,ESR-mediated signaling,8,190,4.41e-05,0.0012,"MAPK1,CTSD,MAPK3,EGFR,PGR,HSP90AA1,ESR2,ESR1"
RCTM,HSA-9662834,CD163 mediating an anti-inflammatory response,3,9,5.54e-05,0.0015,"MAPK14,ADAM17,IL6"
RCTM,HSA-453279,Mitotic G1 phase and G1/S transition,7,148,6.68e-05,0.0017,"CDK2,CDC25A,DYRK1A,ABL1,POLA1,JAK2,TOP2A"
RCTM,HSA-9679191,Potential therapeutics for SARS,6,101,6.83e-05,0.0017,"NR3C1,SIGMAR1,HSP90AA1,JAK2,TYK2,JAK3"
RCTM,HSA-112315,Transmission across Chemical Synapses,9,268,7.97e-05,0.002,"MAPK1,SLC6A4,MAPK3,BCHE,SLC6A3,ACHE,GLUL,GABBR1,RPS6KA3"
RCTM,HSA-937061,TRIF(TICAM1)-mediated TLR4 signaling,6,104,7.96e-05,0.002,"MAPK1,MAPK14,MAPK3,RPS6KA3,MAPK8,PTPN11"
RCTM,HSA-211999,CYP2E1 reactions,3,11,9.08e-05,0.0022,"CYP2C9,CYP2C19,CYP2D6"
RCTM,HSA-5654726,Negative regulation of FGFR1 signaling,4,33,9.28e-05,0.0022,"MAPK1,MAPK3,FGFR1,PTPN11"
RCTM,HSA-187687,Signalling to ERKs,4,34,0.0001,0.0024,"MAPK1,MAPK14,MAPK3,NTRK1"
RCTM,HSA-168898,Toll-like Receptor Cascades,7,161,0.00011,0.0025,"MAPK1,MAPK14,MAPK3,CTSB,RPS6KA3,MAPK8,PTPN11"
RCTM,HSA-5663205,Infectious disease,17,917,0.00011,0.0025,"MAPK1,MAPK14,NR3C1,MAPK3,EGFR,SIGMAR1,ADAM17,MET,NOS2,HSP90AA1,ABL1,JAK2,MAPK8,IL6,TYK2,JAK3,PTPN11"
RCTM,HSA-1475029,Reversible hydration of carbon dioxide,3,12,0.00011,0.0026,"CA2,CA9,CA1"
RCTM,HSA-170968,Frs2-mediated activation,3,12,0.00011,0.0026,"MAPK1,MAPK3,NTRK1"
RCTM,HSA-2559583,Cellular Senescence,7,163,0.00012,0.0026,"MAPK1,MAPK14,MAPK3,CDK2,RPS6KA3,MAPK8,IL6"
RCTM,HSA-9027276,Erythropoietin activates Phosphoinositide-3-kinase (PI3K),3,12,0.00011,0.0026,"PIK3CD,JAK2,PIK3CG"
RCTM,HSA-9658195,Leishmania infection,7,165,0.00013,0.0028,"MAPK1,MAPK14,MAPK3,ADAM17,ABL1,MAPK8,IL6"
RCTM,HSA-187037,Signaling by NTRK1 (TRKA),6,115,0.00013,0.0029,"MAPK1,MAPK14,MAPK3,RPS6KA3,NTRK1,ADORA2A"
RCTM,HSA-8878166,Transcriptional regulation by RUNX2,6,119,0.00016,0.0034,"MAPK1,NR3C1,MAPK3,ABL1,AR,ESR1"
RCTM,HSA-193775,Synthesis of bile acids and bile salts via 24-hydroxycholesterol,3,14,0.00017,0.0035,"AKR1C3,AKR1C2,AKR1C1"
RCTM,HSA-373760,L1CAM interactions,6,120,0.00017,0.0035,"MAPK1,CSNK2A1,MAPK3,EGFR,RPS6KA3,FGFR1"
RCTM,HSA-76009,Platelet Aggregation (Plug Formation),4,39,0.00017,0.0035,"ADRA2A,F2,PTPN1,ADRA2C"
RCTM,HSA-69278,"Cell Cycle, Mitotic",12,526,0.00019,0.0039,"MAPK1,CSNK2A1,CDC25B,MAPK3,CDK2,CDC25A,HSP90AA1,DYRK1A,ABL1,POLA1,JAK2,TOP2A"
RCTM,HSA-2426168,Activation of gene expression by SREBF (SREBP),4,42,0.00022,0.0044,"CYP51A1,HMGCR,SREBF2,PPARA"
RCTM,HSA-418594,G alpha (i) signalling events,9,309,0.00023,0.0045,"MAPK1,ADORA3,ADRA2A,PDE4D,GABBR1,DRD3,ADRA2C,OPRM1,CHRM2"
RCTM,HSA-1295596,Spry regulation of FGF signaling,3,16,0.00024,0.0046,"MAPK1,MAPK3,PTPN11"
RCTM,HSA-2559582,Senescence-Associated Secretory Phenotype (SASP),5,81,0.00024,0.0046,"MAPK1,MAPK3,CDK2,RPS6KA3,IL6"
RCTM,HSA-9022699,MECP2 regulates neuronal receptors and channels,3,16,0.00024,0.0046,"MET,PTPN1,OPRM1"
RCTM,HSA-9027604,Biosynthesis of electrophilic ω-3 PUFA oxo-derivatives,2,2,0.00025,0.0047,"PTGS2,ALOX5"
RCTM,HSA-597592,Post-translational protein modification,21,1405,0.00031,0.0058,"STS,NR3C1,RORA,POLB,PPARG,CDC25A,F2,PRKDC,PGR,NR1I2,NR3C2,TOP1,AR,F10,PPARA,IL6,ESR1,TOP2A,NR1H4,NR1H3,NR1H2"
RCTM,HSA-512988,"Interleukin-3, Interleukin-5 and GM-CSF signaling",4,48,0.00035,0.0066,"PIK3CD,JAK2,JAK3,PTPN11"
RCTM,HSA-112316,Neuronal System,10,409,0.00039,0.0073,"MAPK1,SLC6A4,KCNH2,MAPK3,BCHE,SLC6A3,ACHE,GLUL,GABBR1,RPS6KA3"
RCTM,HSA-1640170,Cell Cycle,13,658,0.00041,0.0074,"MAPK1,CSNK2A1,CDC25B,MAPK3,CDK2,CDC25A,HSP90AA1,DYRK1A,ABL1,POLA1,JAK2,CHEK1,TOP2A"
RCTM,HSA-392023,Adrenaline signalling through Alpha-2 adrenergic receptor,2,3,0.00041,0.0074,"ADRA2A,ADRA2C"
RCTM,HSA-6807004,Negative regulation of MET activity,3,21,0.00048,0.0084,"PTPN2,MET,PTPN1"
RCTM,HSA-5673001,RAF/MAP kinase cascade,8,277,0.00053,0.0092,"MAPK1,FLT3,MAPK3,EGFR,MET,JAK2,FGFR1,JAK3"
RCTM,HSA-8848021,Signaling by PTK6,4,54,0.00054,0.0092,"NR3C1,CDK2,EGFR,PTPN1"
RCTM,HSA-417973,Adenosine P1 receptors,2,4,0.00061,0.0099,"ADORA3,ADORA2A"
RCTM,HSA-9025094,Biosynthesis of DPAn-3 SPMs,2,4,0.00061,0.0099,"PTGS2,ALOX5"
RCTM,HSA-9637690,Response of Mtb to phagocytosis,3,23,0.00061,0.0099,"MAPK1,MAPK3,NOS2"
RCTM,HSA-9652169,Signaling by MAP2K mutants,2,4,0.00061,0.0099,"MAPK1,MAPK3"
RCTM,HSA-418555,G alpha (s) signalling events,6,157,0.00067,0.0105,"PDE2A,PDE4D,PDE3A,PDE7A,GPBAR1,ADORA2A"
RCTM,HSA-1236394,Signaling by ERBB4,4,58,0.00069,0.0107,"EGFR,ADAM17,PGR,ESR1"
RCTM,HSA-5668599,RHO GTPases Activate NADPH Oxidases,3,24,0.00069,0.0107,"MAPK1,MAPK14,MAPK3"
RCTM,HSA-9634638,Estrogen-dependent nuclear events downstream of ESR-membrane signaling,3,24,0.00069,0.0107,"MAPK1,MAPK3,EGFR"
RCTM,HSA-8986944,Transcriptional Regulation by MECP2,4,59,0.00074,0.0111,"PPARG,MET,PTPN1,OPRM1"
RCTM,HSA-69273,Cyclin A/B1/B2 associated events during G2/M transition,3,25,0.00077,0.0115,"CDC25B,CDK2,CDC25A"
RCTM,HSA-912694,Regulation of IFNA/IFNB signaling,3,25,0.00077,0.0115,"PTPN1,TYK2,PTPN11"
RCTM,HSA-187024,NGF-independant TRKA activation,2,5,0.00085,0.0124,"NTRK1,ADORA2A"
RCTM,HSA-390648,Muscarinic acetylcholine receptors,2,5,0.00085,0.0124,"CHRM3,CHRM2"
RCTM,HSA-390651,Dopamine receptors,2,5,0.00085,0.0124,"DRD2,DRD3"
RCTM,HSA-8865999,MET activates PTPN11,2,5,0.00085,0.0124,"MET,PTPN11"
RCTM,HSA-9031525,NR1H2 & NR1H3 regulate gene expression to limit cholesterol uptake,2,5,0.00085,0.0124,"NR1H3,NR1H2"
RCTM,HSA-9031528,NR1H2 & NR1H3 regulate gene expression linked to triglyceride lipolysis in adipose,2,5,0.00085,0.0124,"NR1H3,NR1H2"
RCTM,HSA-375165,NCAM signaling for neurite out-growth,4,63,0.00093,0.0129,"MAPK1,MAPK3,CACNA1H,FGFR1"
RCTM,HSA-191273,Cholesterol biosynthesis,3,27,0.00094,0.013,"CYP51A1,HMGCR,SREBF2"
RCTM,HSA-912526,Interleukin receptor SHC signaling,3,27,0.00094,0.013,"PIK3CD,JAK2,JAK3"
RCTM,HSA-9619665,EGR2 and SOX10-mediated initiation of Schwann cell myelination,3,27,0.00094,0.013,"CYP51A1,HMGCR,SREBF2"
RCTM,HSA-2029482,Regulation of actin dynamics for phagocytic cup formation,4,64,0.00098,0.0131,"MAPK1,MAPK3,HSP90AA1,ABL1"
RCTM,HSA-1483191,Synthesis of PC,3,28,0.001,0.0137,"CSNK2A1,BCHE,ACHE"
RCTM,HSA-193144,Estrogen biosynthesis,2,6,0.0011,0.0148,"HSD17B1,CYP19A1"
RCTM,HSA-5674499,Negative feedback regulation of MAPK pathway,2,6,0.0011,0.0148,"MAPK1,MAPK3"
RCTM,HSA-5683826,Surfactant metabolism,3,29,0.0011,0.0148,"ADRA2A,ADRA2C,ADORA2A"
RCTM,HSA-9018679,Biosynthesis of EPA-derived SPMs,2,6,0.0011,0.0148,"PTGS2,ALOX5"
RCTM,HSA-9027307,Biosynthesis of maresin-like SPMs,2,6,0.0011,0.0148,"CYP2C9,CYP2D6"
RCTM,HSA-9674555,Signaling by CSF3 (G-CSF),3,29,0.0011,0.0148,"JAK2,TYK2,PTPN11"
RCTM,HSA-9635465,Suppression of apoptosis,2,7,0.0014,0.018,"MAPK1,MAPK3"
RCTM,HSA-9645135,STAT5 Activation,2,7,0.0014,0.018,"FLT3,PTPN11"
RCTM,HSA-9662001,Defective factor VIII causes hemophilia A,2,7,0.0014,0.018,"F2,F10"
RCTM,HSA-1251985,Nuclear signaling by ERBB4,3,32,0.0015,0.0182,"ADAM17,PGR,ESR1"
RCTM,HSA-456926,Thrombin signalling through proteinase activated receptors (PARs),3,32,0.0015,0.0182,"MAPK1,MAPK3,F2"
RCTM,HSA-2871796,FCERI mediated MAPK activation,3,34,0.0017,0.0211,"MAPK1,MAPK3,MAPK8"
RCTM,HSA-9634815,Transcriptional Regulation by NPAS4,3,34,0.0017,0.0211,"MAPK1,NR3C1,MAPK3"
RCTM,HSA-1247673,Erythrocytes take up oxygen and release carbon dioxide,2,8,0.0018,0.0215,"CA2,CA1"
RCTM,HSA-5663213,RHO GTPases Activate WASPs and WAVEs,3,36,0.002,0.0241,"MAPK1,MAPK3,ABL1"
RCTM,HSA-6806834,Signaling by MET,4,79,0.0021,0.0243,"PTPN2,MET,PTPN1,PTPN11"
RCTM,HSA-159763,Transport of gamma-carboxylated protein precursors from the endoplasmic reticulum to the Golgi apparatus,2,9,0.0022,0.0255,"F2,F10"
RCTM,HSA-176187,Activation of ATR in response to replication stress,3,37,0.0022,0.0255,"CDK2,CDC25A,CHEK1"
RCTM,HSA-2142816,Synthesis of (16-20)-hydroxyeicosatetraenoic acids (HETE),2,9,0.0022,0.0255,"CYP2C9,CYP2C19"
RCTM,HSA-390696,Adrenoceptors,2,9,0.0022,0.0255,"ADRA2A,ADRA2C"
RCTM,HSA-9020933,Interleukin-23 signaling,2,9,0.0022,0.0255,"JAK2,TYK2"
RCTM,HSA-9029558,NR1H2 & NR1H3 regulate gene expression linked to lipogenesis,2,9,0.0022,0.0255,"NR1H3,NR1H2"
RCTM,HSA-913531,Interferon Signaling,6,199,0.0022,0.0255,"MAPK3,PTPN2,PTPN1,JAK2,TYK2,PTPN11"
RCTM,HSA-9623433,NR1H2 & NR1H3 regulate gene expression to control bile acid homeostasis,2,9,0.0022,0.0255,"NR1H3,NR1H2"
RCTM,HSA-381340,Transcriptional regulation of white adipocyte differentiation,4,84,0.0025,0.0287,"FABP4,PPARG,SREBF2,PPARA"
RCTM,HSA-159740,Gamma-carboxylation of protein precursors,2,10,0.0026,0.0294,"F2,F10"
RCTM,HSA-159782,Removal of aminoterminal propeptides from gamma-carboxylated proteins,2,10,0.0026,0.0294,"F2,F10"
RCTM,HSA-74749,Signal attenuation,2,10,0.0026,0.0294,"MAPK1,MAPK3"
RCTM,HSA-9702518,STAT5 activation downstream of FLT3 ITD mutants,2,10,0.0026,0.0294,"FLT3,PTPN11"
RCTM,HSA-2980736,Peptide hormone metabolism,4,86,0.0028,0.0303,"CTSD,BCHE,ACE,ACHE"
RCTM,HSA-418346,Platelet homeostasis,4,86,0.0028,0.0303,"MAPK14,NOS2,PDE2A,PTPN11"
RCTM,HSA-9656223,Signaling by RAF1 mutants,3,41,0.0029,0.0312,"MAPK1,MAPK3,JAK2"
RCTM,HSA-163841,"Gamma carboxylation, hypusine formation and arylsulfatase activation",3,42,0.0031,0.0328,"STS,F2,F10"
RCTM,HSA-196791,Vitamin D (calciferol) metabolism,2,11,0.0031,0.0328,"CYP27B1,GC"
RCTM,HSA-2586552,Signaling by Leptin,2,11,0.0031,0.0328,"JAK2,PTPN11"
RCTM,HSA-376172,DSCAM interactions,2,11,0.0031,0.0328,"MAPK14,MAPK8"
RCTM,HSA-9020956,Interleukin-27 signaling,2,11,0.0031,0.0328,"JAK2,TYK2"
RCTM,HSA-9627069,Regulation of the apoptosome activity,2,11,0.0031,0.0328,"MAPK1,MAPK3"
RCTM,HSA-1433557,Signaling by SCF-KIT,3,43,0.0033,0.0334,"JAK2,CHEK1,PTPN11"
RCTM,HSA-5693532,DNA Double-Strand Break Repair,5,149,0.0033,0.0334,"CDK2,PRKDC,ABL1,MAPK8,CHEK1"
RCTM,HSA-168249,Innate Immune System,15,1041,0.0034,0.0341,"MAPK1,MAPK14,CTSD,MAPK3,F2,PRKDC,NOS2,HSP90AA1,CTSB,ABL1,PLAU,ALOX5,RPS6KA3,MAPK8,PTPN11"
RCTM,HSA-109704,PI3K Cascade,3,44,0.0035,0.035,"FLT3,FGFR1,PTPN11"
RCTM,HSA-2559580,Oxidative Stress Induced Senescence,4,92,0.0035,0.035,"MAPK1,MAPK14,MAPK3,MAPK8"
RCTM,HSA-6804756,Regulation of TP53 Activity through Phosphorylation,4,92,0.0035,0.035,"CSNK2A1,MAPK14,CDK2,CHEK1"
RCTM,HSA-975634,Retinoid metabolism and transport,3,44,0.0035,0.035,"AKR1B10,AKR1C3,AKR1C1"
RCTM,HSA-1237044,Erythrocytes take up carbon dioxide and release oxygen,2,12,0.0036,0.0353,"CA2,CA1"
RCTM,HSA-8866910,TFAP2 (AP-2) family regulates transcription of growth factors and their receptors,2,12,0.0036,0.0353,"EGFR,ESR1"
RCTM,HSA-8984722,Interleukin-35 Signalling,2,12,0.0036,0.0353,"JAK2,TYK2"
RCTM,HSA-6783783,Interleukin-10 signaling,3,45,0.0037,0.0357,"PTGS2,IL6,TYK2"
RCTM,HSA-6802946,Signaling by moderate kinase activity BRAF mutants,3,45,0.0037,0.0357,"MAPK1,MAPK3,JAK2"
RCTM,HSA-6802955,Paradoxical activation of RAF signaling by kinase inactive BRAF,3,45,0.0037,0.0357,"MAPK1,MAPK3,JAK2"
RCTM,HSA-9649948,Signaling downstream of RAS mutants,3,45,0.0037,0.0357,"MAPK1,MAPK3,JAK2"
RCTM,HSA-9020591,Interleukin-12 signaling,3,46,0.0039,0.0371,"JAK2,CA1,TYK2"
RCTM,HSA-202670,ERKs are inactivated,2,13,0.0041,0.0389,"MAPK1,MAPK3"
RCTM,HSA-69231,Cyclin D associated events in G1,3,47,0.0041,0.0389,"CDK2,ABL1,JAK2"
RCTM,HSA-75205,Dissolution of Fibrin Clot,2,13,0.0041,0.0389,"PLG,PLAU"
RCTM,HSA-879415,Advanced glycosylation endproduct receptor signaling,2,13,0.0041,0.0389,"MAPK1,MAPK3"
RCTM,HSA-2187338,Visual phototransduction,4,99,0.0045,0.0411,"HSD17B1,AKR1B10,AKR1C3,AKR1C1"
RCTM,HSA-1170546,Prolactin receptor signaling,2,14,0.0047,0.0427,"JAK2,PTPN11"
RCTM,HSA-162658,Golgi Cisternae Pericentriolar Stack Reorganization,2,14,0.0047,0.0427,"MAPK1,MAPK3"
RCTM,HSA-177929,Signaling by EGFR,3,50,0.0049,0.0441,"EGFR,ADAM17,PTPN11"
RCTM,HSA-373752,Netrin-1 signaling,3,50,0.0049,0.0441,"MAPK14,MAPK8,PTPN11"
RCTM,HSA-1502540,Signaling by Activin,2,15,0.0053,0.0474,"MAPK1,MAPK3"
RCTM,HSA-5637810,Constitutive Signaling by EGFRvIII,2,15,0.0053,0.0474,"EGFR,HSP90AA1"
RCTM,HSA-109606,Intrinsic Pathway for Apoptosis,3,52,0.0054,0.048,"MAPK1,MAPK3,MAPK8"
WikiPathways,WP170,Nuclear receptors,14,37,1.11e-19,8.68e-17,"NR3C1,RORA,PPARG,PPARD,PGR,RORC,NR1I2,ESR2,NR1I3,AR,PPARA,ESR1,NR1H3,NR1H2"
WikiPathways,WP2882,Nuclear receptors meta-pathway,21,312,3.45e-15,1.28e-12,"SLC6A2,NR3C1,CYP2C9,SLC6A4,SLC6A3,EGFR,FABP1,UGT2B7,PPARD,HSP90AA1,NR1I2,PTGS2,NR1I3,CYP2C19,G6PD,PPARA,ESR1,NR1H4,NR1H3,ABCB1,CES2"
WikiPathways,WP3594,Circadian rhythm genes,18,199,3.28e-15,1.28e-12,"RORA,SLC6A4,PPARG,PRKDC,RORC,NOS2,DYRK1A,TOP1,DRD2,DRD3,MAPK8,HCRTR1,PPARA,IL6,TOP2A,NTRK1,NR1H3,ADORA2A"
WikiPathways,WP5279,Mineralocorticoid biosynthesis,9,14,1.11e-14,2.16e-12,"SRD5A1,CYP11B1,UGT2B7,HSD11B2,HSD11B1,AKR1C3,AKR1C2,AKR1C1,SRD5A2"
WikiPathways,WP2263,Androgen receptor network in prostate cancer,14,109,5.63e-14,8.79e-12,"MAPK1,HSD17B1,MAPK14,CDC25B,MAPK3,CDK2,CDC25A,PRKDC,CYP17A1,AR,HSD17B3,MAPK8,CHEK1,PTPN11"
WikiPathways,WP299,Nuclear receptors in lipid metabolism and toxicity,10,32,1.09e-13,1.41e-11,"CYP27B1,CYP2C9,PPARG,PPARD,NR1I2,NR1I3,PPARA,NR1H4,NR1H3,ABCB1"
WikiPathways,WP5280,Glucocorticoid biosynthesis,8,14,7.17e-13,8e-11,"SRD5A1,CYP11B1,HSD11B2,HSD11B1,AKR1C3,AKR1C2,AKR1C1,SRD5A2"
WikiPathways,WP98,Prostaglandin synthesis and regulation,10,45,2.01e-12,1.97e-10,"PPARG,HSD11B2,PTGES,PTGS1,HSD11B1,PTGS2,AKR1C3,AKR1C2,AKR1C1,TBXAS1"
WikiPathways,WP5329,Cholesterol biosynthesis pathway in hepatocytes,12,111,2.43e-11,2.11e-09,"CYP51A1,HSD17B1,CYP27B1,SRD5A1,HMGCR,CYP11B1,CYP17A1,HSD17B3,CYP19A1,SRD5A2,NR1H3,NR1H2"
WikiPathways,WP4483,"Relationship between inflammation, COX-2 and EGFR",8,25,2.93e-11,2.29e-09,"MAPK1,MAPK3,EGFR,PTGS2,PIK3CD,CYP19A1,ESR1,PIK3CG"
WikiPathways,WP702,Metapathway biotransformation Phase I and II,14,180,3.02e-11,2.29e-09,"CYP51A1,CYP27B1,CYP2C9,CYP11B1,UGT2B7,AKR1B10,CYP17A1,CYP2C19,AKR1C3,AKR1C2,AKR1C1,CYP19A1,EPHX2,CYP2D6"
WikiPathways,WP4523,Classical pathway of steroidogenesis with glucocorticoid and mineralocorticoid metabolism,7,16,8.91e-11,5.8e-09,"CYP11B1,HSD11B2,HSD11B1,CYP17A1,HSD17B3,CYP19A1,SRD5A2"
WikiPathways,WP2037,Prolactin signaling pathway,10,76,2.06e-10,1.24e-08,"MAPK1,MAPK14,CTSD,MAPK3,NOS2,PTPN1,JAK2,MAPK8,PIK3CG,PTPN11"
WikiPathways,WP5087,Malignant pleural mesothelioma,18,434,7.48e-10,4.17e-08,"MAPK1,CSNK2A1,MAPK14,FLT3,FABP4,MAPK3,KDR,CDK2,EGFR,MET,PLAU,PIK3CD,RPS6KA3,MAPK8,IL6,FGFR1,PIK3CG,NTRK1"
WikiPathways,WP5276,Estrogen metabolism,7,24,9.16e-10,4.77e-08,"HSD17B1,CYP2C9,UGT2B7,CYP2C19,HSD17B3,AKR1C3,CYP19A1"
WikiPathways,WP2374,Oncostatin M signaling pathway,9,64,1e-09,4.9e-08,"MAPK1,MAPK14,MAPK3,CDK2,JAK2,MAPK8,TYK2,JAK3,PTPN11"
WikiPathways,WP4172,PI3K-Akt signaling pathway,16,336,1.07e-09,4.91e-08,"MAPK1,FLT3,MAPK3,KDR,CDK2,EGFR,MET,HSP90AA1,PIK3CD,JAK2,IL6,FGFR1,CHRM2,PIK3CG,NTRK1,JAK3"
WikiPathways,WP5130,Th17 cell differentiation pathway,9,69,1.84e-09,7.97e-08,"MAPK1,MAPK14,RORA,RORC,HSP90AA1,JAK2,MAPK8,IL6,TYK2"
WikiPathways,WP3869,Cannabinoid receptor signaling,7,28,2.29e-09,9.42e-08,"MAPK1,MAPK14,CYP2C9,MAPK3,CYP2C19,MAPK8,ADORA2A"
WikiPathways,WP4545,Oxysterols derived from cholesterol,8,48,2.65e-09,1.04e-07,"HSD11B2,RORC,NR1I2,ESR2,HSD11B1,ESR1,EPHX2,NR1H2"
WikiPathways,WP4223,Ras signaling,12,181,4.55e-09,1.69e-07,"MAPK1,FLT3,MAPK3,KDR,EGFR,MET,ABL1,PIK3CD,MAPK8,FGFR1,NTRK1,PTPN11"
WikiPathways,WP2817,Mammary gland development pathway - Pregnancy and lactation (Stage 3 of 4),7,33,6.19e-09,2.17e-07,"NR3C1,EGFR,PGR,ESR2,PTPN1,JAK2,ESR1"
WikiPathways,WP395,IL-4 signaling pathway,8,54,6.11e-09,2.17e-07,"MAPK1,MAPK14,MAPK3,PIK3CD,JAK2,TYK2,JAK3,PTPN11"
WikiPathways,WP58,Monoamine GPCRs,7,33,6.19e-09,2.17e-07,"CHRM3,ADRA2A,DRD2,DRD3,ADRA2C,CHRM2,HTR2A"
WikiPathways,WP5273,Effect of intestinal microbiome on anticoagulant response of vitamin K antagonists,5,7,7.92e-09,2.47e-07,"CYP2C9,NPC1L1,PPARD,NR1I2,PPARA"
WikiPathways,WP43,Oxidation by cytochrome P450,8,61,1.45e-08,4.37e-07,"CYP51A1,CYP27B1,CYP2C9,CYP11B1,CYP17A1,CYP2C19,CYP19A1,CYP2D6"
WikiPathways,WP167,Eicosanoid synthesis,6,23,2.71e-08,7.71e-07,"PTGES,PTGS1,PTGS2,ALOX5,AKR1C3,TBXAS1"
WikiPathways,WP3915,Angiopoietin-like protein 8 regulatory pathway,10,131,2.67e-08,7.71e-07,"MAPK1,MAPK14,MAPK3,SREBF2,PTPN1,PIK3CD,RPS6KA3,MAPK8,PIK3CG,NR1H3"
WikiPathways,WP2203,Thymic stromal lymphopoietin (TSLP) signaling pathway,7,47,5.45e-08,1.47e-06,"MAPK1,MAPK14,MAPK3,JAK2,MAPK8,IL6,PTPN11"
WikiPathways,WP2380,Brain-derived neurotrophic factor (BDNF) signaling pathway,10,143,5.8e-08,1.51e-06,"MAPK1,CSNK2A1,MAPK14,MAPK3,ADAM17,RPS6KA3,JAK2,MAPK8,NTRK1,PTPN11"
WikiPathways,WP3646,Hepatitis C and hepatocellular carcinoma,7,48,6.21e-08,1.57e-06,"MAPK14,MAPK3,NOS2,PTGS2,MAPK8,IL6,PTPN11"
WikiPathways,WP2034,Leptin signaling pathway,8,76,7e-08,1.71e-06,"MAPK1,MAPK14,MAPK3,PTPN1,JAK2,MAPK8,ESR1,PTPN11"
WikiPathways,WP4538,Regulatory circuits of the STAT3 signaling pathway,8,77,7.68e-08,1.82e-06,"MAPK1,MAPK14,MAPK3,EGFR,JAK2,MAPK8,TYK2,JAK3"
WikiPathways,WP4659,Gastrin signaling pathway,9,113,9.68e-08,2.22e-06,"MAPK1,MAPK14,MAPK3,EGFR,PPARG,PTGS2,JAK2,MAPK8,PTPN11"
WikiPathways,WP5155,"Arachidonic acid (AA, ARA) oxylipin metabolism",4,4,1.14e-07,2.54e-06,"PTGS1,PTGS2,TBXAS1,EPHX2"
WikiPathways,WP2261,Glioblastoma signaling pathways,8,82,1.2e-07,2.61e-06,"MAPK1,MAPK3,CDK2,EGFR,MET,PIK3CD,FGFR1,PIK3CG"
WikiPathways,WP3932,Focal adhesion: PI3K-Akt-mTOR-signaling pathway,13,301,1.28e-07,2.68e-06,"MAPK1,MAPK3,KDR,EGFR,MET,NOS2,HSP90AA1,PIK3CD,JAK2,FGFR1,CHRM2,PIK3CG,JAK3"
WikiPathways,WP4719,Eicosanoid metabolism via cyclooxygenases (COX),6,31,1.27e-07,2.68e-06,"PPARG,PPARD,PTGES,PTGS1,PTGS2,TBXAS1"
WikiPathways,WP4787,Osteoblast differentiation and related diseases,9,117,1.28e-07,2.68e-06,"MAPK1,MAPK14,MAPK3,PPARG,PRKDC,PIK3CD,MAPK8,FGFR1,PIK3CG"
WikiPathways,WP4806,EGFR tyrosine kinase inhibitor resistance,8,83,1.31e-07,2.68e-06,"MAPK1,MAPK3,KDR,EGFR,MET,PIK3CD,JAK2,IL6"
WikiPathways,WP727,Monoamine transport,6,32,1.5e-07,2.86e-06,"SLC6A2,MAPK14,SLC6A4,SLC6A3,ACHE,ADORA2A"
WikiPathways,WP4481,Resistin as a regulator of inflammation,6,33,1.76e-07,3.28e-06,"MAPK1,MAPK14,MAPK3,PIK3CD,IL6,PIK3CG"
WikiPathways,WP2446,Retinoblastoma gene in cancer,8,87,1.84e-07,3.34e-06,"CDC25B,CDK2,CDC25A,PRKDC,ABL1,POLA1,CHEK1,TOP2A"
WikiPathways,WP4205,MET in type 1 papillary renal cell carcinoma,7,58,2.02e-07,3.59e-06,"MAPK1,MAPK3,MET,PIK3CD,MAPK8,JAK3,PTPN11"
WikiPathways,WP304,Kit receptor signaling pathway,7,59,2.25e-07,3.9e-06,"MAPK1,MAPK14,MAPK3,RPS6KA3,JAK2,MAPK8,PTPN11"
WikiPathways,WP3591,Sleep regulation,6,38,3.72e-07,6.31e-06,"DRD2,DRD3,HCRTR1,IL6,HTR2A,ADORA2A"
WikiPathways,WP2324,AGE/RAGE pathway,7,66,4.53e-07,7.53e-06,"MAPK1,MAPK14,MAPK3,EGFR,NOS2,JAK2,MAPK8"
WikiPathways,WP2877,Vitamin D receptor pathway,10,183,5.08e-07,8.26e-06,"STS,CYP27B1,CYP2C9,CDK2,PPARD,ALOX5,CA9,G6PD,ABCB1,CYP2D6"
WikiPathways,WP3303,RAC1/PAK1/p38/MMP2 pathway,7,68,5.46e-07,8.71e-06,"MAPK1,MAPK14,MAPK3,EGFR,NOS2,MAPK8,PTPN11"
WikiPathways,WP364,IL6 signaling pathway,6,43,7.17e-07,1.12e-05,"MAPK1,MAPK3,JAK2,IL6,TYK2,PTPN11"
WikiPathways,WP51,Regulation of actin cytoskeleton,9,149,8.76e-07,1.34e-05,"MAPK1,CHRM3,MAPK3,EGFR,F2,PIK3CD,FGFR1,CHRM2,PIK3CG"
WikiPathways,WP2586,Aryl hydrocarbon receptor pathway,6,45,9.13e-07,1.37e-05,"MAPK1,CDK2,EGFR,HSP90AA1,PTGS2,ESR1"
WikiPathways,WP4341,"Non-genomic actions of 1,25 dihydroxyvitamin D3",7,74,9.27e-07,1.37e-05,"MAPK1,CYP27B1,MAPK14,MAPK3,MAPK8,IL6,TYK2"
WikiPathways,WP4566,Translation inhibitors in chronically activated PDGFRA cells,6,45,9.13e-07,1.37e-05,"MAPK1,CSNK2A1,MAPK14,MAPK3,MAPK8,PIK3CG"
WikiPathways,WP4666,Hepatitis B infection,9,150,9.23e-07,1.37e-05,"MAPK1,MAPK14,MAPK3,PIK3CD,JAK2,MAPK8,IL6,TYK2,JAK3"
WikiPathways,WP4262,Breast cancer pathway,9,154,1.14e-06,1.58e-05,"MAPK1,CSNK2A1,MAPK3,EGFR,PGR,ESR2,PIK3CD,FGFR1,ESR1"
WikiPathways,WP5277,Steroid hormone precursor biosynthesis,4,9,1.13e-06,1.58e-05,"SRD5A1,CYP17A1,AKR1C1,SRD5A2"
WikiPathways,WP706,Sudden infant death syndrome (SIDS) susceptibility pathways,9,154,1.14e-06,1.58e-05,"NR3C1,RORA,SLC6A4,KCNH2,ESR2,AR,IL6,CHRM2,HTR2A"
WikiPathways,WP455,"GPCRs, class A rhodopsin-like",11,256,1.3e-06,1.72e-05,"ADORA3,CHRM3,ADRA2A,DRD2,DRD3,HCRTR1,ADRA2C,OPRM1,CHRM2,HTR2A,ADORA2A"
WikiPathways,WP286,IL-3 signaling pathway,6,49,1.44e-06,1.87e-05,"MAPK1,MAPK3,PIK3CD,JAK2,MAPK8,PTPN11"
WikiPathways,WP481,Insulin signaling,9,159,1.46e-06,1.87e-05,"MAPK1,MAPK14,MAPK3,PTPN1,PIK3CD,RPS6KA3,MAPK8,PIK3CG,PTPN11"
WikiPathways,WP2643,Nanoparticle-mediated activation of receptor signaling,5,27,1.82e-06,2.29e-05,"MAPK1,MAPK14,EGFR,PIK3CD,MAPK8"
WikiPathways,WP5144,NRP1-triggered signaling pathways in pancreatic cancer ,6,52,1.98e-06,2.45e-05,"MAPK1,MAPK3,KDR,CDK2,EGFR,MET"
WikiPathways,WP4524,Alternative pathway of fetal androgen synthesis,4,11,2.14e-06,2.61e-05,"CYP17A1,HSD17B3,AKR1C2,SRD5A2"
WikiPathways,WP4222,Phosphodiesterases in neuronal function,6,54,2.42e-06,2.91e-05,"PDE2A,PDE4D,PDE3A,DRD2,PDE7A,ADORA2A"
WikiPathways,WP69,T-cell receptor signaling pathway,7,90,3.14e-06,3.72e-05,"MAPK1,MAPK14,MAPK3,MAPK8,IL6,OPRM1,PTPN11"
WikiPathways,WP2875,Constitutive androstane receptor pathway,5,31,3.33e-06,3.88e-05,"CYP2C9,HSP90AA1,NR1I3,CYP2C19,ABCB1"
WikiPathways,WP5122,Prostaglandin and leukotriene metabolism in senescence ,5,31,3.33e-06,3.88e-05,"PTGES,PTGS1,PTGS2,ALOX5,TBXAS1"
WikiPathways,WP231,TNF-alpha signaling pathway,7,92,3.6e-06,4.08e-05,"MAPK1,CSNK2A1,MAPK3,GLUL,HSP90AA1,MAPK8,IL6"
WikiPathways,WP2355,Corticotropin-releasing hormone signaling pathway,7,92,3.6e-06,4.08e-05,"MAPK1,MAPK14,MAPK3,CYP11B1,CACNA1H,HSP90AA1,MAPK8"
WikiPathways,WP2876,Pregnane X receptor pathway,5,32,3.83e-06,4.21e-05,"CYP2C9,HSP90AA1,NR1I2,CYP2C19,ABCB1"
WikiPathways,WP313,Hepatocyte growth factor receptor signaling,5,34,5.01e-06,5.43e-05,"MAPK1,MAPK3,MET,MAPK8,PTPN11"
WikiPathways,WP5321,Prostaglandin and leukotriene metabolism in senescence ,5,34,5.01e-06,5.43e-05,"PTGES,PTGS1,PTGS2,ALOX5,TBXAS1"
WikiPathways,WP2884,NRF2 pathway,8,140,5.36e-06,5.65e-05,"SLC6A2,SLC6A4,SLC6A3,UGT2B7,PPARD,HSP90AA1,G6PD,CES2"
WikiPathways,WP4877,Host-pathogen interaction of human coronaviruses - MAPK signaling,5,35,5.69e-06,5.93e-05,"MAPK1,MAPK14,MAPK3,RPS6KA3,MAPK8"
WikiPathways,WP382,MAPK signaling pathway,10,245,6.23e-06,6.4e-05,"MAPK1,MAPK14,CDC25B,MAPK3,EGFR,CACNA1H,RPS6KA3,MAPK8,FGFR1,NTRK1"
WikiPathways,WP4673,Male infertility,8,144,6.52e-06,6.61e-05,"POLB,NOS2,ESR2,CYP17A1,AR,ESR1,SRD5A2,ABCB1"
WikiPathways,WP75,Toll-like receptor signaling pathway,7,102,6.84e-06,6.85e-05,"MAPK1,MAPK14,MAPK3,PIK3CD,MAPK8,IL6,PIK3CG"
WikiPathways,WP2032,Thyroid stimulating hormone (TSH) signaling pathway,6,66,7.09e-06,7.01e-05,"MAPK1,MAPK14,MAPK3,CDK2,PDE4D,JAK2"
WikiPathways,WP722,Serotonin HTR1 group and FOS pathway,5,37,7.28e-06,7.11e-05,"MAPK1,MAPK14,MAPK3,JAK2,HTR2A"
WikiPathways,WP2011,SREBF and miR33 in cholesterol and lipid homeostasis,4,16,7.41e-06,7.15e-05,"HMGCR,SREBF2,PPARA,NR1H3"
WikiPathways,WP2289,Drug induction of bile acid pathway,4,16,7.41e-06,7.15e-05,"NR1I2,NR1I3,NR1H4,ABCB1"
WikiPathways,WP3942,PPAR signaling pathway,6,67,7.69e-06,7.24e-05,"FABP4,PPARG,FABP1,PPARD,PPARA,NR1H3"
WikiPathways,WP127,IL-5 signaling pathway,5,40,1.03e-05,9.56e-05,"MAPK1,MAPK3,JAK2,PIK3CG,PTPN11"
WikiPathways,WP2059,Alzheimers disease and miRNA effects,10,260,1.03e-05,9.56e-05,"MAPK1,CSNK2A1,MAPK3,ADAM17,BACE1,NOS2,PTGS2,PIK3CD,MAPK8,IL6"
WikiPathways,WP5124,Alzheimers disease,10,260,1.03e-05,9.56e-05,"MAPK1,CSNK2A1,MAPK3,ADAM17,BACE1,NOS2,PTGS2,PIK3CD,MAPK8,IL6"
WikiPathways,WP2036,TNF-related weak inducer of apoptosis (TWEAK) signaling pathway,5,42,1.28e-05,0.00011,"MAPK1,MAPK14,MAPK3,MAPK8,IL6"
WikiPathways,WP2431,Spinal cord injury,7,115,1.43e-05,0.00012,"MAPK1,MAPK3,CDK2,EGFR,NOS2,PTGS2,IL6"
WikiPathways,WP2868,TCA cycle nutrient use and invasiveness of ovarian cancer,3,5,1.44e-05,0.00012,"MAPK1,MAPK3,EGFR"
WikiPathways,WP3287,Overview of nanoparticle effects,4,19,1.33e-05,0.00012,"PTGS1,PTGS2,PIK3CD,IL6"
WikiPathways,WP5322,CKAP4 signaling pathway map,7,114,1.36e-05,0.00012,"MAPK1,MAPK14,KDR,EGFR,PLAU,IL6,ESR1"
WikiPathways,WP2332,Interleukin-11 signaling pathway,5,44,1.57e-05,0.00013,"MAPK1,MAPK3,JAK2,TYK2,PTPN11"
WikiPathways,WP437,EGF/EGFR signaling pathway,8,162,1.48e-05,0.00013,"MAPK1,MAPK14,EGFR,ABL1,RPS6KA3,JAK2,MAPK8,PTPN11"
WikiPathways,WP691,Tamoxifen metabolism,4,21,1.89e-05,0.00016,"CYP2C9,UGT2B7,CYP2C19,CYP2D6"
WikiPathways,WP4718,Cholesterol metabolism with Bloch and Kandutsch-Russell pathways,5,47,2.11e-05,0.00017,"CYP51A1,HMGCR,SREBF2,NR1H3,NR1H2"
WikiPathways,WP272,Blood clotting cascade,4,22,2.22e-05,0.00018,"F2,PLG,PLAU,F10"
WikiPathways,WP3599,Transcription factor regulation in adipogenesis,4,22,2.22e-05,0.00018,"NR3C1,PPARG,MAPK8,IL6"
WikiPathways,WP1544,MicroRNAs in cardiomyocyte hypertrophy,6,83,2.41e-05,0.00019,"MAPK1,MAPK14,MAPK3,PIK3CD,MAPK8,PIK3CG"
WikiPathways,WP15,Selenium micronutrient network,6,84,2.57e-05,0.0002,"F2,PLG,PTGS1,PTGS2,ALOX5,IL6"
WikiPathways,WP5300,TROP2 regulatory signaling,5,49,2.54e-05,0.0002,"CDK2,EGFR,ADAM17,JAK2,CHEK1"
WikiPathways,WP3611,Photodynamic therapy-induced AP-1 survival signaling,5,50,2.78e-05,0.00022,"MAPK14,EGFR,HSP90AA1,MAPK8,IL6"
WikiPathways,WP4217,Ebola virus infection in host,7,129,2.9e-05,0.00022,"MAPK1,MAPK3,EGFR,ADAM17,CTSB,TOP1,PIK3CD"
WikiPathways,WP236,Adipogenesis,7,130,3.04e-05,0.00023,"NR3C1,RORA,PPARG,PPARD,PPARA,IL6,NR1H3"
WikiPathways,WP4747,Netrin-UNC5B signaling pathway,5,52,3.32e-05,0.00025,"MAPK1,MAPK14,MAPK3,KDR,PTPN11"
WikiPathways,WP3668,Hypothesized pathways in pathogenesis of cardiovascular disease,4,25,3.47e-05,0.00026,"MAPK1,MAPK14,MAPK3,MAPK8"
WikiPathways,WP673,ErbB signaling pathway,6,89,3.5e-05,0.00026,"MAPK1,MAPK3,EGFR,ABL1,PIK3CD,MAPK8"
WikiPathways,WP117,"GPCRs, other",6,91,3.93e-05,0.00028,"ADORA3,CHRM3,DRD3,CHRM2,HTR2A,ADORA2A"
WikiPathways,WP4630,Measles virus infection,7,135,3.83e-05,0.00028,"CSNK2A1,CDK2,PIK3CD,MAPK8,IL6,TYK2,JAK3"
WikiPathways,WP581,EPO receptor signaling,4,26,3.99e-05,0.00029,"MAPK1,MAPK3,JAK2,PIK3CG"
WikiPathways,WP195,IL-1 signaling pathway,5,55,4.26e-05,0.0003,"MAPK1,MAPK14,MAPK3,MAPK8,PTPN11"
WikiPathways,WP2035,Follicle stimulating hormone (FSH) signaling pathway,4,27,4.56e-05,0.00032,"MAPK1,MAPK14,MAPK3,CYP19A1"
WikiPathways,WP4707,Aspirin and miRNAs,3,9,5.54e-05,0.00039,"PTGS1,PTGS2,PPARA"
WikiPathways,WP4720,Eicosanoid metabolism via cytochrome P450 monooxygenases pathway,3,9,5.54e-05,0.00039,"PPARG,PPARA,EPHX2"
WikiPathways,WP696,Benzo(a)pyrene metabolism,3,9,5.54e-05,0.00039,"AKR1C3,AKR1C2,AKR1C1"
WikiPathways,WP4540,Hippo signaling regulation pathways,6,98,5.82e-05,0.0004,"FLT3,KDR,EGFR,MET,FGFR1,NTRK1"
WikiPathways,WP496,Steroid biosynthesis,3,10,7.17e-05,0.00048,"HSD17B1,CYP17A1,HSD17B3"
WikiPathways,WP4155,Endometrial cancer,5,63,7.8e-05,0.00052,"MAPK1,MAPK3,EGFR,PIK3CD,FGFR1"
WikiPathways,WP4149,White fat cell differentiation,4,32,8.32e-05,0.00055,"NR3C1,RORA,PPARG,NR1H3"
WikiPathways,WP244,Alpha 6 beta 4 signaling pathway,4,33,9.28e-05,0.00061,"MAPK1,MAPK14,MAPK3,PTPN11"
WikiPathways,WP710,DNA damage response (only ATM dependent),6,109,0.0001,0.00066,"MAPK1,ABL1,PLAU,PIK3CD,MAPK8,PIK3CG"
WikiPathways,WP1982,Sterol regulatory element-binding proteins (SREBP) signaling,5,68,0.00011,0.00071,"CYP51A1,PPARG,HMGCR,SREBF2,NR1H2"
WikiPathways,WP707,DNA damage response,5,69,0.00012,0.00075,"CDK2,CDC25A,PRKDC,ABL1,CHEK1"
WikiPathways,WP2880,Glucocorticoid receptor pathway,5,70,0.00012,0.00079,"NR3C1,HSP90AA1,NR1I2,PTGS2,NR1I3"
WikiPathways,WP1530,miRNA regulation of DNA damage response,5,71,0.00013,0.00083,"CDK2,CDC25A,PRKDC,ABL1,CHEK1"
WikiPathways,WP3888,VEGFA-VEGFR2 signaling,11,428,0.00013,0.00083,"MAPK1,MAPK14,MAPK3,KDR,HSP90AA1,PTGS2,PTPN1,ABL1,PLAU,MAPK8,PTPN11"
WikiPathways,WP1434,Osteopontin signaling,3,13,0.00014,0.00086,"MAPK1,MAPK3,PLAU"
WikiPathways,WP4255,Non-small cell lung cancer,5,72,0.00014,0.00086,"MAPK1,MAPK3,EGFR,PIK3CD,JAK3"
WikiPathways,WP4331,Neovascularisation processes,4,37,0.00014,0.00086,"MAPK1,MAPK3,KDR,MAPK8"
WikiPathways,WP4337,ncRNAs involved in STAT3 signaling in hepatocellular carcinoma,3,13,0.00014,0.00086,"JAK2,IL6,JAK3"
WikiPathways,WP4919,Neuroinflammation,3,13,0.00014,0.00086,"MAPK14,NOS2,MAPK8"
WikiPathways,WP4541,Hippo-Merlin signaling dysregulation,6,119,0.00016,0.00096,"FLT3,KDR,EGFR,MET,FGFR1,NTRK1"
WikiPathways,WP1604,Codeine and morphine metabolism,3,14,0.00017,0.00099,"UGT2B7,ABCB1,CYP2D6"
WikiPathways,WP179,Cell cycle,6,120,0.00017,0.00099,"CDC25B,CDK2,CDC25A,PRKDC,ABL1,CHEK1"
WikiPathways,WP4871,Kisspeptin/kisspeptin receptor system in the ovary,4,39,0.00017,0.00099,"MAPK1,MAPK3,PIK3CD,PIK3CG"
WikiPathways,WP5318,Female steroid hormones in cardiomyocyte energy metabolism,3,14,0.00017,0.00099,"MAPK1,PPARA,ESR1"
WikiPathways,WP2516,ATM signaling pathway,4,40,0.00018,0.0011,"CDK2,CDC25A,ABL1,CHEK1"
WikiPathways,WP2526,PDGF pathway,4,40,0.00018,0.0011,"MAPK1,MAPK3,MAPK8,PTPN11"
WikiPathways,WP49,IL-2 signaling pathway,4,42,0.00022,0.0012,"MAPK1,MAPK3,JAK3,PTPN11"
WikiPathways,WP1971,Integrated cancer pathway,4,44,0.00026,0.0014,"CDC25B,CDK2,CDC25A,CHEK1"
WikiPathways,WP5154,Docosahexaenoic acid oxylipin metabolism,2,2,0.00025,0.0014,"PTGS2,EPHX2"
WikiPathways,WP22,IL-9 signaling pathway,3,17,0.00028,0.0015,"MAPK1,MAPK3,JAK3"
WikiPathways,WP4263,Pancreatic adenocarcinoma pathway,5,86,0.00031,0.0017,"MAPK1,MAPK3,EGFR,PIK3CD,MAPK8"
WikiPathways,WP1541,Energy metabolism,4,47,0.00033,0.0018,"MAPK14,PPARG,PPARD,PPARA"
WikiPathways,WP2637,Interleukin-1 (IL-1) structural pathway,4,48,0.00035,0.0019,"MAPK1,MAPK14,MAPK3,MAPK8"
WikiPathways,WP306,Focal adhesion,7,195,0.00034,0.0019,"MAPK1,MAPK3,KDR,EGFR,MET,PIK3CD,MAPK8"
WikiPathways,WP5098,T-cell activation SARS-CoV-2,5,88,0.00034,0.0019,"MAPK1,MAPK3,PIK3CD,JAK2,TYK2"
WikiPathways,WP4300,Extracellular vesicles in the crosstalk of cardiac cells,3,19,0.00037,0.002,"KDR,EGFR,IL6"
WikiPathways,WP5238,Cholestasis,3,19,0.00037,0.002,"HMGCR,NR1I3,NR1H4"
WikiPathways,WP734,Serotonin receptor 4/6/7 and NR3C signaling,3,19,0.00037,0.002,"MAPK1,NR3C1,MAPK3"
WikiPathways,WP2645,Heroin metabolism,2,3,0.00041,0.0021,"BCHE,CES2"
WikiPathways,WP5137,Linoleic acid oxylipin metabolism,2,3,0.00041,0.0021,"ALOX5,EPHX2"
WikiPathways,WP732,Serotonin receptor 2 and ELK-SRF/GATA4 signaling,3,20,0.00042,0.0022,"MAPK1,MAPK3,HTR2A"
WikiPathways,WP4482,Vitamin D in inflammatory diseases,3,21,0.00048,0.0025,"MAPK14,NR3C1,IL6"
WikiPathways,WP23,B cell receptor signaling pathway,5,97,0.00052,0.0027,"MAPK1,MAPK14,MAPK8,PIK3CG,PTPN11"
WikiPathways,WP2795,Cardiac hypertrophic response,4,54,0.00054,0.0027,"MAPK1,MAPK14,MAPK3,MAPK8"
WikiPathways,WP585,Interferon type I signaling pathways,4,54,0.00054,0.0027,"MAPK14,PIK3CD,TYK2,PTPN11"
WikiPathways,WP2018,RANKL/RANK signaling pathway,4,55,0.00057,0.0029,"MAPK1,MAPK14,MAPK3,MAPK8"
WikiPathways,WP1539,Angiogenesis,3,23,0.00061,0.003,"MAPK1,MAPK14,KDR"
WikiPathways,WP262,Ebstein-Barr virus LMP1 signaling,3,23,0.00061,0.003,"MAPK1,HSP90AA1,MAPK8"
WikiPathways,WP2826,Cocaine metabolism,2,4,0.00061,0.003,"BCHE,CES2"
WikiPathways,WP4197,Immune response to tuberculosis,3,23,0.00061,0.003,"PTPN2,JAK2,TYK2"
WikiPathways,WP4396,Nonalcoholic fatty liver disease,6,154,0.00061,0.003,"PIK3CD,MAPK8,PPARA,IL6,NR1H4,NR1H3"
WikiPathways,WP712,Estrogen signaling pathway,3,23,0.00061,0.003,"MAPK1,MAPK14,ESR1"
WikiPathways,WP733,Serotonin receptor 2 and STAT3 signaling,2,4,0.00061,0.003,"JAK2,HTR2A"
WikiPathways,WP5115,Network map of SARS-CoV-2 signaling pathway,7,218,0.00065,0.0031,"CTSD,CTSB,PTGS2,JAK2,MAPK8,IL6,NTRK1"
WikiPathways,WP1528,Physiological and pathological hypertrophy of the heart,3,24,0.00069,0.0032,"MAPK1,MAPK14,MAPK8"
WikiPathways,WP5074,Kallmann syndrome,3,24,0.00069,0.0032,"MAPK1,FGFR1,PTPN11"
WikiPathways,WP558,Complement and coagulation cascades,4,58,0.00069,0.0032,"F2,PLG,PLAU,F10"
WikiPathways,WP205,IL-7 signaling pathway,3,25,0.00077,0.0035,"MAPK1,MAPK3,JAK3"
WikiPathways,WP2878,PPAR-alpha pathway,3,26,0.00085,0.0039,"FABP1,PPARA,NR1H3"
WikiPathways,WP3929,Chemokine signaling pathway,6,165,0.00086,0.0039,"MAPK1,MAPK3,PIK3CD,JAK2,PIK3CG,JAK3"
WikiPathways,WP4818,Conversion of angiotensinogen to angiotensin II ,2,5,0.00085,0.0039,"CTSD,ACE"
WikiPathways,WP4767,FGFR3 signaling in chondrocyte proliferation and terminal differentiation,3,27,0.00094,0.0042,"MAPK1,MAPK14,MAPK3"
WikiPathways,WP5064,7-oxo-C and 7-beta-HC pathways,3,27,0.00094,0.0042,"HSD11B2,HSD11B1,EPHX2"
WikiPathways,WP5323,Fatty Acids and Lipoproteins Transport in Hepatocytes,9,380,0.00096,0.0043,"CYP51A1,FABP4,HMGCR,NPC1L1,FABP1,PPARD,ABL1,G6PD,PIK3CG"
WikiPathways,WP4313,Ferroptosis,4,64,0.00098,0.0044,"HMGCR,AKR1C3,AKR1C2,AKR1C1"
WikiPathways,WP3680,Physico-chemical features and toxicity-associated pathways,4,65,0.001,0.0045,"MAPK1,EGFR,MAPK8,PIK3CG"
WikiPathways,WP5316,Primary ovarian insufficiency,6,171,0.001,0.0045,"KDR,ESR2,CYP17A1,CYP19A1,IL6,ESR1"
WikiPathways,WP3931,Embryonic stem cell pluripotency pathways,5,116,0.0011,0.0049,"MAPK1,EGFR,PIK3CD,FGFR1,PTPN11"
WikiPathways,WP3972,PDGFR-beta pathway,3,29,0.0011,0.0049,"MAPK3,JAK2,MAPK8"
WikiPathways,WP4586,Metabolism of alpha-linolenic acid,2,6,0.0011,0.0049,"PTGS2,ALOX5"
WikiPathways,WP4721,Eicosanoid metabolism via lipooxygenases (LOX),3,29,0.0011,0.0049,"PPARD,ALOX5,PPARA"
WikiPathways,WP4685,Melanoma,4,68,0.0012,0.0052,"MAPK1,MAPK3,KDR,PIK3CD"
WikiPathways,WP4657,22q11.2 copy number variation syndrome,5,119,0.0013,0.0053,"EGFR,RORC,SREBF2,DRD2,FGFR1"
WikiPathways,WP5102,Familial partial lipodystrophy,3,30,0.0012,0.0053,"FABP4,PPARG,PPARA"
WikiPathways,WP2112,IL-17 signaling pathway,3,32,0.0015,0.0061,"MAPK1,MAPK3,JAK2"
WikiPathways,WP3995,Prion disease pathway,3,32,0.0015,0.0061,"MAPK1,MAPK3,FGFR1"
WikiPathways,WP4216,Chromosomal and microsatellite instability in colorectal cancer ,4,72,0.0015,0.0061,"MAPK1,MAPK3,PTGS2,MAPK8"
WikiPathways,WP422,MAPK cascade,3,32,0.0015,0.0061,"MAPK1,MAPK14,MAPK3"
WikiPathways,WP4927,"COVID-19, thrombosis and anticoagulation",2,7,0.0014,0.0061,"F2,PLG"
WikiPathways,WP5088,Prostaglandin signaling,3,32,0.0015,0.0061,"PTGES,IL6,PIK3CG"
WikiPathways,WP678,Arachidonate epoxygenase / epoxide hydrolase,2,7,0.0014,0.0061,"CYP2C9,EPHX2"
WikiPathways,WP4496,Signal transduction through IL1R,3,33,0.0016,0.0065,"MAPK14,MAPK8,IL6"
WikiPathways,WP4874,CAMKK2 pathway,3,33,0.0016,0.0065,"MAPK1,CHRM3,MAPK3"
WikiPathways,WP4880,Host-pathogen interaction of human coronaviruses - interferon induction,3,33,0.0016,0.0065,"MAPK14,MAPK8,TYK2"
WikiPathways,WP4949,16p11.2 proximal deletion syndrome,4,74,0.0016,0.0065,"NR3C1,MAPK3,PPARG,ESR1"
WikiPathways,WP5133,Non-classical role of vitamin D,2,8,0.0018,0.0071,"CYP27B1,ACE"
WikiPathways,WP3298,Melatonin metabolism and effects,3,35,0.0019,0.0074,"ACHE,CYP2C19,CYP2D6"
WikiPathways,WP34,Ovarian infertility,3,36,0.002,0.008,"PGR,ESR2,CYP19A1"
WikiPathways,WP5333,Cholesterol metabolism,3,36,0.002,0.008,"CYP51A1,HMGCR,NPC1L1"
WikiPathways,WP1531,Vitamin D metabolism,2,9,0.0022,0.0085,"CYP27B1,GC"
WikiPathways,WP4016,DNA IR-damage and cellular response via ATR,4,81,0.0022,0.0085,"POLB,CDK2,PRKDC,CHEK1"
WikiPathways,WP4329,miRNA role in immune response in sepsis,3,37,0.0022,0.0085,"MAPK14,MAPK8,IL6"
WikiPathways,WP4754,IL-18 signaling pathway,7,271,0.0022,0.0085,"MAPK1,KCNH2,MAPK3,NOS2,PTGS2,IL6,NR1H3"
WikiPathways,WP5269,Genetic causes of porto-sinusoidal vascular disease,3,37,0.0022,0.0085,"MAPK1,MAPK3,ESR1"
WikiPathways,WP619,Type II interferon signaling,3,37,0.0022,0.0085,"NOS2,JAK2,PTPN11"
WikiPathways,WP4298,Acute viral myocarditis,4,85,0.0026,0.01,"MAPK1,MAPK3,ABL1,IL6"
WikiPathways,WP2636,Common pathways underlying drug addiction,3,41,0.0029,0.0108,"MAPK1,MAPK3,DRD2"
WikiPathways,WP5221,2q11.2 copy number variation syndrome,3,41,0.0029,0.0108,"MAPK1,MAPK3,IL6"
WikiPathways,WP80,Nucleotide GPCRs,2,11,0.0031,0.0115,"ADORA3,ADORA2A"
WikiPathways,WP4136,Fibrin complement receptor 3 signaling pathway,3,43,0.0033,0.0121,"PLG,NOS2,IL6"
WikiPathways,WP5198,Inflammatory bowel disease signaling,3,43,0.0033,0.0121,"RORA,RORC,IL6"
WikiPathways,WP229,Irinotecan pathway,2,12,0.0036,0.0131,"BCHE,CES2"
WikiPathways,WP4389,Bile acids synthesis and enterohepatic circulation ,2,12,0.0036,0.0131,"MAPK1,MAPK3"
WikiPathways,WP4746,Thyroid hormones production and peripheral downstream signaling effects,4,93,0.0036,0.0131,"MAPK1,MAPK14,PPARG,FGFR1"
WikiPathways,WP5186,Vitamin K metabolism and activation of dependent proteins,2,12,0.0036,0.0131,"F2,F10"
WikiPathways,WP5191,Resolvin E1 and resolvin D1 signaling pathways promoting inflammation resolution,2,12,0.0036,0.0131,"PIK3CD,PIK3CG"
WikiPathways,WP3878,ATM signaling in development and disease ,3,45,0.0037,0.0132,"PRKDC,G6PD,CHEK1"
WikiPathways,WP4008,NO/cGMP/PKG mediated neuroprotection,3,46,0.0039,0.0139,"NOS2,PDE2A,PDE3A"
WikiPathways,WP4658,Small cell lung cancer,4,95,0.0039,0.0139,"CDK2,NOS2,PTGS2,PIK3CD"
WikiPathways,WP2814,Mammary gland development pathway - Puberty (Stage 2 of 4),2,13,0.0041,0.0145,"PGR,ESR1"
WikiPathways,WP2881,Estrogen receptor pathway,2,13,0.0041,0.0145,"PPARA,ESR1"
WikiPathways,WP3301,MFAP5-mediated ovarian cancer cell motility and invasiveness,2,13,0.0041,0.0145,"MAPK1,MAPK3"
WikiPathways,WP4239,Epithelial to mesenchymal transition in colorectal cancer,5,160,0.0044,0.0152,"MAPK1,MAPK14,MAPK3,PIK3CD,MAPK8"
WikiPathways,WP5055,Burn wound healing,4,100,0.0046,0.0161,"KDR,ACHE,IL6,FGFR1"
WikiPathways,WP4582,Cancer immunotherapy by CTLA4 blockade,2,14,0.0047,0.0162,"PIK3CD,PTPN11"
WikiPathways,WP1533,Vitamin B12 metabolism,3,50,0.0049,0.0167,"F2,PLG,IL6"
WikiPathways,WP4539,Synaptic signaling pathways associated with autism spectrum disorder,3,50,0.0049,0.0167,"MAPK1,MAPK3,PIK3CD"
WikiPathways,WP363,Wnt signaling pathway,3,51,0.0051,0.0175,"MAPK1,PPARG,MAPK8"
WikiPathways,WP1545,miRNAs involved in DNA damage response,2,15,0.0053,0.0179,"CDC25A,ABL1"
WikiPathways,WP197,Cholesterol biosynthesis pathway,2,15,0.0053,0.0179,"CYP51A1,HMGCR"
WikiPathways,WP3853,ERK pathway in Huntingtons disease,2,15,0.0053,0.0179,"MAPK1,EGFR"
WikiPathways,WP4589,Major receptors targeted by epinephrine and norepinephrine,2,16,0.0059,0.0198,"ADRA2A,ADRA2C"
WikiPathways,WP4321,Thermogenesis,4,108,0.006,0.0201,"MAPK14,PPARG,RPS6KA3,FGFR1"
WikiPathways,WP3959,DNA IR-double strand breaks and cellular response via ATM,3,55,0.0063,0.0208,"PRKDC,ABL1,CHEK1"
WikiPathways,WP3859,TGF-beta signaling in thyroid cells for epithelial-mesenchymal transition,2,17,0.0066,0.0218,"MAPK1,MAPK3"
WikiPathways,WP3874,Canonical and non-canonical TGF-B signaling,2,17,0.0066,0.0218,"MAPK14,MAPK8"
WikiPathways,WP3935,Leptin-insulin signaling overlap,2,17,0.0066,0.0218,"JAK2,PIK3CG"
WikiPathways,WP554,ACE inhibitor pathway,2,17,0.0066,0.0218,"ACE,NR3C2"
WikiPathways,WP3879,"4-hydroxytamoxifen, dexamethasone, and retinoic acids regulation of p27 expression",2,18,0.0073,0.0237,"MAPK1,MAPK3"
WikiPathways,WP4301,Inhibition of exosome biogenesis and secretion by Manumycin A in CRPC cells,2,18,0.0073,0.0237,"MAPK1,MAPK3"
WikiPathways,WP4560,MFAP5 effect on permeability and motility of endothelial cells via cytoskeleton rearrangement,2,18,0.0073,0.0237,"MAPK1,MAPK3"
WikiPathways,WP5061,Fatty acid transporters,2,18,0.0073,0.0237,"FABP4,FABP1"
WikiPathways,WP5193,Cholesterol synthesis disorders,2,18,0.0073,0.0237,"CYP51A1,HMGCR"
WikiPathways,WP697,Estrogen metabolism,2,18,0.0073,0.0237,"STS,UGT2B7"
WikiPathways,WP4478,LTF danger signal response pathway,2,19,0.008,0.0254,"MAPK1,IL6"
WikiPathways,WP3640,Imatinib and chronic myeloid leukemia,2,20,0.0088,0.0278,"ABL1,ABCB1"
WikiPathways,WP3927,BMP signaling in eyelid development,2,20,0.0088,0.0278,"MAPK3,EGFR"
WikiPathways,WP4970,Galanin receptor pathway,2,20,0.0088,0.0278,"PPARG,IL6"
WikiPathways,WP5149,Lipid metabolism in senescent cells,2,20,0.0088,0.0278,"PTGS2,ALOX5"
WikiPathways,WP1602,Nicotine effect on dopaminergic neurons,2,21,0.0096,0.0298,"DRD2,DRD3"
WikiPathways,WP1403,AMP-activated protein kinase signaling,3,67,0.0105,0.0322,"HMGCR,PIK3CD,PIK3CG"
WikiPathways,WP1584,Type II diabetes mellitus,2,22,0.0104,0.0322,"MAPK1,MAPK8"
WikiPathways,WP176,Folate metabolism,3,67,0.0105,0.0322,"F2,PLG,IL6"
WikiPathways,WP5046,NAD metabolism in oncogene-induced senescence and mitochondrial dysfunction-associated senescence,2,22,0.0104,0.0322,"G6PD,IL6"
WikiPathways,WP5294,Sildenafil treatment,2,22,0.0104,0.0322,"NOS2,PDE4D"
WikiPathways,WP3612,Photodynamic therapy-induced NFE2L2 (NRF2) survival signaling,2,23,0.0113,0.0342,"MAPK14,MAPK8"
WikiPathways,WP366,TGF-beta signaling pathway,4,132,0.0117,0.0355,"MAPK1,MAPK14,MET,MAPK8"
WikiPathways,WP5272,LDL- influence on CD14 and TLR4,2,24,0.0121,0.0366,"MAPK14,IL6"
WikiPathways,WP24,Peptide GPCRs,3,72,0.0127,0.038,"TACR2,HCRTR1,OPRM1"
WikiPathways,WP4674,Head and neck squamous cell carcinoma,3,72,0.0127,0.038,"EGFR,FGFR1,PIK3CG"
WikiPathways,WP5304,Cholesterol metabolism,3,72,0.0127,0.038,"CYP51A1,HMGCR,NPC1L1"
WikiPathways,WP1981,Thyroxine (thyroid hormone) production,2,25,0.0131,0.0388,"MAPK1,MAPK3"
WikiPathways,WP26,S1P receptor signal transduction,2,25,0.0131,0.0388,"MAPK1,MAPK3"
WikiPathways,WP3658,Wnt/beta-catenin signaling pathway in leukemia,2,26,0.014,0.0413,"FLT3,PPARD"
WikiPathways,WP5083,Neuroinflammation and glutamatergic signaling,4,140,0.0142,0.0418,"MAPK1,MAPK3,GLUL,IL6"
WikiPathways,WP5183,SARS-CoV-2 mitochondrial chronic oxidative stress and endothelial dysfunction,2,27,0.015,0.0438,"ACE,IL6"
WikiPathways,WP5231,Hippocampal synaptogenesis and neurogenesis,2,27,0.015,0.0438,"MAPK1,MAPK14"
WikiPathways,WP4969,RAS and bradykinin pathways in COVID-19,2,28,0.016,0.0464,"MAPK1,ACE"
WikiPathways,WP5036,Angiotensin II receptor type 1 pathway,2,28,0.016,0.0464,"MAPK1,PTPN11"
WikiPathways,WP5121,Sphingolipid metabolism in senescence,2,28,0.016,0.0464,"MAPK1,CDK2"
HPO,EFO:0004747,Protein measurement,75,5856,1.41e-11,1.38e-07,"MAPK1,CYP27B1,NR3C1,CTSD,FLT3,CHRM3,RORA,MAPK3,KDR,BCHE,POLB,CDK2,EGFR,CA2,PPARG,HMGCR,NPC1L1,ACE,FABP1,CDC25A,UGT2B7,F2,PLG,ADAM17,PPARD,PTPN2,PRKDC,MET,BACE1,RORC,CACNA1H,HSP90AA1,NR1I2,SERPINA6,ESR2,PDE4D,CTSB,NR3C2,PDE3A,SREBF2,TOP1,PTGS1,PTPN1,ABL1,PLAU,ALOX5,AR,HSD17B3,F10,GABBR1,RPS6KA3,SHBG,AKR1C3,AKR1C1,JAK2,G6PD,CYP19A1,HCRTR1,PPARA,PDE7A,IL6,TBXAS1,OPRM1,ESR1,GC,EPHX2,CA1,HTR2A,NR1H4,SRD5A2,NR1H3,ABCB1,PTPN11,PREP,NR1H2"
HPO,HP:0001939,Abnormality of metabolism/homeostasis,43,2168,1.13e-11,1.38e-07,"MAPK1,CSNK2A1,STS,CYP27B1,NR3C1,CTSD,CYP2C9,KCNH2,BCHE,SLC6A3,CA2,PPARG,CYP11B1,GLUL,F2,PLG,HSD11B2,MET,SERPINA6,PDE4D,NR3C2,HSD11B1,CYP17A1,ABL1,AR,HSD17B3,F10,PIK3CD,POLA1,JAK2,G6PD,CYP19A1,FGFR1,OPRM1,ESR1,GC,NTRK1,TYK2,JAK3,NR1H4,SRD5A2,PTPN11,CYP2D6"
HPO,HP:0000118,Phenotypic abnormality,67,5129,2.52e-10,1.03e-06,"MAPK1,CSNK2A1,STS,SLC6A2,HSD17B1,CYP27B1,NR3C1,CTSD,FLT3,CHRM3,CYP2C9,RORA,KCNH2,KDR,BCHE,SLC6A3,EGFR,SIGMAR1,CA2,PPARG,ACE,CYP11B1,GLUL,F2,PLG,ADAM17,PRKDC,HSD11B2,MET,RORC,CACNA1H,PDE2A,DYRK1A,SERPINA6,ESR2,PDE4D,CTSB,NR3C2,PDE3A,TOP1,HSD11B1,CYP17A1,ABL1,PLAU,AR,HSD17B3,F10,PIK3CD,POLA1,RPS6KA3,AKR1C2,JAK2,G6PD,CYP19A1,TBXAS1,FGFR1,OPRM1,ESR1,GC,NTRK1,TYK2,JAK3,NR1H4,SRD5A2,ABCB1,PTPN11,CYP2D6"
HPO,HP:0002715,Abnormality of the immune system,35,1682,5.08e-10,1.55e-06,"MAPK1,CSNK2A1,HSD17B1,NR3C1,FLT3,CHRM3,RORA,BCHE,EGFR,CA2,PPARG,CYP11B1,GLUL,F2,PLG,ADAM17,PRKDC,MET,RORC,DYRK1A,PDE4D,CTSB,ABL1,AR,PIK3CD,POLA1,JAK2,G6PD,TBXAS1,FGFR1,ESR1,NTRK1,TYK2,JAK3,PTPN11"
HPO,HP:0000951,Abnormality of the skin,37,1888,7.22e-10,1.76e-06,"MAPK1,STS,HSD17B1,CYP27B1,NR3C1,CHRM3,RORA,EGFR,PPARG,CYP11B1,GLUL,F2,PLG,ADAM17,MET,RORC,CACNA1H,DYRK1A,PDE4D,CTSB,HSD11B1,ABL1,PLAU,AR,F10,PIK3CD,POLA1,RPS6KA3,JAK2,G6PD,CYP19A1,FGFR1,ESR1,NTRK1,JAK3,NR1H4,PTPN11"
HPO,HP:0001626,Abnormality of the cardiovascular system,42,2438,1.67e-09,3.4e-06,"MAPK1,CSNK2A1,NR3C1,CHRM3,KCNH2,KDR,BCHE,EGFR,CA2,PPARG,ACE,CYP11B1,GLUL,F2,PLG,ADAM17,HSD11B2,MET,RORC,CACNA1H,DYRK1A,SERPINA6,PDE4D,CTSB,NR3C2,PDE3A,CYP17A1,ABL1,PLAU,F10,PIK3CD,POLA1,RPS6KA3,JAK2,G6PD,TBXAS1,FGFR1,ESR1,NTRK1,JAK3,ABCB1,PTPN11"
HPO,HP:0001574,Abnormality of the integument,40,2266,2.4e-09,4.19e-06,"MAPK1,CSNK2A1,STS,HSD17B1,CYP27B1,NR3C1,CHRM3,RORA,EGFR,PPARG,CYP11B1,GLUL,F2,PLG,ADAM17,MET,RORC,CACNA1H,DYRK1A,PDE4D,CTSB,HSD11B1,CYP17A1,ABL1,PLAU,AR,F10,PIK3CD,POLA1,RPS6KA3,JAK2,G6PD,CYP19A1,FGFR1,ESR1,NTRK1,JAK3,NR1H4,SRD5A2,PTPN11"
HPO,EFO:0004529,Lipid measurement,41,2400,3.63e-09,5.53e-06,"CYP27B1,FLT3,CHRM3,RORA,SLC6A3,PPARG,HMGCR,NPC1L1,CYP11B1,CDC25A,UGT2B7,F2,PLG,PTPN2,MET,BACE1,PDE2A,NR1I2,ESR2,PDE4D,CTSB,PDE3A,TOP1,DRD2,CYP17A1,AR,SHBG,JAK2,CYP19A1,PPARA,PDE7A,OPRM1,CHRM2,ESR1,GC,TYK2,HTR2A,NR1H4,NR1H3,PTPN11,PREP"
HPO,EFO:0005105,Lipid or lipoprotein measurement,42,2526,4.79e-09,6.49e-06,"CYP27B1,FLT3,CHRM3,RORA,SLC6A3,PPARG,HMGCR,NPC1L1,CYP11B1,CDC25A,UGT2B7,F2,PLG,PTPN2,MET,BACE1,PDE2A,NR1I2,ESR2,PDE4D,CTSB,PDE3A,TOP1,DRD2,CYP17A1,AR,SHBG,JAK2,CYP19A1,PPARA,PDE7A,IL6,OPRM1,CHRM2,ESR1,GC,TYK2,HTR2A,NR1H4,NR1H3,PTPN11,PREP"
HPO,HP:0000140,Abnormality of the menstrual cycle,13,228,5.62e-09,6.86e-06,"NR3C1,PPARG,CYP11B1,F2,PDE4D,CYP17A1,PLAU,AR,F10,CYP19A1,FGFR1,ESR1,PTPN11"
HPO,HP:0002597,Abnormality of the vasculature,33,1673,6.78e-09,7.52e-06,"MAPK1,NR3C1,CHRM3,KDR,EGFR,CA2,PPARG,CYP11B1,GLUL,F2,PLG,ADAM17,HSD11B2,MET,RORC,DYRK1A,CTSB,PDE3A,ABL1,PLAU,F10,PIK3CD,POLA1,RPS6KA3,JAK2,G6PD,TBXAS1,FGFR1,ESR1,NTRK1,JAK3,ABCB1,PTPN11"
HPO,HP:0000119,Abnormality of the genitourinary system,38,2189,1.1e-08,1.09e-05,"MAPK1,STS,CYP27B1,NR3C1,CHRM3,RORA,SIGMAR1,CA2,PPARG,ACE,CYP11B1,F2,PLG,PRKDC,HSD11B2,MET,CACNA1H,DYRK1A,PDE4D,NR3C2,CYP17A1,ABL1,PLAU,AR,HSD17B3,F10,PIK3CD,POLA1,RPS6KA3,AKR1C2,G6PD,CYP19A1,FGFR1,ESR1,NTRK1,JAK3,SRD5A2,PTPN11"
HPO,HP:0010978,Abnormality of immune system physiology,29,1347,1.07e-08,1.09e-05,"MAPK1,CSNK2A1,HSD17B1,NR3C1,CHRM3,RORA,BCHE,EGFR,PPARG,CYP11B1,GLUL,PLG,ADAM17,PRKDC,MET,RORC,DYRK1A,PDE4D,CTSB,AR,PIK3CD,POLA1,JAK2,TBXAS1,FGFR1,ESR1,NTRK1,TYK2,JAK3"
HPO,HP:0030972,Abnormal systemic blood pressure,15,369,2.79e-08,2.43e-05,"NR3C1,PPARG,ACE,CYP11B1,F2,HSD11B2,MET,CACNA1H,SERPINA6,PDE4D,NR3C2,PDE3A,CYP17A1,JAK2,NTRK1"
HPO,EFO:0004586,Complete blood cell count,43,2849,5.05e-08,3.85e-05,"CYP27B1,NR3C1,FLT3,CDC25B,CHRM3,RORA,EGFR,PPARG,F2,PLG,PPARD,PTPN2,MET,NOS2,CACNA1H,NR1I2,DYRK1A,ESR2,CTSB,NR3C2,PDE3A,TOP1,CYP17A1,CYP2C19,PTPN1,ABL1,ALOX5,GABBR1,PIK3CD,POLA1,JAK2,G6PD,CYP19A1,PPARA,IL6,TBXAS1,TOP2A,GC,GPBAR1,NTRK1,TYK2,NR1H3,PTPN11"
HPO,HP:0012243,Abnormal reproductive system morphology,25,1117,6.51e-08,4.67e-05,"MAPK1,STS,NR3C1,CHRM3,RORA,PPARG,CYP11B1,F2,PLG,PRKDC,DYRK1A,PDE4D,CYP17A1,ABL1,AR,HSD17B3,POLA1,RPS6KA3,AKR1C2,CYP19A1,FGFR1,ESR1,JAK3,SRD5A2,PTPN11"
HPO,EFO:0004308,Leukocyte count,35,2057,8.37e-08,5.67e-05,"CYP27B1,NR3C1,FLT3,RORA,EGFR,PPARG,F2,PPARD,PTPN2,MET,NOS2,CACNA1H,NR1I2,DYRK1A,CTSB,NR3C2,PDE3A,CYP2C19,PTPN1,ABL1,ALOX5,GABBR1,PIK3CD,JAK2,CYP19A1,PPARA,IL6,TBXAS1,TOP2A,GC,GPBAR1,NTRK1,TYK2,NR1H3,PTPN11"
HPO,EFO:0004908,Testosterone measurement,16,465,8.65e-08,5.67e-05,"CYP27B1,RORA,PPARG,CYP11B1,UGT2B7,PDE2A,ESR2,CYP17A1,AR,SHBG,CYP19A1,PPARA,OPRM1,ESR1,TYK2,NR1H4"
HPO,EFO:0004730,Hormone measurement,29,1527,1.55e-07,9.2e-05,"CYP27B1,NR3C1,RORA,POLB,PPARG,CYP11B1,UGT2B7,PDE2A,ESR2,PDE4D,PDE3A,SREBF2,TOP1,DRD2,CYP17A1,PTPN1,AR,RPS6KA3,SHBG,AKR1C3,JAK2,CYP19A1,HCRTR1,PPARA,OPRM1,ESR1,TYK2,NR1H4,NR1H3"
HPO,EFO:0007937,Blood protein measurement,32,1810,1.52e-07,9.2e-05,"CTSD,FLT3,RORA,MAPK3,KDR,BCHE,CDK2,CA2,ACE,FABP1,CDC25A,F2,PLG,MET,BACE1,RORC,CACNA1H,HSP90AA1,PDE4D,CTSB,ABL1,PLAU,F10,SHBG,AKR1C1,ESR1,GC,HTR2A,SRD5A2,ABCB1,PTPN11,PREP"
HPO,HP:0010460,Abnormality of the female genitalia,15,422,1.51e-07,9.2e-05,"NR3C1,CHRM3,PPARG,CYP11B1,PLG,PDE4D,CYP17A1,AR,RPS6KA3,CYP19A1,FGFR1,ESR1,JAK3,SRD5A2,PTPN11"
HPO,HP:0011025,Abnormal cardiovascular system physiology,25,1169,1.53e-07,9.2e-05,"MAPK1,NR3C1,KCNH2,BCHE,PPARG,ACE,CYP11B1,GLUL,F2,HSD11B2,MET,CACNA1H,DYRK1A,SERPINA6,PDE4D,NR3C2,PDE3A,CYP17A1,PLAU,F10,RPS6KA3,JAK2,FGFR1,NTRK1,PTPN11"
HPO,EFO:0005278,Cardiovascular disease biomarker measurement,36,2228,1.85e-07,9.38e-05,"CYP51A1,FLT3,CHRM3,RORA,SLC6A4,KCNH2,POLB,SLC6A3,PPARG,HMGCR,NPC1L1,ACHE,UGT2B7,PLG,MET,BACE1,NR1I2,NR3C2,PDE3A,TOP1,DRD2,CYP17A1,CYP2C19,AR,SHBG,JAK2,PPARA,IL6,FGFR1,CHRM2,ESR1,NR1H4,NR1H3,PTPN11,PREP,NR1H2"
HPO,HP:0000078,Abnormality of the genital system,27,1358,1.87e-07,9.38e-05,"MAPK1,STS,NR3C1,CHRM3,RORA,PPARG,CYP11B1,F2,PLG,PRKDC,DYRK1A,PDE4D,CYP17A1,ABL1,PLAU,AR,HSD17B3,F10,POLA1,RPS6KA3,AKR1C2,CYP19A1,FGFR1,ESR1,JAK3,SRD5A2,PTPN11"
HPO,HP:0011276,Vascular skin abnormality,15,433,2.08e-07,9.74e-05,"MAPK1,EGFR,PPARG,GLUL,F2,ADAM17,CTSB,ABL1,PLAU,F10,POLA1,RPS6KA3,JAK2,NTRK1,PTPN11"
HPO,EFO:0004298,Cardiovascular measurement,37,2378,3.01e-07,0.00014,"CYP51A1,FLT3,CHRM3,RORA,SLC6A4,KCNH2,POLB,SLC6A3,PPARG,HMGCR,NPC1L1,ACHE,UGT2B7,PLG,MET,BACE1,NR1I2,NR3C2,PDE3A,TOP1,DRD2,CYP17A1,CYP2C19,AR,SHBG,JAK2,PPARA,IL6,FGFR1,CHRM2,ESR1,NTRK1,NR1H4,NR1H3,PTPN11,PREP,NR1H2"
HPO,HP:0002924,Obsolete Decreased circulating aldosterone level,5,19,3.99e-07,0.00017,"NR3C1,CYP11B1,HSD11B2,NR3C2,CYP17A1"
HPO,HP:0012649,Increased inflammatory response,22,981,4.39e-07,0.00018,"MAPK1,HSD17B1,NR3C1,RORA,EGFR,PPARG,CYP11B1,PLG,ADAM17,PRKDC,MET,RORC,DYRK1A,CTSB,AR,PIK3CD,POLA1,JAK2,FGFR1,ESR1,NTRK1,JAK3"
HPO,HP:0000818,Abnormality of the endocrine system,23,1070,4.78e-07,0.00019,"CYP27B1,NR3C1,PPARG,CYP11B1,F2,HSD11B2,MET,RORC,DYRK1A,ESR2,PDE4D,NR3C2,HSD11B1,CYP17A1,AR,HSD17B3,POLA1,CYP19A1,FGFR1,ESR1,NTRK1,SRD5A2,PTPN11"
HPO,HP:0030087,Abnormal circulating testosterone concentration,7,69,5.98e-07,0.00023,"NR3C1,CYP11B1,F2,CYP17A1,AR,POLA1,FGFR1"
HPO,HP:0000008,Abnormal morphology of female internal genitalia,13,355,7.77e-07,0.00028,"CHRM3,PPARG,CYP11B1,PLG,CYP17A1,AR,RPS6KA3,CYP19A1,FGFR1,ESR1,JAK3,SRD5A2,PTPN11"
HPO,HP:0000062,Ambiguous genitalia,8,106,7.51e-07,0.00028,"NR3C1,CYP11B1,CYP17A1,AR,HSD17B3,AKR1C2,CYP19A1,SRD5A2"
HPO,HP:0000079,Abnormality of the urinary system,29,1657,8.27e-07,0.00029,"MAPK1,CYP27B1,CHRM3,RORA,SIGMAR1,CA2,ACE,CYP11B1,F2,PLG,HSD11B2,MET,CACNA1H,DYRK1A,PDE4D,NR3C2,CYP17A1,ABL1,AR,HSD17B3,F10,PIK3CD,POLA1,RPS6KA3,G6PD,FGFR1,NTRK1,SRD5A2,PTPN11"
HPO,HP:0032263,Increased blood pressure,12,303,9.61e-07,0.00033,"NR3C1,PPARG,CYP11B1,F2,HSD11B2,MET,CACNA1H,SERPINA6,NR3C2,PDE3A,CYP17A1,JAK2"
HPO,HP:0010929,Abnormal blood cation concentration,11,250,1.04e-06,0.00034,"CYP27B1,NR3C1,KCNH2,CYP11B1,F2,HSD11B2,MET,PDE4D,NR3C2,CYP17A1,FGFR1"
HPO,HP:0003351,Decreased circulating renin level,4,9,1.13e-06,0.00036,"CYP11B1,HSD11B2,NR3C2,CYP17A1"
HPO,HP:0000811,Abnormal external genitalia,21,967,1.38e-06,0.00042,"MAPK1,STS,NR3C1,CHRM3,RORA,PPARG,CYP11B1,F2,PRKDC,DYRK1A,PDE4D,CYP17A1,ABL1,AR,HSD17B3,POLA1,AKR1C2,CYP19A1,FGFR1,SRD5A2,PTPN11"
HPO,HP:0000080,Abnormality of reproductive system physiology,17,659,1.68e-06,0.0005,"NR3C1,CHRM3,PPARG,CYP11B1,F2,PDE4D,CYP17A1,PLAU,AR,HSD17B3,F10,POLA1,CYP19A1,FGFR1,ESR1,SRD5A2,PTPN11"
HPO,HP:0000707,Abnormality of the nervous system,45,3471,1.75e-06,0.00051,"MAPK1,CSNK2A1,STS,SLC6A2,CYP27B1,NR3C1,CTSD,CHRM3,RORA,KCNH2,BCHE,SLC6A3,SIGMAR1,CA2,PPARG,ACE,CYP11B1,GLUL,F2,PLG,PRKDC,HSD11B2,MET,CACNA1H,PDE2A,DYRK1A,PDE4D,PDE3A,TOP1,CYP17A1,ABL1,AR,F10,PIK3CD,POLA1,RPS6KA3,JAK2,TBXAS1,FGFR1,ESR1,NTRK1,JAK3,ABCB1,PTPN11,CYP2D6"
HPO,HP:0011354,Generalized abnormality of skin,19,821,1.89e-06,0.00053,"MAPK1,EGFR,PPARG,GLUL,F2,ADAM17,MET,CTSB,ABL1,PLAU,F10,POLA1,RPS6KA3,JAK2,G6PD,FGFR1,NTRK1,NR1H4,PTPN11"
HPO,HP:0000137,Abnormality of the ovary,9,165,1.96e-06,0.00054,"PPARG,CYP11B1,PLG,CYP17A1,AR,CYP19A1,FGFR1,ESR1,PTPN11"
HPO,HP:0000771,Gynecomastia,7,84,2.05e-06,0.00055,"CYP11B1,F2,CYP17A1,AR,HSD17B3,CYP19A1,FGFR1"
HPO,HP:0000858,Irregular menstruation,5,28,2.13e-06,0.00056,"NR3C1,PPARG,CYP11B1,PDE4D,CYP17A1"
HPO,HP:0000812,Abnormal internal genitalia,13,391,2.19e-06,0.00057,"CHRM3,PPARG,CYP11B1,PLG,CYP17A1,AR,RPS6KA3,CYP19A1,FGFR1,ESR1,JAK3,SRD5A2,PTPN11"
HPO,HP:0011121,Abnormality of skin morphology,28,1648,2.37e-06,0.0006,"MAPK1,STS,EGFR,PPARG,CYP11B1,GLUL,F2,ADAM17,MET,CACNA1H,PDE4D,CTSB,HSD11B1,ABL1,PLAU,F10,PIK3CD,POLA1,RPS6KA3,JAK2,G6PD,CYP19A1,FGFR1,ESR1,NTRK1,JAK3,NR1H4,PTPN11"
HPO,HP:0031065,Abnormal ovarian morphology,8,125,2.41e-06,0.0006,"PPARG,CYP11B1,CYP17A1,AR,CYP19A1,FGFR1,ESR1,PTPN11"
HPO,HP:0012337,Abnormal homeostasis,24,1275,2.61e-06,0.00064,"MAPK1,NR3C1,CA2,PPARG,F2,HSD11B2,MET,PDE4D,NR3C2,HSD11B1,CYP17A1,ABL1,AR,PIK3CD,POLA1,JAK2,G6PD,CYP19A1,FGFR1,OPRM1,ESR1,NTRK1,NR1H4,PTPN11"
HPO,EFO:0007010,Drug use measurement,13,403,3.02e-06,0.00071,"CYP27B1,FLT3,RORA,PPARG,HMGCR,ACE,MET,RORC,AKR1B10,TOP1,SHBG,TYK2,PTPN11"
HPO,EFO:0007988,Myeloid white cell count,25,1390,3.46e-06,0.00077,"CYP27B1,NR3C1,FLT3,RORA,PPARG,PTPN2,MET,NOS2,CACNA1H,DYRK1A,CTSB,NR3C2,PDE3A,PTPN1,ABL1,GABBR1,JAK2,CYP19A1,PPARA,IL6,TBXAS1,TOP2A,GC,TYK2,PTPN11"
HPO,HP:0000028,Cryptorchidism,16,619,3.41e-06,0.00077,"MAPK1,STS,CHRM3,RORA,DYRK1A,PDE4D,CYP17A1,ABL1,AR,HSD17B3,POLA1,AKR1C2,CYP19A1,FGFR1,SRD5A2,PTPN11"
HPO,HP:0010930,Abnormal blood monovalent inorganic cation concentration,8,131,3.36e-06,0.00077,"NR3C1,KCNH2,CYP11B1,HSD11B2,MET,NR3C2,CYP17A1,FGFR1"
HPO,EFO:0011008,Sex hormone measurement,20,944,3.65e-06,0.0008,"CYP27B1,NR3C1,RORA,PPARG,CYP11B1,UGT2B7,PDE2A,ESR2,PDE3A,TOP1,CYP17A1,AR,RPS6KA3,SHBG,CYP19A1,PPARA,OPRM1,ESR1,TYK2,NR1H4"
HPO,HP:0011123,Inflammatory abnormality of the skin,14,479,3.75e-06,0.0008,"HSD17B1,NR3C1,RORA,EGFR,CYP11B1,ADAM17,RORC,DYRK1A,CTSB,AR,PIK3CD,JAK2,ESR1,JAK3"
HPO,HP:0001871,Abnormality of blood and blood-forming tissues,23,1214,3.93e-06,0.00081,"MAPK1,CSNK2A1,FLT3,CHRM3,CYP2C9,CA2,CYP11B1,F2,PLG,MET,PDE4D,ABL1,PLAU,F10,PIK3CD,JAK2,G6PD,TBXAS1,NTRK1,TYK2,JAK3,NR1H4,PTPN11"
HPO,HP:0000035,Abnormal testis morphology,18,793,4.7e-06,0.00096,"MAPK1,STS,CHRM3,RORA,CYP11B1,F2,DYRK1A,PDE4D,CYP17A1,ABL1,AR,HSD17B3,POLA1,AKR1C2,CYP19A1,FGFR1,SRD5A2,PTPN11"
HPO,HP:0003117,Abnormal circulating hormone concentration,12,357,4.94e-06,0.00099,"CYP27B1,NR3C1,PPARG,CYP11B1,F2,HSD11B2,PDE4D,CYP17A1,AR,POLA1,FGFR1,ESR1"
HPO,EFO:0004732,Lipoprotein measurement,25,1426,5.38e-06,0.0011,"FLT3,RORA,PPARG,HMGCR,NPC1L1,CDC25A,UGT2B7,F2,PLG,BACE1,NR1I2,ESR2,PDE4D,PDE3A,TOP1,AR,SHBG,JAK2,PPARA,IL6,OPRM1,HTR2A,NR1H4,NR1H3,PTPN11"
HPO,HP:0011042,Abnormal blood potassium concentration,7,99,5.68e-06,0.0011,"NR3C1,KCNH2,CYP11B1,HSD11B2,MET,NR3C2,CYP17A1"
HPO,HP:0000144,Decreased fertility,10,245,6.23e-06,0.0012,"NR3C1,CHRM3,F2,CYP17A1,AR,HSD17B3,CYP19A1,FGFR1,SRD5A2,PTPN11"
HPO,HP:0002900,Hypokalemia,6,67,7.69e-06,0.0014,"NR3C1,KCNH2,CYP11B1,HSD11B2,MET,CYP17A1"
HPO,HP:0025031,Abnormality of the digestive system,34,2389,7.65e-06,0.0014,"MAPK1,CSNK2A1,CYP27B1,CHRM3,RORA,BCHE,SLC6A3,EGFR,SIGMAR1,CA2,PPARG,CYP11B1,F2,PLG,ADAM17,MET,DYRK1A,NR3C2,ABL1,AR,F10,PIK3CD,POLA1,RPS6KA3,JAK2,G6PD,CYP19A1,TBXAS1,FGFR1,ESR1,NTRK1,JAK3,NR1H4,PTPN11"
HPO,HP:0025142,Constitutional symptom,19,906,7.59e-06,0.0014,"CYP27B1,NR3C1,KCNH2,SIGMAR1,CA2,PPARG,F2,MET,CACNA1H,SERPINA6,ABL1,RPS6KA3,JAK2,G6PD,CYP19A1,FGFR1,ESR1,NTRK1,PTPN11"
HPO,HP:0025032,Abnormality of digestive system physiology,28,1763,8.43e-06,0.0015,"MAPK1,CSNK2A1,CYP27B1,CHRM3,RORA,SLC6A3,EGFR,SIGMAR1,CYP11B1,F2,ADAM17,MET,DYRK1A,NR3C2,ABL1,AR,F10,PIK3CD,POLA1,RPS6KA3,JAK2,G6PD,FGFR1,ESR1,NTRK1,JAK3,NR1H4,PTPN11"
HPO,HP:0000822,Hypertension,10,256,9.02e-06,0.0016,"NR3C1,PPARG,CYP11B1,HSD11B2,CACNA1H,SERPINA6,NR3C2,PDE3A,CYP17A1,JAK2"
HPO,EFO:0004503,Hematological measurement,52,4592,1.07e-05,0.0018,"CYP51A1,CYP27B1,NR3C1,FLT3,CDC25B,CHRM3,RORA,SLC6A4,EGFR,PPARG,F2,PLG,PPARD,PTPN2,PRKDC,MET,BACE1,NOS2,CACNA1H,NR1I2,DYRK1A,ESR2,CTSB,NR3C2,PDE3A,TOP1,NR1I3,CYP17A1,CYP2C19,PTPN1,ABL1,ALOX5,F10,GABBR1,PIK3CD,POLA1,SHBG,JAK2,G6PD,CYP19A1,PPARA,IL6,TBXAS1,FGFR1,TOP2A,GC,CA1,GPBAR1,NTRK1,TYK2,NR1H3,PTPN11"
HPO,EFO:0007987,Granulocyte count,23,1288,1.02e-05,0.0018,"CYP27B1,NR3C1,FLT3,RORA,PPARG,PTPN2,MET,NOS2,CACNA1H,DYRK1A,CTSB,NR3C2,PTPN1,GABBR1,JAK2,CYP19A1,PPARA,IL6,TBXAS1,TOP2A,GC,TYK2,PTPN11"
HPO,HP:0000306,Abnormality of the chin,10,261,1.06e-05,0.0018,"MAPK1,CA2,PPARG,PRKDC,PDE4D,ABL1,PIK3CD,RPS6KA3,FGFR1,PTPN11"
HPO,HP:0011122,Abnormality of skin physiology,14,524,1.01e-05,0.0018,"HSD17B1,NR3C1,RORA,EGFR,CYP11B1,ADAM17,RORC,DYRK1A,CTSB,AR,PIK3CD,JAK2,ESR1,JAK3"
HPO,HP:0000032,Abnormality of male external genitalia,19,933,1.14e-05,0.0019,"MAPK1,STS,CHRM3,RORA,CYP11B1,F2,PRKDC,DYRK1A,PDE4D,CYP17A1,ABL1,AR,HSD17B3,POLA1,AKR1C2,CYP19A1,FGFR1,SRD5A2,PTPN11"
HPO,HP:0000927,Abnormality of skeletal maturation,11,327,1.24e-05,0.002,"PPARG,CYP11B1,PDE4D,HSD11B1,CYP17A1,POLA1,RPS6KA3,CYP19A1,FGFR1,ESR1,PTPN11"
HPO,HP:0008373,Puberty and gonadal disorders,14,536,1.3e-05,0.0021,"NR3C1,PPARG,CYP11B1,F2,PDE4D,HSD11B1,CYP17A1,AR,HSD17B3,POLA1,CYP19A1,FGFR1,ESR1,PTPN11"
HPO,EFO:0004587,Lymphocyte count,16,694,1.38e-05,0.0022,"NR3C1,FLT3,EGFR,F2,PPARD,PTPN2,NR1I2,NR3C2,CYP2C19,PTPN1,ABL1,CYP19A1,GC,NTRK1,TYK2,NR1H3"
HPO,HP:0031093,Abnormal breast morphology,11,332,1.42e-05,0.0022,"CYP11B1,F2,DYRK1A,CYP17A1,AR,HSD17B3,PIK3CD,CYP19A1,FGFR1,ESR1,PTPN11"
HPO,HP:0001595,Abnormal hair morphology,20,1040,1.48e-05,0.0023,"MAPK1,CSNK2A1,CYP27B1,NR3C1,EGFR,PPARG,CYP11B1,F2,ADAM17,PDE4D,CYP17A1,AR,PIK3CD,POLA1,RPS6KA3,CYP19A1,FGFR1,NTRK1,SRD5A2,PTPN11"
HPO,HP:0000795,Abnormality of the urethra,11,345,2e-05,0.003,"CHRM3,DYRK1A,PDE4D,CYP17A1,ABL1,AR,HSD17B3,POLA1,FGFR1,SRD5A2,PTPN11"
HPO,HP:0011458,Abdominal symptom,24,1448,2.14e-05,0.0031,"CSNK2A1,CYP27B1,CHRM3,RORA,SLC6A3,EGFR,SIGMAR1,CYP11B1,F2,ADAM17,MET,DYRK1A,NR3C2,ABL1,PIK3CD,POLA1,RPS6KA3,JAK2,G6PD,FGFR1,ESR1,NTRK1,JAK3,PTPN11"
HPO,HP:0012029,Abnormal urine hormone level,3,6,2.15e-05,0.0031,"NR3C1,CYP11B1,CYP17A1"
HPO,EFO:0004627,IGF-1 measurement,9,227,2.3e-05,0.0033,"PPARG,ESR2,PDE4D,SREBF2,PTPN1,JAK2,OPRM1,ESR1,NR1H3"
HPO,HP:0000147,Polycystic ovaries,5,48,2.32e-05,0.0033,"PPARG,CYP11B1,CYP17A1,CYP19A1,ESR1"
HPO,EFO:0004574,Total cholesterol measurement,13,497,2.65e-05,0.0037,"FLT3,RORA,PPARG,HMGCR,NPC1L1,UGT2B7,BACE1,NR1I2,TOP1,SHBG,JAK2,PPARA,PTPN11"
HPO,EFO:0004842,Eosinophil count,16,734,2.7e-05,0.0037,"CYP27B1,FLT3,RORA,PPARG,PTPN2,NOS2,CACNA1H,DYRK1A,PTPN1,GABBR1,JAK2,PPARA,IL6,TBXAS1,GC,PTPN11"
HPO,EFO:0006843,Infectious disease biomarker,20,1087,2.76e-05,0.0037,"NR3C1,FLT3,EGFR,F2,PPARD,PTPN2,NR1I2,PDE4D,NR3C2,CYP2C19,PTPN1,ABL1,GABBR1,CYP19A1,OPRM1,GC,NTRK1,TYK2,NR1H3,ABCB1"
HPO,HP:0004325,Decreased body weight,22,1274,2.72e-05,0.0037,"CSNK2A1,CYP27B1,CHRM3,SIGMAR1,CA2,PPARG,F2,HSD11B2,MET,DYRK1A,PDE4D,NR3C2,CYP17A1,ABL1,POLA1,RPS6KA3,JAK2,CYP19A1,FGFR1,JAK3,NR1H4,PTPN11"
HPO,HP:0000978,Bruising susceptibility,7,130,3.04e-05,0.004,"MAPK1,F2,PLAU,F10,JAK2,NTRK1,PTPN11"
HPO,HP:0200039,Pustule,4,24,3.01e-05,0.004,"EGFR,ADAM17,CTSB,JAK3"
HPO,EFO:0005127,Cancer biomarker measurement,11,365,3.31e-05,0.0043,"CHRM3,PPARG,ESR2,PDE4D,SREBF2,PTPN1,JAK2,OPRM1,ESR1,NR1H3,NR1H2"
HPO,HP:0032180,Abnormal circulating metabolite concentration,19,1010,3.34e-05,0.0043,"CYP27B1,NR3C1,KCNH2,SLC6A3,PPARG,CYP11B1,GLUL,F2,PLG,HSD11B2,MET,PDE4D,NR3C2,CYP17A1,AR,G6PD,CYP19A1,FGFR1,NR1H4"
HPO,HP:0000142,Abnormal vagina morphology,6,90,3.71e-05,0.0047,"CHRM3,CYP11B1,CYP17A1,AR,JAK3,SRD5A2"
HPO,HP:0002664,Neoplasm,16,763,4.25e-05,0.0053,"STS,FLT3,KDR,BCHE,EGFR,CYP11B1,F2,MET,ESR2,ABL1,AR,JAK2,FGFR1,ESR1,NTRK1,PTPN11"
HPO,EFO:0004582,Liver enzyme measurement,20,1124,4.39e-05,0.0054,"CTSD,RORA,BCHE,PPARG,FABP1,UGT2B7,PPARD,MET,RORC,SERPINA6,CTSB,NR3C2,PDE3A,ALOX5,GABBR1,CYP19A1,PPARA,NR1H4,ABCB1,PTPN11"
HPO,HP:0005930,Abnormal epiphysis morphology,9,247,4.34e-05,0.0054,"CYP27B1,CA2,PDE4D,PDE3A,PIK3CD,RPS6KA3,CYP19A1,ESR1,PTPN11"
HPO,HP:0000130,Abnormality of the uterus,8,195,5.26e-05,0.0062,"CHRM3,CYP11B1,PLG,CYP17A1,AR,RPS6KA3,FGFR1,ESR1"
HPO,HP:0002615,Hypotension,6,96,5.22e-05,0.0062,"ACE,MET,SERPINA6,PDE4D,NR3C2,NTRK1"
HPO,HP:0011843,Abnormal musculoskeletal physiology,22,1330,5.14e-05,0.0062,"MAPK1,CSNK2A1,CYP27B1,SIGMAR1,CA2,PPARG,CYP11B1,GLUL,F2,MET,DYRK1A,PDE4D,HSD11B1,CYP17A1,ABL1,POLA1,RPS6KA3,CYP19A1,FGFR1,ESR1,NTRK1,PTPN11"
HPO,HP:0005616,Accelerated skeletal maturation,5,58,5.4e-05,0.0063,"PPARG,CYP11B1,PDE4D,HSD11B1,CYP19A1"
HPO,HP:0001507,Growth abnormality,30,2182,5.82e-05,0.0066,"MAPK1,CSNK2A1,CYP27B1,CHRM3,SIGMAR1,CA2,PPARG,CYP11B1,F2,PRKDC,HSD11B2,MET,DYRK1A,PDE4D,NR3C2,PDE3A,HSD11B1,CYP17A1,ABL1,AR,POLA1,RPS6KA3,JAK2,CYP19A1,FGFR1,ESR1,NTRK1,JAK3,NR1H4,PTPN11"
HPO,HP:0002011,Morphological central nervous system abnormality,32,2416,6.32e-05,0.0071,"MAPK1,CSNK2A1,NR3C1,CTSD,RORA,SLC6A3,SIGMAR1,CA2,ACE,CYP11B1,GLUL,F2,PLG,PRKDC,HSD11B2,PDE2A,DYRK1A,PDE4D,PDE3A,CYP17A1,AR,F10,PIK3CD,POLA1,RPS6KA3,JAK2,FGFR1,ESR1,JAK3,ABCB1,PTPN11,CYP2D6"
HPO,EFO:0004611,Low density lipoprotein cholesterol measurement,14,624,6.57e-05,0.0073,"RORA,PPARG,HMGCR,NPC1L1,UGT2B7,BACE1,NR1I2,TOP1,AR,SHBG,JAK2,PPARA,NR1H4,PTPN11"
HPO,HP:0000141,Amenorrhea,7,148,6.68e-05,0.0073,"PPARG,F2,CYP17A1,AR,CYP19A1,FGFR1,ESR1"
HPO,HP:0000786,Primary amenorrhea,6,100,6.48e-05,0.0073,"PPARG,CYP17A1,AR,CYP19A1,FGFR1,ESR1"
HPO,HP:0008684,Aplasia/hypoplasia of the uterus,5,61,6.76e-05,0.0074,"CYP11B1,CYP17A1,AR,FGFR1,ESR1"
HPO,EFO:0004697,Estradiol measurement,4,31,7.43e-05,0.008,"UGT2B7,AR,SHBG,CYP19A1"
HPO,HP:0001061,Acne,4,33,9.28e-05,0.0098,"NR3C1,CYP11B1,AR,ESR1"
HPO,HP:0033127,Abnormality of the musculoskeletal system,38,3173,9.33e-05,0.0098,"MAPK1,CSNK2A1,CYP27B1,CTSD,CHRM3,RORA,SLC6A3,SIGMAR1,CA2,PPARG,ACE,CYP11B1,GLUL,F2,PLG,PRKDC,MET,PDE2A,DYRK1A,SERPINA6,PDE4D,PDE3A,HSD11B1,CYP17A1,ABL1,PLAU,AR,F10,PIK3CD,POLA1,RPS6KA3,JAK2,CYP19A1,TBXAS1,FGFR1,ESR1,NTRK1,PTPN11"
HPO,HP:0000924,Abnormality of the skeletal system,34,2708,0.0001,0.0104,"MAPK1,CSNK2A1,CYP27B1,CTSD,CHRM3,SIGMAR1,CA2,PPARG,ACE,CYP11B1,GLUL,F2,PLG,PRKDC,MET,PDE2A,DYRK1A,PDE4D,PDE3A,HSD11B1,CYP17A1,ABL1,PLAU,AR,F10,PIK3CD,POLA1,RPS6KA3,CYP19A1,TBXAS1,FGFR1,ESR1,NTRK1,PTPN11"
HPO,HP:0001948,Alkalosis,4,34,0.0001,0.0106,"NR3C1,HSD11B2,MET,CYP17A1"
HPO,HP:0010936,Abnormality of the lower urinary tract,14,652,0.0001,0.0106,"CHRM3,SIGMAR1,CACNA1H,DYRK1A,PDE4D,CYP17A1,ABL1,AR,HSD17B3,POLA1,RPS6KA3,FGFR1,SRD5A2,PTPN11"
HPO,EFO:0004612,High density lipoprotein cholesterol measurement,15,740,0.00011,0.0109,"FLT3,RORA,PPARG,CDC25A,F2,BACE1,NR1I2,ESR2,PDE4D,PDE3A,JAK2,OPRM1,HTR2A,NR1H3,PTPN11"
HPO,HP:0000033,"Ambiguous genitalia, male",3,12,0.00011,0.0113,"CYP17A1,AR,SRD5A2"
HPO,HP:0004323,Abnormality of body weight,23,1513,0.00012,0.0119,"CSNK2A1,CYP27B1,CHRM3,SIGMAR1,CA2,PPARG,F2,HSD11B2,MET,DYRK1A,PDE4D,NR3C2,HSD11B1,CYP17A1,ABL1,POLA1,RPS6KA3,JAK2,CYP19A1,FGFR1,JAK3,NR1H4,PTPN11"
HPO,HP:0000789,Infertility,7,167,0.00014,0.0136,"NR3C1,F2,CYP17A1,AR,HSD17B3,CYP19A1,PTPN11"
HPO,EFO:0004872,Inflammatory biomarker measurement,20,1226,0.00014,0.0138,"MAPK1,CYP27B1,FLT3,CHRM3,RORA,PPARG,PLG,PTPN2,BACE1,NR1I2,DYRK1A,CTSB,PDE3A,PTPN1,JAK2,IL6,GC,NR1H4,NR1H3,PTPN11"
HPO,HP:0000271,Abnormality of the face,33,2641,0.00014,0.014,"MAPK1,CSNK2A1,CYP27B1,CTSD,CHRM3,SLC6A3,EGFR,CA2,PPARG,ACE,CYP11B1,GLUL,F2,PLG,ADAM17,PRKDC,PDE2A,DYRK1A,PDE4D,ABL1,PLAU,AR,HSD17B3,F10,PIK3CD,POLA1,RPS6KA3,JAK2,TBXAS1,FGFR1,NTRK1,JAK3,PTPN11"
HPO,HP:0002653,Bone pain,5,73,0.00015,0.0144,"CYP27B1,CA2,MET,CYP19A1,PTPN11"
HPO,HP:0000956,Acanthosis nigricans,4,38,0.00015,0.0146,"PPARG,HSD11B1,CYP19A1,ESR1"
HPO,HP:0011362,Abnormal hair quantity,14,682,0.00016,0.0155,"MAPK1,CSNK2A1,CYP27B1,NR3C1,PPARG,CYP11B1,F2,CYP17A1,AR,PIK3CD,CYP19A1,FGFR1,NTRK1,PTPN11"
HPO,HP:0012639,Abnormal nervous system morphology,32,2546,0.00017,0.0158,"MAPK1,CSNK2A1,NR3C1,CTSD,RORA,SLC6A3,SIGMAR1,CA2,ACE,CYP11B1,GLUL,F2,PLG,PRKDC,HSD11B2,PDE2A,DYRK1A,PDE4D,PDE3A,CYP17A1,AR,F10,PIK3CD,POLA1,RPS6KA3,JAK2,FGFR1,ESR1,NTRK1,JAK3,PTPN11,CYP2D6"
HPO,HP:0008187,Absence of secondary sex characteristics,4,40,0.00018,0.0171,"CYP17A1,POLA1,FGFR1,ESR1"
HPO,HP:0012638,Abnormal nervous system physiology,37,3154,0.00018,0.0171,"MAPK1,CSNK2A1,STS,CYP27B1,NR3C1,CTSD,CHRM3,RORA,KCNH2,BCHE,SLC6A3,SIGMAR1,CA2,PPARG,CYP11B1,GLUL,F2,PRKDC,HSD11B2,MET,CACNA1H,PDE2A,DYRK1A,PDE4D,TOP1,CYP17A1,ABL1,AR,PIK3CD,POLA1,RPS6KA3,JAK2,TBXAS1,FGFR1,NTRK1,PTPN11,CYP2D6"
HPO,HP:0011014,Abnormal glucose homeostasis,12,527,0.0002,0.018,"NR3C1,PPARG,F2,MET,PDE4D,HSD11B1,AR,POLA1,CYP19A1,FGFR1,ESR1,NR1H4"
HPO,HP:0000037,Male pseudohermaphroditism,4,41,0.0002,0.0182,"CYP17A1,AR,HSD17B3,AKR1C2"
HPO,HP:0000421,Epistaxis,5,78,0.0002,0.0182,"CYP11B1,F2,PLAU,F10,JAK2"
HPO,HP:0008730,"Female external genitalia in individual with 46,XY karyotype",3,15,0.0002,0.0182,"CYP17A1,AR,HSD17B3"
HPO,HP:0011842,Abnormal skeletal morphology,32,2573,0.0002,0.0182,"MAPK1,CSNK2A1,CYP27B1,CTSD,CHRM3,SIGMAR1,CA2,PPARG,ACE,GLUL,F2,PLG,PRKDC,MET,PDE2A,DYRK1A,PDE4D,PDE3A,CYP17A1,ABL1,PLAU,AR,F10,PIK3CD,POLA1,RPS6KA3,CYP19A1,TBXAS1,FGFR1,ESR1,NTRK1,PTPN11"
HPO,HP:0100603,Toxemia of pregnancy,3,15,0.0002,0.0182,"PPARG,CYP11B1,NR3C2"
HPO,HP:0000055,Abnormality of female external genitalia,6,125,0.00021,0.0183,"NR3C1,PPARG,CYP11B1,PDE4D,AR,CYP19A1"
HPO,HP:0000013,Hypoplasia of the uterus,4,42,0.00022,0.0191,"CYP11B1,CYP17A1,FGFR1,ESR1"
HPO,HP:0100779,Urogenital sinus anomaly,3,16,0.00024,0.0204,"CHRM3,AR,SRD5A2"
HPO,HP:0011131,Perianal dermatitis,2,2,0.00025,0.0211,"EGFR,ADAM17"
HPO,HP:0012443,Abnormality of brain morphology,29,2254,0.00025,0.0211,"MAPK1,CSNK2A1,NR3C1,CTSD,RORA,SIGMAR1,CA2,ACE,CYP11B1,GLUL,F2,PLG,PRKDC,HSD11B2,PDE2A,DYRK1A,PDE4D,PDE3A,CYP17A1,AR,F10,PIK3CD,POLA1,RPS6KA3,JAK2,FGFR1,ESR1,ABCB1,CYP2D6"
HPO,HP:0032330,Increased urinary 11-deoxycorticosterone level,2,2,0.00025,0.0211,"CYP11B1,CYP17A1"
HPO,HP:0040314,Blind vagina,2,2,0.00025,0.0211,"CYP17A1,AR"
HPO,HP:0100038,Slow-growing scalp hair,2,2,0.00025,0.0211,"EGFR,ADAM17"
HPO,HP:0410017,Otitis externa,2,2,0.00025,0.0211,"EGFR,ADAM17"
HPO,HP:0004437,Cranial hyperostosis,4,44,0.00026,0.0213,"CA2,RPS6KA3,TBXAS1,FGFR1"
HPO,HP:0008675,Enlarged polycystic ovaries,3,17,0.00028,0.0226,"CYP17A1,CYP19A1,ESR1"
HPO,HP:0000234,Abnormality of the head,34,2865,0.0003,0.0238,"MAPK1,CSNK2A1,CYP27B1,CTSD,CHRM3,SLC6A3,EGFR,SIGMAR1,CA2,PPARG,ACE,CYP11B1,GLUL,F2,PLG,ADAM17,PRKDC,PDE2A,DYRK1A,PDE4D,ABL1,PLAU,AR,HSD17B3,F10,PIK3CD,POLA1,RPS6KA3,JAK2,TBXAS1,FGFR1,NTRK1,JAK3,PTPN11"
HPO,HP:0011731,Abnormality of circulating cortisol level,4,46,0.0003,0.0242,"NR3C1,CYP11B1,HSD11B2,CYP17A1"
HPO,HP:0011793,Neoplasm by anatomical site,14,732,0.00033,0.0261,"FLT3,KDR,EGFR,CYP11B1,F2,MET,ESR2,ABL1,AR,JAK2,FGFR1,ESR1,NTRK1,PTPN11"
HPO,HP:0005261,Joint hemorrhage,3,19,0.00037,0.0286,"F2,PLAU,F10"
HPO,HP:0001531,Failure to thrive in infancy,5,91,0.0004,0.0304,"DYRK1A,POLA1,FGFR1,JAK3,PTPN11"
HPO,HP:0025015,Abnormal vascular morphology,17,1027,0.0004,0.0304,"NR3C1,CHRM3,PPARG,CYP11B1,F2,HSD11B2,MET,DYRK1A,PDE3A,ABL1,F10,PIK3CD,POLA1,JAK2,FGFR1,ESR1,PTPN11"
HPO,HP:0000051,Perineal hypospadias,2,3,0.00041,0.0309,"AR,SRD5A2"
HPO,HP:0008396,Chronic monilial nail infection,2,3,0.00041,0.0309,"EGFR,ADAM17"
HPO,HP:0012719,Functional abnormality of the gastrointestinal tract,15,840,0.00041,0.0309,"MAPK1,SLC6A3,EGFR,SIGMAR1,F2,ADAM17,DYRK1A,AR,F10,PIK3CD,POLA1,JAK2,FGFR1,NTRK1,JAK3"
HPO,HP:0032101,Unusual infection,14,748,0.00041,0.0309,"MAPK1,CHRM3,BCHE,EGFR,GLUL,PLG,ADAM17,PRKDC,DYRK1A,PIK3CD,POLA1,NTRK1,TYK2,JAK3"
HPO,HP:0008221,Adrenal hyperplasia,3,20,0.00042,0.0313,"NR3C1,CYP11B1,CYP17A1"
HPO,HP:0100763,Abnormality of the lymphatic system,12,576,0.00043,0.0317,"CA2,PPARG,F2,RORC,ABL1,PIK3CD,JAK2,G6PD,TBXAS1,FGFR1,JAK3,PTPN11"
HPO,EFO:0004735,Serum alanine aminotransferase measurement,9,342,0.00046,0.0338,"RORA,PPARG,FABP1,MET,SERPINA6,ALOX5,GABBR1,ABCB1,PTPN11"
HPO,HP:0000135,Hypogonadism,9,343,0.00047,0.0341,"F2,PDE4D,CYP17A1,AR,HSD17B3,POLA1,CYP19A1,FGFR1,PTPN11"
HPO,HP:0000837,Increased circulating gonadotropin level,4,52,0.00047,0.0341,"CYP17A1,AR,POLA1,ESR1"
HPO,HP:0011844,Abnormal appendicular skeleton morphology,22,1557,0.00047,0.0341,"MAPK1,CSNK2A1,CYP27B1,CHRM3,SIGMAR1,CA2,F2,PRKDC,MET,DYRK1A,PDE4D,PDE3A,ABL1,PIK3CD,POLA1,RPS6KA3,CYP19A1,TBXAS1,FGFR1,ESR1,NTRK1,PTPN11"
HPO,HP:0030846,Abnormality of venous physiology,3,21,0.00048,0.0344,"F2,MET,JAK2"
HPO,EFO:0000719,Temporal measurement,20,1351,0.00049,0.0348,"CYP51A1,FLT3,RORA,KCNH2,EGFR,PPARG,UGT2B7,ADAM17,DYRK1A,PTGES,PDE4D,NR3C2,PDE3A,PTPN1,AKR1C3,JAK2,CYP19A1,IL6,ABCB1,PTPN11"
HPO,HP:0001508,Failure to thrive,16,949,0.00049,0.0348,"CSNK2A1,CYP27B1,CHRM3,CA2,PPARG,HSD11B2,DYRK1A,PDE4D,NR3C2,CYP17A1,ABL1,POLA1,FGFR1,JAK3,NR1H4,PTPN11"
HPO,HP:0000752,Hyperactivity,10,423,0.00051,0.0354,"MAPK1,CSNK2A1,STS,CACNA1H,DYRK1A,PDE4D,POLA1,RPS6KA3,FGFR1,NTRK1"
HPO,HP:0001743,Abnormality of the spleen,11,503,0.00051,0.0354,"CA2,PPARG,F2,ABL1,PIK3CD,JAK2,G6PD,TBXAS1,FGFR1,JAK3,PTPN11"
HPO,HP:0030680,Abnormality of cardiovascular system morphology,23,1680,0.00053,0.0367,"MAPK1,CSNK2A1,NR3C1,CHRM3,EGFR,PPARG,CYP11B1,F2,ADAM17,HSD11B2,MET,DYRK1A,PDE3A,ABL1,F10,PIK3CD,POLA1,RPS6KA3,JAK2,FGFR1,ESR1,ABCB1,PTPN11"
HPO,HP:0003765,Psoriasiform dermatitis,3,22,0.00054,0.0373,"EGFR,ADAM17,PIK3CD"
HPO,HP:0040064,Abnormality of limbs,26,2018,0.00055,0.0375,"MAPK1,CSNK2A1,CYP27B1,CHRM3,SLC6A3,SIGMAR1,CA2,PPARG,GLUL,F2,PRKDC,MET,DYRK1A,PDE4D,CTSB,PDE3A,ABL1,AR,PIK3CD,POLA1,RPS6KA3,CYP19A1,TBXAS1,FGFR1,NTRK1,PTPN11"
HPO,HP:0001711,Abnormal left ventricle morphology,5,100,0.0006,0.0405,"EGFR,ADAM17,HSD11B2,FGFR1,PTPN11"
HPO,HP:0000840,Adrenogenital syndrome,2,4,0.00061,0.0411,"CYP11B1,CYP17A1"
HPO,HP:0001952,Glucose intolerance,9,357,0.00063,0.0411,"PPARG,F2,MET,PDE4D,AR,POLA1,CYP19A1,FGFR1,ESR1"
HPO,HP:0002555,Absent pubic hair,2,4,0.00061,0.0411,"CYP17A1,AR"
HPO,HP:0002865,Medullary thyroid carcinoma,2,4,0.00061,0.0411,"ESR2,NTRK1"
HPO,HP:0007018,Attention deficit hyperactivity disorder,8,284,0.00063,0.0411,"MAPK1,CSNK2A1,STS,CACNA1H,DYRK1A,POLA1,RPS6KA3,FGFR1"
HPO,HP:0010463,Aplasia of the ovary,2,4,0.00061,0.0411,"AR,PTPN11"
HPO,HP:0040181,Chapped lip,2,4,0.00061,0.0411,"EGFR,ADAM17"
HPO,HP:0000054,Micropenis,7,217,0.00064,0.0413,"PRKDC,DYRK1A,CYP17A1,AR,FGFR1,SRD5A2,PTPN11"
HPO,HP:0011024,Abnormality of the gastrointestinal tract,20,1384,0.00067,0.043,"MAPK1,CHRM3,SLC6A3,EGFR,SIGMAR1,F2,PLG,ADAM17,MET,DYRK1A,ABL1,AR,F10,PIK3CD,POLA1,RPS6KA3,JAK2,FGFR1,NTRK1,JAK3"
HPO,HP:0000047,Hypospadias,8,290,0.00071,0.0458,"DYRK1A,PDE4D,CYP17A1,ABL1,AR,FGFR1,SRD5A2,PTPN11"
HPO,HP:0003256,Abnormality of the coagulation cascade,5,105,0.00074,0.047,"F2,PLG,F10,NR1H4,PTPN11"
HPO,HP:0040171,Decreased serum testosterone concentration,4,59,0.00074,0.047,"F2,CYP17A1,POLA1,FGFR1"
HPO,EFO:0006848,Mental or behavioural disorder biomarker,22,1615,0.00076,0.048,"CHRM3,RORA,ACE,CDC25A,RORC,ESR2,NR3C2,PDE3A,DRD2,CYP17A1,HSD17B3,GABBR1,PIK3CD,DRD3,CYP19A1,PPARA,TBXAS1,OPRM1,ESR1,GC,EPHX2,NR1H3"
HPO,HP:0000303,Mandibular prognathia,6,161,0.00076,0.048,"CA2,PPARG,PDE4D,RPS6KA3,FGFR1,PTPN11"
HPO,HP:0002088,Abnormal lung morphology,15,893,0.00077,0.048,"CHRM3,EGFR,ACE,GLUL,F2,PLG,PRKDC,ABL1,PIK3CD,POLA1,FGFR1,NTRK1,TYK2,JAK3,PTPN11"
HPO,HP:0045058,Abnormality of the testis size,6,161,0.00076,0.048,"CHRM3,CYP11B1,CYP17A1,POLA1,CYP19A1,FGFR1"
HPO,HP:0200114,Metabolic alkalosis,3,25,0.00077,0.048,"NR3C1,HSD11B2,MET"
NetworkNeighborAL,CL:9386,"Steroid hormone biosynthesis, and Oxidation by cytochrome P450",18,129,2.99e-18,1.04e-14,"CYP51A1,STS,HSD17B1,SRD5A1,SIGMAR1,CYP11B1,UGT2B7,HSD11B2,HSD11B1,CYP17A1,HSD17B3,AKR1C3,AKR1C2,AKR1C1,CYP19A1,SRD5A2,CYP2D6,CES2"
NetworkNeighborAL,CL:9388,"Steroid hormone biosynthesis, and Arachidonic acid monooxygenase activity",15,71,8.99e-18,1.04e-14,"HSD17B1,SRD5A1,CYP11B1,UGT2B7,HSD11B2,HSD11B1,CYP17A1,HSD17B3,AKR1C3,AKR1C2,AKR1C1,CYP19A1,SRD5A2,CYP2D6,CES2"
NetworkNeighborAL,CL:9484,"Glucocorticoid biosynthesis, and Androgen biosynthetic process",12,23,2.28e-18,1.04e-14,"HSD17B1,SRD5A1,CYP11B1,HSD11B2,HSD11B1,CYP17A1,HSD17B3,AKR1C3,AKR1C2,AKR1C1,CYP19A1,SRD5A2"
NetworkNeighborAL,CL:9485,"Androgen biosynthetic process, and 17-beta-hydroxysteroid dehydrogenase (NAD+) activity",10,18,1.05e-15,7.98e-13,"HSD17B1,SRD5A1,CYP11B1,CYP17A1,HSD17B3,AKR1C3,AKR1C2,AKR1C1,CYP19A1,SRD5A2"
NetworkNeighborAL,CL:9487,"Androgen biosynthetic process, and Phenanthrene 9,10-monooxygenase activity",9,13,6.79e-15,4.43e-12,"SRD5A1,CYP11B1,CYP17A1,HSD17B3,AKR1C3,AKR1C2,AKR1C1,CYP19A1,SRD5A2"
NetworkNeighborAL,CL:9987,"Regulation of lipid storage, and PPAR signaling pathway",10,47,2.94e-12,1.68e-09,"FABP4,PPARG,HMGCR,NPC1L1,FABP1,PPARD,SREBF2,PPARA,NR1H3,NR1H2"
NetworkNeighborAL,CL:9988,"Mixed, incl. Regulation of cholesterol storage, and Carnitine metabolism",9,35,8.58e-12,4.36e-09,"PPARG,HMGCR,NPC1L1,FABP1,PPARD,SREBF2,PPARA,NR1H3,NR1H2"
NetworkNeighborAL,CL:9989,"Regulation of cholesterol storage, and Cellular response to sterol depletion",8,23,1.68e-11,7.71e-09,"PPARG,HMGCR,NPC1L1,PPARD,SREBF2,PPARA,NR1H3,NR1H2"
NetworkNeighborAL,CL:10403,"Arachidonic acid metabolism, and Leukotriene receptor activity",8,34,2.37e-10,9.05e-08,"CYP2C9,PTGES,PTGS1,PTGS2,CYP2C19,ALOX5,TBXAS1,EPHX2"
NetworkNeighborAL,CL:20825,"Mixed, incl. Steroid-binding, and Steroid receptor coactivator",6,19,1.03e-08,3.14e-06,"NR3C1,PGR,ESR2,NR3C2,AR,ESR1"
NetworkNeighborAL,CL:10013,"Negative regulation of cholesterol storage, and Retinoid X receptor/HNF4",5,11,4.28e-08,1.22e-05,"PPARG,PPARD,PPARA,NR1H3,NR1H2"
NetworkNeighborAL,CL:17327,"Mixed, incl. Constitutive Signaling by Aberrant PI3K in Cancer, and Tyrosine-protein kinase, catalytic domain",10,154,1.12e-07,2.84e-05,"FLT3,KDR,EGFR,MET,PTPN1,PIK3CD,FGFR1,PIK3CG,NTRK1,PTPN11"
NetworkNeighborAL,CL:9503,"Phenanthrene 9,10-monooxygenase activity, and Cholestenone 5-alpha-reductase activity",4,5,2.04e-07,4.68e-05,"SRD5A1,AKR1C3,AKR1C2,AKR1C1"
NetworkNeighborAL,CL:17328,"Mixed, incl. Constitutive Signaling by Aberrant PI3K in Cancer, and FCERI mediated Ca+2 mobilization",9,133,3.56e-07,7.08e-05,"FLT3,KDR,EGFR,MET,PTPN1,PIK3CD,FGFR1,PIK3CG,PTPN11"
NetworkNeighborAL,CL:10404,"Prostaglandin metabolism, and Leukotriene receptor activity",5,19,3.99e-07,7.61e-05,"PTGES,PTGS1,PTGS2,ALOX5,TBXAS1"
NetworkNeighborAL,CL:23585,"Amine binding, and Neurotransmitter disorders",5,23,9.04e-07,0.00016,"SLC6A4,SLC6A3,DRD2,DRD3,HTR2A"
NetworkNeighborAL,CL:23578,"Mixed, incl. Synaptic transmission, cholinergic, and Monoamine GPCRs",7,83,1.9e-06,0.00031,"SLC6A4,BCHE,SLC6A3,ACHE,DRD2,DRD3,HTR2A"
NetworkNeighborAL,CL:10405,Prostaglandin metabolism,4,11,2.14e-06,0.00034,"PTGES,PTGS1,PTGS2,TBXAS1"
NetworkNeighborAL,CL:20715,"Mixed, incl. Transcription coregulator binding, and Activation of the TFAP2 (AP-2) family of transcription factors",7,104,7.71e-06,0.0011,"NR3C1,PGR,ESR2,NR3C2,ABL1,AR,ESR1"
NetworkNeighborAL,CL:10409,Prostaglandin biosynthesis,3,5,1.44e-05,0.002,"PTGES,PTGS1,PTGS2"
NetworkNeighborAL,CL:9491,"Cholesterol dehydrogenase activity, and Congenital adrenal hyperplasia",3,5,1.44e-05,0.002,"CYP11B1,CYP17A1,HSD17B3"
NetworkNeighborAL,CL:10015,"NR1H2 & NR1H3 regulate gene expression to limit cholesterol uptake, and Cellular response to vitamin E",3,6,2.15e-05,0.0028,"PPARG,NR1H3,NR1H2"
NetworkNeighborAL,CL:20851,"Mixed, incl. Post-traumatic stress disorder, and Myoma",3,6,2.15e-05,0.0028,"NR3C1,PGR,NR3C2"
NetworkNeighborAL,CL:10444,"Omega-hydroxylase P450 pathway, and Lipoxygenase",3,11,9.08e-05,0.0107,"CYP2C9,CYP2C19,EPHX2"
NetworkNeighborAL,CL:17473,"Mixed, incl. Signaling by Erythropoietin, and Insulin receptor complex",4,33,9.28e-05,0.0107,"PTPN1,PIK3CD,PIK3CG,PTPN11"
NetworkNeighborAL,CL:20827,"Mixed, incl. Steroid receptor coactivator, and Nuclear estrogen receptor activity",3,11,9.08e-05,0.0107,"ESR2,AR,ESR1"
NetworkNeighborAL,CL:18728,"Complement and coagulation cascades, and Positive regulation of opsonization",6,109,0.0001,0.0111,"F2,PLG,SERPINA6,PLAU,F10,SHBG"
NetworkNeighborAL,CL:12701,"Reversible hydration of carbon dioxide, and Essential fructosuria",3,12,0.00011,0.0118,"CA2,CA9,CA1"
NetworkNeighborAL,CL:9990,"Cellular response to sterol depletion, and Vitellogenin, N-terminal",3,12,0.00011,0.0118,"HMGCR,NPC1L1,SREBF2"
NetworkNeighborAL,CL:10756,"Cyclic nucleotide metabolic process, and Protein kinase A binding",5,70,0.00012,0.0124,"SLC6A2,PDE2A,PDE4D,PDE3A,PDE7A"
NetworkNeighborAL,CL:17329,"Constitutive Signaling by Aberrant PI3K in Cancer, and VEGF ligand-receptor interactions",5,71,0.00013,0.0129,"FLT3,KDR,EGFR,MET,FGFR1"
NetworkNeighborAL,CL:17474,"Phosphatidylinositol 3-kinase complex, class I, and Insulin receptor complex",3,18,0.00032,0.0294,"PTPN1,PIK3CD,PIK3CG"
NetworkNeighborAL,CL:18731,"Hemostasis, and Dissolution of Fibrin Clot",4,50,0.00041,0.0359,"F2,PLG,PLAU,F10"
NetworkNeighborAL,CL:12196,"Mixed, incl. Xenobiotic transport, and Recycling of bile acids and salts",4,53,0.0005,0.0434,"NR1I2,GPBAR1,NR1H4,ABCB1"
